time,run_label,robot_x,robot_y,robot_z,goal_x,goal_y,goal_z,dist_to_goal,progress_along_goal_direction,min_dist_to_ped_so_far,current_min_dist_to_ped,collision_count,num_pedestrians,pedestrian_positions
0.000,"auto_default",0.0000,0.3920,0.0690,0.0000,0.2920,20.0660,19.9970,0.0030,-1,-1.0000,0,0,""
0.353,"auto_default",-0.0003,3.8920,0.1740,0.0000,0.2920,20.0660,19.8920,0.1080,34.5802,34.5802,0,30,"0:30.711|0.000|19.717;1:27.599|0.000|23.497;2:30.212|0.000|22.790;3:29.142|0.000|21.173;4:28.685|0.000|22.036;5:29.315|0.000|21.770;6:27.446|0.000|21.559;7:30.407|0.000|22.165;8:29.075|0.000|22.428;9:29.683|0.000|24.165;10:28.613|0.000|19.716;11:28.038|0.000|21.576;12:28.578|0.000|21.650;13:26.473|0.000|22.422;14:31.314|0.000|21.023;15:27.105|0.000|68.140;16:30.209|0.000|68.662;17:29.656|0.000|69.509;18:28.249|0.000|68.209;19:29.838|0.000|68.269;20:28.775|0.000|69.688;21:27.451|0.000|70.426;22:29.100|0.000|67.662;23:27.081|0.000|68.587;24:27.024|0.000|66.700;25:27.667|0.000|68.792;26:28.687|0.000|69.285;27:28.523|0.000|68.501;28:30.821|0.000|66.793;29:31.152|0.000|68.276"
0.458,"auto_default",-0.0004,4.2787,0.2040,0.0000,0.2920,20.0660,19.8620,0.1380,34.5609,34.5609,0,30,"0:30.711|0.000|19.717;1:27.599|0.000|23.497;2:30.212|0.000|22.790;3:29.142|0.000|21.173;4:28.685|0.000|22.036;5:29.315|0.000|21.770;6:27.446|0.000|21.559;7:30.407|0.000|22.165;8:29.075|0.000|22.428;9:29.683|0.000|24.165;10:28.613|0.000|19.716;11:28.038|0.000|21.576;12:28.578|0.000|21.650;13:26.473|0.000|22.422;14:31.314|0.000|21.023;15:27.105|0.000|68.140;16:30.209|0.000|68.662;17:29.656|0.000|69.509;18:28.249|0.000|68.209;19:29.838|0.000|68.269;20:28.775|0.000|69.688;21:27.451|0.000|70.426;22:29.100|0.000|67.662;23:27.081|0.000|68.587;24:27.024|0.000|66.700;25:27.667|0.000|68.792;26:28.687|0.000|69.285;27:28.523|0.000|68.501;28:30.821|0.000|66.793;29:31.152|0.000|68.276"
0.561,"auto_default",-0.0005,4.2787,0.2370,0.0000,0.2920,20.0660,19.8290,0.1710,34.5398,34.5398,0,30,"0:30.711|0.000|19.717;1:27.599|0.000|23.497;2:30.217|0.000|22.802;3:29.147|0.000|21.162;4:28.696|0.000|22.046;5:29.315|0.000|21.770;6:27.446|0.000|21.559;7:30.407|0.000|22.165;8:29.075|0.000|22.428;9:29.683|0.000|24.165;10:28.613|0.000|19.716;11:28.038|0.000|21.576;12:28.578|0.000|21.650;13:26.473|0.000|22.422;14:31.314|0.000|21.023;15:27.105|0.000|68.140;16:30.209|0.000|68.662;17:29.656|0.000|69.509;18:28.249|0.000|68.209;19:29.838|0.000|68.269;20:28.775|0.000|69.688;21:27.451|0.000|70.426;22:29.100|0.000|67.662;23:27.081|0.000|68.587;24:27.024|0.000|66.700;25:27.667|0.000|68.792;26:28.687|0.000|69.285;27:28.523|0.000|68.501;28:30.821|0.000|66.793;29:31.152|0.000|68.276"
0.676,"auto_default",-0.0006,4.2787,0.2701,0.0000,0.2920,20.0660,19.7959,0.2041,34.5187,34.5187,0,30,"0:30.710|0.000|19.721;1:27.599|0.000|23.497;2:30.216|0.000|22.804;3:29.148|0.000|21.162;4:28.695|0.000|22.047;5:29.316|0.000|21.770;6:27.446|0.000|21.559;7:30.407|0.000|22.165;8:29.075|0.000|22.428;9:29.683|0.000|24.165;10:28.613|0.000|19.716;11:28.038|0.000|21.576;12:28.578|0.000|21.650;13:26.473|0.000|22.422;14:31.314|0.000|21.023;15:27.105|0.000|68.140;16:30.209|0.000|68.662;17:29.656|0.000|69.509;18:28.249|0.000|68.209;19:29.838|0.000|68.269;20:28.775|0.000|69.688;21:27.451|0.000|70.426;22:29.100|0.000|67.662;23:27.081|0.000|68.587;24:27.024|0.000|66.700;25:27.667|0.000|68.792;26:28.687|0.000|69.285;27:28.523|0.000|68.501;28:30.821|0.000|66.793;29:31.152|0.000|68.276"
0.789,"auto_default",-0.0007,4.2787,0.3031,0.0000,0.2920,20.0660,19.7629,0.2371,34.4976,34.4976,0,30,"0:30.707|0.000|19.726;1:27.599|0.000|23.499;2:30.216|0.000|22.804;3:29.149|0.000|21.162;4:28.695|0.000|22.048;5:29.317|0.000|21.771;6:27.444|0.000|21.562;7:30.411|0.000|22.165;8:29.077|0.000|22.434;9:29.683|0.000|24.165;10:28.613|0.000|19.716;11:28.037|0.000|21.576;12:28.577|0.000|21.650;13:26.473|0.000|22.422;14:31.314|0.000|21.023;15:27.105|0.000|68.140;16:30.209|0.000|68.662;17:29.656|0.000|69.509;18:28.249|0.000|68.209;19:29.838|0.000|68.269;20:28.775|0.000|69.688;21:27.451|0.000|70.426;22:29.100|0.000|67.662;23:27.081|0.000|68.587;24:27.024|0.000|66.700;25:27.667|0.000|68.792;26:28.687|0.000|69.285;27:28.523|0.000|68.501;28:30.821|0.000|66.793;29:31.152|0.000|68.276"
0.896,"auto_default",-0.0008,4.2787,0.3361,0.0000,0.2920,20.0660,19.7299,0.2701,34.4789,34.4789,0,30,"0:30.704|0.000|19.730;1:27.599|0.000|23.500;2:30.216|0.000|22.811;3:29.157|0.000|21.157;4:28.697|0.000|22.058;5:29.321|0.000|21.776;6:27.436|0.000|21.571;7:30.426|0.000|22.162;8:29.085|0.000|22.453;9:29.683|0.000|24.165;10:28.613|0.000|19.716;11:28.022|0.000|21.575;12:28.565|0.000|21.649;13:26.475|0.000|22.423;14:31.310|0.000|21.024;15:27.105|0.000|68.140;16:30.210|0.000|68.664;17:29.657|0.000|69.509;18:28.248|0.000|68.209;19:29.838|0.000|68.269;20:28.775|0.000|69.688;21:27.451|0.000|70.426;22:29.100|0.000|67.662;23:27.081|0.000|68.587;24:27.024|0.000|66.700;25:27.667|0.000|68.792;26:28.687|0.000|69.285;27:28.523|0.000|68.501;28:30.821|0.000|66.793;29:31.152|0.000|68.276"
1.006,"auto_default",-0.0009,4.2787,0.3691,0.0000,0.2920,20.0660,19.6969,0.3031,34.4789,34.4792,0,30,"0:30.703|0.000|19.731;1:27.599|0.000|23.500;2:30.221|0.000|22.835;3:29.180|0.000|21.136;4:28.704|0.000|22.086;5:29.335|0.000|21.789;6:27.421|0.000|21.591;7:30.452|0.000|22.150;8:29.101|0.000|22.492;9:29.683|0.000|24.165;10:28.613|0.000|19.716;11:27.985|0.000|21.566;12:28.528|0.000|21.639;13:26.492|0.000|22.436;14:31.293|0.000|21.037;15:27.112|0.000|68.138;16:30.219|0.000|68.677;17:29.665|0.000|69.516;18:28.233|0.000|68.207;19:29.830|0.000|68.268;20:28.777|0.000|69.692;21:27.451|0.000|70.426;22:29.100|0.000|67.662;23:27.081|0.000|68.588;24:27.024|0.000|66.700;25:27.667|0.000|68.792;26:28.687|0.000|69.285;27:28.523|0.000|68.501;28:30.821|0.000|66.793;29:31.152|0.000|68.276"
1.106,"auto_default",-0.0010,4.2787,0.3991,0.0000,0.2920,20.0660,19.6669,0.3331,34.4789,34.4876,0,30,"0:30.703|0.000|19.731;1:27.599|0.000|23.500;2:30.232|0.000|22.877;3:29.199|0.000|21.100;4:28.719|0.000|22.120;5:29.356|0.000|21.805;6:27.402|0.000|21.618;7:30.473|0.000|22.129;8:29.117|0.000|22.543;9:29.683|0.000|24.167;10:28.611|0.000|19.720;11:27.930|0.000|21.545;12:28.473|0.000|21.615;13:26.515|0.000|22.451;14:31.271|0.000|21.058;15:27.134|0.000|68.128;16:30.246|0.000|68.699;17:29.689|0.000|69.534;18:28.198|0.000|68.197;19:29.805|0.000|68.263;20:28.786|0.000|69.705;21:27.451|0.000|70.426;22:29.100|0.000|67.662;23:27.080|0.000|68.597;24:27.024|0.000|66.700;25:27.669|0.000|68.795;26:28.684|0.000|69.284;27:28.523|0.000|68.502;28:30.821|0.000|66.793;29:31.152|0.000|68.276"
1.208,"auto_default",-0.0011,4.2787,0.4291,0.0000,0.2920,20.0660,19.6369,0.3631,34.4789,34.5072,0,30,"0:30.701|0.000|19.734;1:27.599|0.000|23.500;2:30.242|0.000|22.940;3:29.227|0.000|21.031;4:28.735|0.000|22.127;5:29.381|0.000|21.820;6:27.373|0.000|21.660;7:30.506|0.000|22.098;8:29.126|0.000|22.586;9:29.685|0.000|24.179;10:28.606|0.000|19.734;11:27.885|0.000|21.521;12:28.425|0.000|21.602;13:26.548|0.000|22.472;14:31.241|0.000|21.083;15:27.170|0.000|68.099;16:30.286|0.000|68.710;17:29.766|0.000|69.561;18:28.139|0.000|68.164;19:29.759|0.000|68.246;20:28.809|0.000|69.723;21:27.451|0.000|70.426;22:29.100|0.000|67.662;23:27.074|0.000|68.623;24:27.024|0.000|66.700;25:27.681|0.000|68.811;26:28.662|0.000|69.281;27:28.531|0.000|68.514;28:30.821|0.000|66.793;29:31.152|0.000|68.276"
1.308,"auto_default",-0.0012,4.2787,0.4591,0.0000,0.2920,20.0660,19.6069,0.3931,34.4789,34.5023,0,30,"0:30.697|0.000|19.743;1:27.601|0.000|23.508;2:30.238|0.000|22.986;3:29.245|0.000|20.975;4:28.731|0.000|22.142;5:29.419|0.000|21.834;6:27.346|0.000|21.703;7:30.532|0.000|22.070;8:29.135|0.000|22.629;9:29.693|0.000|24.205;10:28.599|0.000|19.757;11:27.870|0.000|21.478;12:28.404|0.000|21.597;13:26.584|0.000|22.499;14:31.209|0.000|21.108;15:27.197|0.000|68.052;16:30.301|0.000|68.709;17:29.785|0.000|69.530;18:28.086|0.000|68.122;19:29.699|0.000|68.221;20:28.842|0.000|69.733;21:27.452|0.000|70.426;22:29.100|0.000|67.662;23:27.057|0.000|68.660;24:27.024|0.000|66.700;25:27.703|0.000|68.825;26:28.622|0.000|69.268;27:28.550|0.000|68.532;28:30.821|0.000|66.793;29:31.152|0.000|68.276"
1.411,"auto_default",-0.0013,4.2787,0.4921,0.0000,0.2920,20.0660,19.5739,0.4261,34.4789,34.4884,0,30,"0:30.689|0.000|19.763;1:27.609|0.000|23.533;2:30.233|0.000|23.040;3:29.260|0.000|20.924;4:28.714|0.000|22.181;5:29.463|0.000|21.846;6:27.316|0.000|21.757;7:30.552|0.000|22.045;8:29.143|0.000|22.674;9:29.705|0.000|24.265;10:28.582|0.000|19.791;11:27.849|0.000|21.453;12:28.403|0.000|21.598;13:26.625|0.000|22.535;14:31.180|0.000|21.129;15:27.199|0.000|68.031;16:30.306|0.000|68.710;17:29.782|0.000|69.521;18:28.061|0.000|68.095;19:29.642|0.000|68.225;20:28.866|0.000|69.751;21:27.461|0.000|70.428;22:29.102|0.000|67.661;23:27.024|0.000|68.698;24:27.024|0.000|66.700;25:27.731|0.000|68.826;26:28.556|0.000|69.232;27:28.565|0.000|68.550;28:30.821|0.000|66.793;29:31.152|0.000|68.276"
1.520,"auto_default",-0.0014,4.2787,0.5251,0.0000,0.2920,20.0660,19.5409,0.4591,34.4690,34.4690,0,30,"0:30.679|0.000|19.793;1:27.628|0.000|23.591;2:30.229|0.000|23.098;3:29.270|0.000|20.879;4:28.696|0.000|22.222;5:29.509|0.000|21.856;6:27.293|0.000|21.808;7:30.604|0.000|22.013;8:29.151|0.000|22.723;9:29.703|0.000|24.319;10:28.561|0.000|19.821;11:27.825|0.000|21.423;12:28.412|0.000|21.600;13:26.674|0.000|22.592;14:31.148|0.000|21.147;15:27.219|0.000|67.967;16:30.315|0.000|68.713;17:29.781|0.000|69.521;18:28.040|0.000|68.065;19:29.648|0.000|68.256;20:28.890|0.000|69.767;21:27.513|0.000|70.421;22:29.122|0.000|67.648;23:26.994|0.000|68.711;24:27.024|0.000|66.700;25:27.731|0.000|68.821;26:28.537|0.000|69.306;27:28.621|0.000|68.566;28:30.821|0.000|66.793;29:31.153|0.000|68.276"
1.634,"auto_default",-0.0015,4.2787,0.5581,0.0000,0.2920,20.0660,19.5079,0.4921,34.4460,34.4460,0,30,"0:30.655|0.000|19.826;1:27.634|0.000|23.647;2:30.228|0.000|23.155;3:29.284|0.000|20.837;4:28.688|0.000|22.242;5:29.553|0.000|21.865;6:27.287|0.000|21.823;7:30.639|0.000|22.007;8:29.159|0.000|22.770;9:29.700|0.000|24.368;10:28.540|0.000|19.843;11:27.794|0.000|21.395;12:28.410|0.000|21.600;13:26.713|0.000|22.656;14:31.113|0.000|21.163;15:27.237|0.000|67.904;16:30.350|0.000|68.728;17:29.791|0.000|69.527;18:28.025|0.000|68.037;19:29.600|0.000|68.244;20:28.898|0.000|69.770;21:27.641|0.000|70.373;22:29.155|0.000|67.619;23:26.968|0.000|68.715;24:27.026|0.000|66.700;25:27.727|0.000|68.821;26:28.413|0.000|69.321;27:28.697|0.000|68.568;28:30.821|0.000|66.793;29:31.166|0.000|68.275"
1.747,"auto_default",-0.0016,4.2787,0.5911,0.0000,0.2920,20.0660,19.4749,0.5251,34.4225,34.4225,0,30,"0:30.633|0.000|19.852;1:27.636|0.000|23.692;2:30.230|0.000|23.218;3:29.316|0.000|20.781;4:28.682|0.000|22.273;5:29.588|0.000|21.866;6:27.285|0.000|21.849;7:30.653|0.000|22.030;8:29.165|0.000|22.818;9:29.695|0.000|24.419;10:28.520|0.000|19.864;11:27.752|0.000|21.357;12:28.410|0.000|21.600;13:26.720|0.000|22.687;14:31.082|0.000|21.175;15:27.246|0.000|67.856;16:30.351|0.000|68.737;17:29.803|0.000|69.537;18:28.021|0.000|68.009;19:29.542|0.000|68.125;20:28.905|0.000|69.784;21:27.590|0.000|70.336;22:29.165|0.000|67.604;23:26.933|0.000|68.719;24:27.031|0.000|66.698;25:27.713|0.000|68.830;26:28.392|0.000|69.227;27:28.782|0.000|68.538;28:30.821|0.000|66.793;29:31.208|0.000|68.256"
1.860,"auto_default",-0.0017,4.2787,0.6242,0.0000,0.2920,20.0660,19.4418,0.5582,34.3943,34.3943,0,30,"0:30.607|0.000|19.880;1:27.637|0.000|23.744;2:30.232|0.000|23.282;3:29.358|0.000|20.724;4:28.667|0.000|22.317;5:29.631|0.000|21.868;6:27.283|0.000|21.883;7:30.755|0.000|22.102;8:29.171|0.000|22.872;9:29.691|0.000|24.472;10:28.493|0.000|19.885;11:27.720|0.000|21.310;12:28.416|0.000|21.607;13:26.718|0.000|22.714;14:31.050|0.000|21.184;15:27.253|0.000|67.816;16:30.351|0.000|68.759;17:29.751|0.000|69.584;18:28.030|0.000|67.986;19:29.598|0.000|68.112;20:28.849|0.000|69.865;21:27.555|0.000|70.336;22:29.167|0.000|67.553;23:26.874|0.000|68.723;24:27.054|0.000|66.677;25:27.785|0.000|68.894;26:28.458|0.000|69.191;27:28.829|0.000|68.536;28:30.821|0.000|66.793;29:31.262|0.000|68.218"
1.970,"auto_default",-0.0018,4.2787,0.6572,0.0000,0.2920,20.0660,19.4088,0.5912,34.3670,34.3670,0,30,"0:30.583|0.000|19.904;1:27.639|0.000|23.796;2:30.238|0.000|23.344;3:29.399|0.000|20.679;4:28.653|0.000|22.359;5:29.675|0.000|21.872;6:27.280|0.000|21.922;7:30.794|0.000|22.157;8:29.178|0.000|22.925;9:29.688|0.000|24.520;10:28.471|0.000|19.902;11:27.705|0.000|21.264;12:28.438|0.000|21.623;13:26.714|0.000|22.747;14:31.017|0.000|21.191;15:27.261|0.000|67.775;16:30.374|0.000|68.774;17:29.789|0.000|69.592;18:28.039|0.000|67.967;19:29.572|0.000|68.111;20:28.908|0.000|69.911;21:27.553|0.000|70.339;22:29.158|0.000|67.523;23:26.861|0.000|68.734;24:27.096|0.000|66.606;25:27.854|0.000|68.932;26:28.495|0.000|69.196;27:28.862|0.000|68.519;28:30.820|0.000|66.793;29:31.341|0.000|68.141"
2.080,"auto_default",-0.0019,4.2787,0.6932,0.0000,0.2920,20.0660,19.3728,0.6272,34.3363,34.3363,0,30,"0:30.558|0.000|19.926;1:27.641|0.000|23.858;2:30.242|0.000|23.409;3:29.436|0.000|20.645;4:28.641|0.000|22.412;5:29.727|0.000|21.879;6:27.276|0.000|21.976;7:30.800|0.000|22.194;8:29.185|0.000|22.985;9:29.687|0.000|24.577;10:28.444|0.000|19.923;11:27.695|0.000|21.216;12:28.500|0.000|21.661;13:26.712|0.000|22.795;14:30.980|0.000|21.191;15:27.270|0.000|67.725;16:30.442|0.000|68.734;17:29.857|0.000|69.578;18:28.054|0.000|67.936;19:29.530|0.000|68.081;20:28.945|0.000|69.956;21:27.594|0.000|70.342;22:29.128|0.000|67.465;23:26.896|0.000|68.799;24:27.063|0.000|66.601;25:27.909|0.000|68.890;26:28.443|0.000|69.220;27:29.018|0.000|68.489;28:30.817|0.000|66.791;29:31.433|0.000|68.024"
2.188,"auto_default",-0.0020,4.2787,0.7232,0.0000,0.2920,20.0660,19.3428,0.6572,34.3081,34.3081,0,30,"0:30.538|0.000|19.944;1:27.642|0.000|23.911;2:30.245|0.000|23.461;3:29.459|0.000|20.627;4:28.631|0.000|22.459;5:29.768|0.000|21.890;6:27.273|0.000|22.022;7:30.797|0.000|22.223;8:29.189|0.000|23.035;9:29.686|0.000|24.625;10:28.420|0.000|19.939;11:27.686|0.000|21.175;12:28.554|0.000|21.685;13:26.711|0.000|22.839;14:30.947|0.000|21.190;15:27.278|0.000|67.683;16:30.482|0.000|68.703;17:29.900|0.000|69.574;18:28.074|0.000|67.907;19:29.569|0.000|68.185;20:28.966|0.000|69.990;21:27.647|0.000|70.324;22:29.149|0.000|67.276;23:26.852|0.000|68.794;24:27.059|0.000|66.602;25:27.890|0.000|68.828;26:28.406|0.000|69.231;27:29.049|0.000|68.488;28:30.808|0.000|66.786;29:31.457|0.000|67.986"
2.299,"auto_default",-0.0021,4.2787,0.7562,0.0000,0.2920,20.0660,19.3098,0.6902,34.2748,34.2748,0,30,"0:30.513|0.000|19.963;1:27.642|0.000|23.969;2:30.247|0.000|23.515;3:29.478|0.000|20.614;4:28.620|0.000|22.511;5:29.804|0.000|21.904;6:27.271|0.000|22.076;7:30.797|0.000|22.268;8:29.194|0.000|23.089;9:29.684|0.000|24.680;10:28.392|0.000|19.954;11:27.681|0.000|21.137;12:28.579|0.000|21.683;13:26.712|0.000|22.891;14:30.906|0.000|21.195;15:27.286|0.000|67.637;16:30.519|0.000|68.672;17:29.944|0.000|69.572;18:28.084|0.000|67.848;19:29.579|0.000|67.974;20:28.981|0.000|70.027;21:27.694|0.000|70.311;22:29.169|0.000|67.183;23:26.802|0.000|68.787;24:27.085|0.000|66.573;25:27.850|0.000|68.771;26:28.371|0.000|69.245;27:29.050|0.000|68.460;28:30.800|0.000|66.776;29:31.479|0.000|67.961"
2.405,"auto_default",-0.0022,4.2787,0.7892,0.0000,0.2920,20.0660,19.2768,0.7232,34.2412,34.2412,0,30,"0:30.488|0.000|19.980;1:27.643|0.000|24.023;2:30.247|0.000|23.565;3:29.490|0.000|20.606;4:28.609|0.000|22.554;5:29.830|0.000|21.917;6:27.267|0.000|22.129;7:30.797|0.000|22.319;8:29.200|0.000|23.141;9:29.684|0.000|24.734;10:28.362|0.000|19.970;11:27.679|0.000|21.115;12:28.601|0.000|21.671;13:26.713|0.000|22.942;14:30.861|0.000|21.202;15:27.297|0.000|67.598;16:30.553|0.000|68.639;17:29.988|0.000|69.570;18:28.138|0.000|67.683;19:29.591|0.000|67.891;20:28.994|0.000|70.059;21:27.735|0.000|70.306;22:29.185|0.000|67.129;23:26.754|0.000|68.780;24:27.126|0.000|66.515;25:27.788|0.000|68.591;26:28.338|0.000|69.267;27:29.062|0.000|68.431;28:30.786|0.000|66.763;29:31.508|0.000|67.916"
2.516,"auto_default",-0.0023,4.2787,0.8222,0.0000,0.2920,20.0660,19.2438,0.7562,34.2073,34.2073,0,30,"0:30.459|0.000|20.000;1:27.644|0.000|24.078;2:30.250|0.000|23.613;3:29.499|0.000|20.600;4:28.594|0.000|22.589;5:29.849|0.000|21.931;6:27.260|0.000|22.185;7:30.797|0.000|22.374;8:29.208|0.000|23.191;9:29.684|0.000|24.789;10:28.329|0.000|19.992;11:27.675|0.000|21.101;12:28.642|0.000|21.668;13:26.716|0.000|22.996;14:30.812|0.000|21.212;15:27.306|0.000|67.569;16:30.585|0.000|68.606;17:30.035|0.000|69.566;18:28.153|0.000|67.628;19:29.606|0.000|67.854;20:29.006|0.000|70.083;21:27.773|0.000|70.303;22:29.175|0.000|67.089;23:26.715|0.000|68.769;24:27.129|0.000|66.508;25:27.792|0.000|68.505;26:28.303|0.000|69.294;27:29.060|0.000|68.406;28:30.760|0.000|66.737;29:31.515|0.000|67.880"
2.624,"auto_default",-0.0024,4.2787,0.8552,0.0000,0.2920,20.0660,19.2108,0.7892,34.1729,34.1729,0,30,"0:30.429|0.000|20.024;1:27.645|0.000|24.130;2:30.255|0.000|23.654;3:29.504|0.000|20.597;4:28.576|0.000|22.618;5:29.862|0.000|21.942;6:27.249|0.000|22.248;7:30.796|0.000|22.428;8:29.220|0.000|23.241;9:29.684|0.000|24.841;10:28.294|0.000|20.015;11:27.668|0.000|21.088;12:28.689|0.000|21.671;13:26.721|0.000|23.044;14:30.767|0.000|21.223;15:27.313|0.000|67.549;16:30.615|0.000|68.573;17:30.084|0.000|69.563;18:28.170|0.000|67.591;19:29.625|0.000|67.822;20:29.022|0.000|70.103;21:27.810|0.000|70.300;22:29.173|0.000|67.028;23:26.687|0.000|68.758;24:27.130|0.000|66.489;25:27.794|0.000|68.454;26:28.275|0.000|69.318;27:29.052|0.000|68.382;28:30.730|0.000|66.703;29:31.498|0.000|67.884"
2.733,"auto_default",-0.0025,4.2787,0.8882,0.0000,0.2920,20.0660,19.1778,0.8222,34.1352,34.1352,0,30,"0:30.395|0.000|20.053;1:27.645|0.000|24.184;2:30.265|0.000|23.696;3:29.507|0.000|20.596;4:28.553|0.000|22.647;5:29.875|0.000|21.956;6:27.237|0.000|22.301;7:30.796|0.000|22.485;8:29.234|0.000|23.295;9:29.683|0.000|24.895;10:28.254|0.000|20.039;11:27.655|0.000|21.071;12:28.737|0.000|21.668;13:26.726|0.000|23.090;14:30.722|0.000|21.235;15:27.318|0.000|67.531;16:30.645|0.000|68.540;17:30.135|0.000|69.558;18:28.188|0.000|67.545;19:29.646|0.000|67.782;20:29.050|0.000|70.120;21:27.851|0.000|70.293;22:29.175|0.000|66.972;23:26.666|0.000|68.746;24:27.132|0.000|66.457;25:27.781|0.000|68.405;26:28.251|0.000|69.337;27:29.043|0.000|68.358;28:30.699|0.000|66.662;29:31.474|0.000|67.814"
2.837,"auto_default",-0.0026,4.2787,0.9182,0.0000,0.2920,20.0660,19.1478,0.8522,34.0995,34.0995,0,30,"0:30.364|0.000|20.080;1:27.646|0.000|24.231;2:30.276|0.000|23.736;3:29.511|0.000|20.594;4:28.532|0.000|22.672;5:29.884|0.000|21.967;6:27.233|0.000|22.322;7:30.796|0.000|22.536;8:29.246|0.000|23.338;9:29.682|0.000|24.943;10:28.217|0.000|20.060;11:27.642|0.000|21.064;12:28.780|0.000|21.663;13:26.728|0.000|23.134;14:30.687|0.000|21.247;15:27.322|0.000|67.517;16:30.669|0.000|68.511;17:30.179|0.000|69.553;18:28.203|0.000|67.501;19:29.666|0.000|67.745;20:29.086|0.000|70.130;21:27.890|0.000|70.286;22:29.177|0.000|66.924;23:26.650|0.000|68.736;24:27.137|0.000|66.421;25:27.770|0.000|68.360;26:28.237|0.000|69.346;27:29.031|0.000|68.337;28:30.672|0.000|66.620;29:31.457|0.000|67.754"
2.946,"auto_default",-0.0027,4.2787,0.9512,0.0000,0.2920,20.0660,19.1148,0.8852,34.0598,34.0598,0,30,"0:30.331|0.000|20.108;1:27.648|0.000|24.284;2:30.290|0.000|23.774;3:29.511|0.000|20.594;4:28.508|0.000|22.699;5:29.894|0.000|21.982;6:27.239|0.000|22.353;7:30.801|0.000|22.592;8:29.255|0.000|23.377;9:29.680|0.000|24.995;10:28.175|0.000|20.084;11:27.631|0.000|21.067;12:28.823|0.000|21.659;13:26.729|0.000|23.186;14:30.651|0.000|21.262;15:27.325|0.000|67.500;16:30.695|0.000|68.481;17:30.225|0.000|69.547;18:28.221|0.000|67.452;19:29.689|0.000|67.706;20:29.140|0.000|70.139;21:27.939|0.000|70.280;22:29.180|0.000|66.872;23:26.635|0.000|68.724;24:27.145|0.000|66.373;25:27.759|0.000|68.311;26:28.222|0.000|69.347;27:29.009|0.000|68.310;28:30.655|0.000|66.585;29:31.445|0.000|67.697"
3.046,"auto_default",28.2499,0.7402,36.6392,0.0000,0.2920,20.0660,32.7525,36.5732,11.6854,11.6854,0,30,"0:30.303|0.000|20.134;1:27.650|0.000|24.330;2:30.299|0.000|23.799;3:29.511|0.000|20.594;4:28.490|0.000|22.720;5:29.907|0.000|22.011;6:27.255|0.000|22.390;7:30.807|0.000|22.642;8:29.257|0.000|23.410;9:29.678|0.000|25.041;10:28.141|0.000|20.104;11:27.611|0.000|21.079;12:28.855|0.000|21.657;13:26.730|0.000|23.229;14:30.621|0.000|21.278;15:27.327|0.000|67.488;16:30.716|0.000|68.452;17:30.262|0.000|69.541;18:28.237|0.000|67.409;19:29.711|0.000|67.673;20:29.197|0.000|70.148;21:27.985|0.000|70.274;22:29.182|0.000|66.826;23:26.620|0.000|68.712;24:27.152|0.000|66.328;25:27.748|0.000|68.265;26:28.204|0.000|69.338;27:28.983|0.000|68.285;28:30.648|0.000|66.563;29:31.436|0.000|67.652"
3.149,"auto_default",28.2756,0.6470,36.6237,0.0000,0.2920,20.0660,32.7669,36.5577,11.6201,11.6201,0,30,"0:30.274|0.000|20.164;1:27.654|0.000|24.379;2:30.305|0.000|23.830;3:29.508|0.000|20.597;4:28.470|0.000|22.743;5:29.934|0.000|22.083;6:27.272|0.000|22.433;7:30.811|0.000|22.689;8:29.260|0.000|23.450;9:29.676|0.000|25.088;10:28.107|0.000|20.124;11:27.569|0.000|21.094;12:28.877|0.000|21.659;13:26.733|0.000|23.274;14:30.595|0.000|21.295;15:27.330|0.000|67.469;16:30.735|0.000|68.426;17:30.301|0.000|69.532;18:28.255|0.000|67.363;19:29.735|0.000|67.642;20:29.257|0.000|70.160;21:28.035|0.000|70.268;22:29.184|0.000|66.777;23:26.608|0.000|68.700;24:27.159|0.000|66.280;25:27.733|0.000|68.216;26:28.173|0.000|69.313;27:28.956|0.000|68.261;28:30.643|0.000|66.534;29:31.427|0.000|67.607"
3.249,"auto_default",28.3013,0.4557,36.6083,0.0000,0.2920,20.0660,32.7813,36.5423,11.5576,11.5576,0,30,"0:30.243|0.000|20.200;1:27.658|0.000|24.426;2:30.312|0.000|23.868;3:29.505|0.000|20.620;4:28.452|0.000|22.766;5:29.964|0.000|22.165;6:27.287|0.000|22.471;7:30.816|0.000|22.730;8:29.263|0.000|23.494;9:29.675|0.000|25.133;10:28.075|0.000|20.144;11:27.528|0.000|21.105;12:28.894|0.000|21.661;13:26.738|0.000|23.321;14:30.574|0.000|21.313;15:27.336|0.000|67.446;16:30.747|0.000|68.406;17:30.340|0.000|69.521;18:28.273|0.000|67.319;19:29.759|0.000|67.613;20:29.313|0.000|70.170;21:28.083|0.000|70.262;22:29.185|0.000|66.726;23:26.596|0.000|68.687;24:27.167|0.000|66.232;25:27.714|0.000|68.161;26:28.144|0.000|69.274;27:28.925|0.000|68.239;28:30.639|0.000|66.500;29:31.418|0.000|67.564"
3.352,"auto_default",28.3296,0.1320,36.5913,0.0000,0.2920,20.0660,32.7971,36.5253,11.4868,11.4868,0,30,"0:30.206|0.000|20.256;1:27.663|0.000|24.476;2:30.320|0.000|23.916;3:29.497|0.000|20.687;4:28.433|0.000|22.792;5:29.977|0.000|22.234;6:27.305|0.000|22.516;7:30.823|0.000|22.777;8:29.265|0.000|23.546;9:29.676|0.000|25.184;10:28.041|0.000|20.166;11:27.484|0.000|21.116;12:28.908|0.000|21.664;13:26.742|0.000|23.375;14:30.560|0.000|21.329;15:27.342|0.000|67.403;16:30.760|0.000|68.382;17:30.387|0.000|69.505;18:28.291|0.000|67.271;19:29.785|0.000|67.585;20:29.365|0.000|70.173;21:28.136|0.000|70.254;22:29.184|0.000|66.670;23:26.584|0.000|68.676;24:27.176|0.000|66.181;25:27.691|0.000|68.087;26:28.118|0.000|69.224;27:28.888|0.000|68.210;28:30.634|0.000|66.455;29:31.404|0.000|67.520"
3.464,"auto_default",28.3579,0.0400,36.5743,0.0000,0.2920,20.0660,32.8130,36.5083,11.4163,11.4163,0,30,"0:30.167|0.000|20.300;1:27.668|0.000|24.529;2:30.328|0.000|23.968;3:29.486|0.000|20.739;4:28.416|0.000|22.821;5:29.970|0.000|22.289;6:27.322|0.000|22.562;7:30.828|0.000|22.827;8:29.267|0.000|23.598;9:29.677|0.000|25.234;10:28.008|0.000|20.189;11:27.433|0.000|21.138;12:28.921|0.000|21.668;13:26.746|0.000|23.431;14:30.554|0.000|21.338;15:27.346|0.000|67.356;16:30.771|0.000|68.359;17:30.430|0.000|69.490;18:28.308|0.000|67.223;19:29.809|0.000|67.560;20:29.408|0.000|70.171;21:28.185|0.000|70.245;22:29.182|0.000|66.626;23:26.577|0.000|68.670;24:27.186|0.000|66.131;25:27.673|0.000|68.021;26:28.091|0.000|69.169;27:28.858|0.000|68.187;28:30.630|0.000|66.404;29:31.386|0.000|67.477"
3.575,"auto_default",28.3861,0.0400,36.5573,0.0000,0.2920,20.0660,32.8289,36.4913,11.3437,11.3437,0,30,"0:30.156|0.000|20.312;1:27.673|0.000|24.583;2:30.335|0.000|24.024;3:29.467|0.000|20.788;4:28.398|0.000|22.857;5:29.945|0.000|22.364;6:27.339|0.000|22.611;7:30.834|0.000|22.881;8:29.272|0.000|23.652;9:29.679|0.000|25.288;10:27.977|0.000|20.213;11:27.383|0.000|21.171;12:28.932|0.000|21.673;13:26.749|0.000|23.485;14:30.553|0.000|21.345;15:27.348|0.000|67.307;16:30.781|0.000|68.335;17:30.466|0.000|69.478;18:28.322|0.000|67.181;19:29.835|0.000|67.533;20:29.469|0.000|70.166;21:28.232|0.000|70.235;22:29.182|0.000|66.585;23:26.571|0.000|68.661;24:27.196|0.000|66.084;25:27.681|0.000|67.990;26:28.066|0.000|69.116;27:28.832|0.000|68.164;28:30.626|0.000|66.350;29:31.364|0.000|67.432"
3.702,"auto_default",28.4196,0.0400,36.5372,0.0000,0.2920,20.0660,32.8477,36.4712,11.2557,11.2557,0,30,"0:30.179|0.000|20.334;1:27.677|0.000|24.649;2:30.344|0.000|24.089;3:29.444|0.000|20.840;4:28.380|0.000|22.905;5:29.920|0.000|22.435;6:27.358|0.000|22.669;7:30.839|0.000|22.946;8:29.278|0.000|23.707;9:29.681|0.000|25.352;10:27.948|0.000|20.237;11:27.333|0.000|21.218;12:28.953|0.000|21.687;13:26.753|0.000|23.548;14:30.561|0.000|21.356;15:27.349|0.000|67.248;16:30.793|0.000|68.305;17:30.506|0.000|69.465;18:28.330|0.000|67.142;19:29.863|0.000|67.502;20:29.546|0.000|70.155;21:28.293|0.000|70.218;22:29.188|0.000|66.531;23:26.570|0.000|68.638;24:27.210|0.000|66.029;25:27.727|0.000|67.927;26:28.037|0.000|69.057;27:28.812|0.000|68.136;28:30.621|0.000|66.286;29:31.339|0.000|67.383"
3.805,"auto_default",28.4453,0.0400,36.5217,0.0000,0.2920,20.0660,32.8622,36.4557,11.1871,11.1871,0,30,"0:30.192|0.000|20.343;1:27.680|0.000|24.701;2:30.352|0.000|24.139;3:29.427|0.000|20.873;4:28.369|0.000|22.945;5:29.905|0.000|22.483;6:27.374|0.000|22.715;7:30.842|0.000|22.997;8:29.282|0.000|23.748;9:29.682|0.000|25.403;10:27.931|0.000|20.253;11:27.302|0.000|21.255;12:28.980|0.000|21.725;13:26.756|0.000|23.596;14:30.564|0.000|21.387;15:27.350|0.000|67.202;16:30.803|0.000|68.277;17:30.542|0.000|69.451;18:28.335|0.000|67.110;19:29.883|0.000|67.479;20:29.599|0.000|70.147;21:28.335|0.000|70.205;22:29.195|0.000|66.484;23:26.575|0.000|68.619;24:27.220|0.000|65.989;25:27.749|0.000|67.910;26:28.017|0.000|69.012;27:28.806|0.000|68.119;28:30.617|0.000|66.234;29:31.329|0.000|67.366"
3.911,"auto_default",28.4736,0.0400,36.5047,0.0000,0.2920,20.0660,32.8782,36.4387,11.1109,11.1109,0,30,"0:30.211|0.000|20.350;1:27.682|0.000|24.758;2:30.362|0.000|24.194;3:29.403|0.000|20.905;4:28.359|0.000|22.995;5:29.891|0.000|22.534;6:27.395|0.000|22.767;7:30.845|0.000|23.055;8:29.284|0.000|23.794;9:29.684|0.000|25.460;10:27.914|0.000|20.272;11:27.287|0.000|21.280;12:29.024|0.000|21.803;13:26.760|0.000|23.650;14:30.563|0.000|21.435;15:27.351|0.000|67.151;16:30.815|0.000|68.241;17:30.582|0.000|69.431;18:28.341|0.000|67.068;19:29.904|0.000|67.451;20:29.646|0.000|70.138;21:28.374|0.000|70.192;22:29.203|0.000|66.431;23:26.587|0.000|68.602;24:27.229|0.000|65.946;25:27.773|0.000|67.897;26:28.008|0.000|68.988;27:28.803|0.000|68.103;28:30.611|0.000|66.175;29:31.322|0.000|67.336"
4.023,"auto_default",28.5018,0.0400,36.4878,0.0000,0.2920,20.0660,32.8942,36.4218,11.0382,11.0382,0,30,"0:30.235|0.000|20.355;1:27.685|0.000|24.812;2:30.374|0.000|24.244;3:29.382|0.000|20.930;4:28.351|0.000|23.058;5:29.880|0.000|22.585;6:27.417|0.000|22.821;7:30.848|0.000|23.110;8:29.283|0.000|23.835;9:29.686|0.000|25.513;10:27.898|0.000|20.292;11:27.275|0.000|21.308;12:29.024|0.000|21.810;13:26.763|0.000|23.701;14:30.559|0.000|21.487;15:27.352|0.000|67.103;16:30.825|0.000|68.206;17:30.620|0.000|69.408;18:28.348|0.000|67.022;19:29.921|0.000|67.426;20:29.682|0.000|70.131;21:28.402|0.000|70.183;22:29.210|0.000|66.380;23:26.606|0.000|68.572;24:27.236|0.000|65.907;25:27.797|0.000|67.883;26:28.008|0.000|68.975;27:28.805|0.000|68.091;28:30.602|0.000|66.118;29:31.316|0.000|67.302"
4.132,"auto_default",28.5301,0.0400,36.4708,0.0000,0.2920,20.0660,32.9102,36.4048,10.9635,10.9635,0,30,"0:30.265|0.000|20.360;1:27.688|0.000|24.867;2:30.386|0.000|24.292;3:29.358|0.000|20.952;4:28.335|0.000|23.152;5:29.869|0.000|22.638;6:27.444|0.000|22.883;7:30.854|0.000|23.165;8:29.279|0.000|23.884;9:29.688|0.000|25.569;10:27.881|0.000|20.317;11:27.266|0.000|21.339;12:29.005|0.000|21.812;13:26.765|0.000|23.752;14:30.555|0.000|21.544;15:27.353|0.000|67.052;16:30.834|0.000|68.168;17:30.660|0.000|69.381;18:28.357|0.000|66.970;19:29.936|0.000|67.395;20:29.715|0.000|70.125;21:28.430|0.000|70.173;22:29.219|0.000|66.325;23:26.626|0.000|68.542;24:27.242|0.000|65.863;25:27.827|0.000|67.862;26:28.009|0.000|68.949;27:28.818|0.000|68.066;28:30.593|0.000|66.057;29:31.308|0.000|67.258"
4.237,"auto_default",28.5558,0.0400,36.4553,0.0000,0.2920,20.0660,32.9248,36.3893,10.8960,10.8960,0,30,"0:30.297|0.000|20.368;1:27.690|0.000|24.917;2:30.398|0.000|24.339;3:29.334|0.000|20.974;4:28.318|0.000|23.198;5:29.861|0.000|22.685;6:27.474|0.000|22.930;7:30.860|0.000|23.213;8:29.274|0.000|23.931;9:29.689|0.000|25.618;10:27.867|0.000|20.341;11:27.260|0.000|21.371;12:28.984|0.000|21.884;13:26.767|0.000|23.798;14:30.551|0.000|21.595;15:27.354|0.000|67.007;16:30.842|0.000|68.133;17:30.696|0.000|69.355;18:28.365|0.000|66.920;19:29.951|0.000|67.360;20:29.742|0.000|70.118;21:28.455|0.000|70.163;22:29.226|0.000|66.274;23:26.645|0.000|68.515;24:27.248|0.000|65.819;25:27.855|0.000|67.837;26:28.010|0.000|68.921;27:28.830|0.000|68.044;28:30.586|0.000|66.006;29:31.300|0.000|67.211"
4.341,"auto_default",28.5841,0.0400,36.4383,0.0000,0.2920,20.0660,32.9409,36.3723,10.8263,10.8263,0,30,"0:30.337|0.000|20.382;1:27.694|0.000|24.970;2:30.409|0.000|24.390;3:29.308|0.000|20.997;4:28.296|0.000|23.198;5:29.849|0.000|22.737;6:27.480|0.000|22.929;7:30.868|0.000|23.261;8:29.270|0.000|23.980;9:29.689|0.000|25.669;10:27.853|0.000|20.369;11:27.252|0.000|21.414;12:28.972|0.000|21.949;13:26.769|0.000|23.852;14:30.549|0.000|21.648;15:27.356|0.000|66.960;16:30.852|0.000|68.095;17:30.735|0.000|69.327;18:28.372|0.000|66.866;19:29.967|0.000|67.316;20:29.771|0.000|70.110;21:28.480|0.000|70.149;22:29.232|0.000|66.220;23:26.666|0.000|68.484;24:27.255|0.000|65.768;25:27.880|0.000|67.807;26:28.012|0.000|68.888;27:28.841|0.000|68.018;28:30.581|0.000|65.956;29:31.293|0.000|67.157"
4.446,"auto_default",28.6098,0.0400,36.4229,0.0000,0.2920,20.0660,32.9556,36.3569,10.7606,10.7606,0,30,"0:30.378|0.000|20.399;1:27.697|0.000|25.015;2:30.415|0.000|24.433;3:29.285|0.000|21.019;4:28.290|0.000|23.207;5:29.836|0.000|22.782;6:27.462|0.000|22.956;7:30.876|0.000|23.303;8:29.267|0.000|24.028;9:29.687|0.000|25.716;10:27.840|0.000|20.395;11:27.243|0.000|21.461;12:28.961|0.000|22.004;13:26.771|0.000|23.902;14:30.546|0.000|21.695;15:27.359|0.000|66.917;16:30.862|0.000|68.061;17:30.770|0.000|69.301;18:28.378|0.000|66.816;19:29.980|0.000|67.269;20:29.799|0.000|70.101;21:28.503|0.000|70.135;22:29.236|0.000|66.171;23:26.689|0.000|68.451;24:27.262|0.000|65.718;25:27.900|0.000|67.778;26:28.015|0.000|68.853;27:28.853|0.000|67.990;28:30.579|0.000|65.909;29:31.286|0.000|67.105"
4.546,"auto_default",28.6355,0.0400,36.4074,0.0000,0.2920,20.0660,32.9702,36.3414,10.6942,10.6942,0,30,"0:30.419|0.000|20.416;1:27.701|0.000|25.060;2:30.417|0.000|24.471;3:29.263|0.000|21.040;4:28.300|0.000|23.235;5:29.822|0.000|22.826;6:27.434|0.000|22.985;7:30.882|0.000|23.344;8:29.265|0.000|24.077;9:29.686|0.000|25.765;10:27.828|0.000|20.421;11:27.234|0.000|21.509;12:28.952|0.000|22.055;13:26.773|0.000|23.953;14:30.541|0.000|21.736;15:27.361|0.000|66.875;16:30.871|0.000|68.031;17:30.801|0.000|69.278;18:28.385|0.000|66.769;19:29.991|0.000|67.221;20:29.828|0.000|70.091;21:28.525|0.000|70.121;22:29.241|0.000|66.124;23:26.711|0.000|68.416;24:27.268|0.000|65.669;25:27.917|0.000|67.748;26:28.020|0.000|68.815;27:28.871|0.000|67.956;28:30.578|0.000|65.855;29:31.278|0.000|67.054"
4.658,"auto_default",28.6638,0.0400,36.3904,0.0000,0.2920,20.0660,32.9864,36.3244,10.6205,10.6205,0,30,"0:30.464|0.000|20.436;1:27.705|0.000|25.114;2:30.418|0.000|24.517;3:29.241|0.000|21.062;4:28.318|0.000|23.274;5:29.803|0.000|22.879;6:27.415|0.000|22.997;7:30.890|0.000|23.391;8:29.261|0.000|24.133;9:29.683|0.000|25.819;10:27.815|0.000|20.450;11:27.226|0.000|21.562;12:28.943|0.000|22.109;13:26.778|0.000|24.016;14:30.534|0.000|21.776;15:27.364|0.000|66.831;16:30.884|0.000|67.997;17:30.836|0.000|69.253;18:28.394|0.000|66.721;19:30.003|0.000|67.166;20:29.861|0.000|70.077;21:28.547|0.000|70.103;22:29.248|0.000|66.074;23:26.736|0.000|68.377;24:27.274|0.000|65.614;25:27.935|0.000|67.713;26:28.023|0.000|68.772;27:28.895|0.000|67.922;28:30.578|0.000|65.795;29:31.268|0.000|66.999"
4.772,"auto_default",28.6947,0.0400,36.3719,0.0000,0.2920,20.0660,33.0040,36.3059,10.5400,10.5400,0,30,"0:30.509|0.000|20.456;1:27.708|0.000|25.173;2:30.418|0.000|24.572;3:29.222|0.000|21.085;4:28.333|0.000|23.311;5:29.785|0.000|22.934;6:27.389|0.000|23.008;7:30.896|0.000|23.438;8:29.258|0.000|24.194;9:29.682|0.000|25.878;10:27.801|0.000|20.477;11:27.216|0.000|21.617;12:28.935|0.000|22.164;13:26.787|0.000|24.084;14:30.521|0.000|21.827;15:27.366|0.000|66.786;16:30.897|0.000|67.960;17:30.867|0.000|69.231;18:28.407|0.000|66.676;19:30.017|0.000|67.106;20:29.898|0.000|70.060;21:28.572|0.000|70.084;22:29.258|0.000|66.027;23:26.762|0.000|68.334;24:27.280|0.000|65.556;25:27.953|0.000|67.675;26:28.024|0.000|68.730;27:28.924|0.000|67.887;28:30.578|0.000|65.732;29:31.256|0.000|66.943"
4.873,"auto_default",28.7204,0.0400,36.3564,0.0000,0.2920,20.0660,33.0188,36.2904,10.4707,10.4707,0,30,"0:30.544|0.000|20.474;1:27.710|0.000|25.225;2:30.419|0.000|24.622;3:29.204|0.000|21.108;4:28.343|0.000|23.345;5:29.779|0.000|22.965;6:27.363|0.000|23.016;7:30.898|0.000|23.476;8:29.257|0.000|24.246;9:29.682|0.000|25.930;10:27.788|0.000|20.499;11:27.207|0.000|21.661;12:28.928|0.000|22.208;13:26.794|0.000|24.139;14:30.509|0.000|21.870;15:27.367|0.000|66.754;16:30.906|0.000|67.930;17:30.892|0.000|69.212;18:28.420|0.000|66.636;19:30.030|0.000|67.057;20:29.929|0.000|70.046;21:28.593|0.000|70.066;22:29.270|0.000|65.984;23:26.785|0.000|68.297;24:27.287|0.000|65.510;25:27.967|0.000|67.644;26:28.025|0.000|68.697;27:28.949|0.000|67.862;28:30.578|0.000|65.679;29:31.246|0.000|66.899"
4.974,"auto_default",28.7461,0.0400,36.3410,0.0000,0.2920,20.0660,33.0335,36.2750,10.4024,10.4024,0,30,"0:30.575|0.000|20.491;1:27.712|0.000|25.276;2:30.419|0.000|24.672;3:29.185|0.000|21.134;4:28.352|0.000|23.383;5:29.779|0.000|22.996;6:27.334|0.000|23.027;7:30.898|0.000|23.517;8:29.256|0.000|24.296;9:29.681|0.000|25.981;10:27.776|0.000|20.520;11:27.196|0.000|21.699;12:28.920|0.000|22.246;13:26.800|0.000|24.191;14:30.501|0.000|21.906;15:27.369|0.000|66.729;16:30.911|0.000|67.912;17:30.913|0.000|69.194;18:28.434|0.000|66.595;19:30.045|0.000|67.011;20:29.957|0.000|70.032;21:28.614|0.000|70.049;22:29.282|0.000|65.942;23:26.808|0.000|68.265;24:27.294|0.000|65.469;25:27.979|0.000|67.615;26:28.027|0.000|68.668;27:28.974|0.000|67.841;28:30.577|0.000|65.630;29:31.235|0.000|66.856"
5.101,"auto_default",28.7795,0.0400,36.3209,0.0000,0.2920,20.0660,33.0527,36.2549,10.3145,10.3145,0,30,"0:30.610|0.000|20.513;1:27.713|0.000|25.341;2:30.419|0.000|24.737;3:29.160|0.000|21.172;4:28.364|0.000|23.441;5:29.774|0.000|23.049;6:27.291|0.000|23.049;7:30.898|0.000|23.574;8:29.254|0.000|24.359;9:29.680|0.000|26.046;10:27.761|0.000|20.547;11:27.179|0.000|21.744;12:28.905|0.000|22.289;13:26.806|0.000|24.254;14:30.496|0.000|21.953;15:27.370|0.000|66.705;16:30.914|0.000|67.891;17:30.933|0.000|69.173;18:28.449|0.000|66.559;19:30.063|0.000|66.950;20:29.993|0.000|70.016;21:28.639|0.000|70.029;22:29.296|0.000|65.894;23:26.837|0.000|68.230;24:27.307|0.000|65.417;25:27.991|0.000|67.579;26:28.032|0.000|68.640;27:29.009|0.000|67.815;28:30.574|0.000|65.568;29:31.220|0.000|66.797"
5.203,"auto_default",28.8052,0.0400,36.3054,0.0000,0.2920,20.0660,33.0675,36.2394,10.2459,10.2459,0,30,"0:30.635|0.000|20.533;1:27.714|0.000|25.393;2:30.419|0.000|24.788;3:29.141|0.000|21.205;4:28.373|0.000|23.490;5:29.768|0.000|23.095;6:27.255|0.000|23.071;7:30.897|0.000|23.623;8:29.251|0.000|24.408;9:29.681|0.000|26.097;10:27.749|0.000|20.568;11:27.164|0.000|21.784;12:28.890|0.000|22.324;13:26.810|0.000|24.302;14:30.491|0.000|21.997;15:27.372|0.000|66.689;16:30.915|0.000|67.869;17:30.949|0.000|69.158;18:28.456|0.000|66.526;19:30.073|0.000|66.916;20:30.022|0.000|70.003;21:28.661|0.000|70.011;22:29.302|0.000|65.858;23:26.862|0.000|68.201;24:27.318|0.000|65.374;25:27.998|0.000|67.554;26:28.039|0.000|68.626;27:29.039|0.000|67.795;28:30.572|0.000|65.521;29:31.212|0.000|66.752"
5.310,"auto_default",28.8335,0.0400,36.2885,0.0000,0.2920,20.0660,33.0838,36.2225,10.1733,10.1733,0,30,"0:30.656|0.000|20.553;1:27.715|0.000|25.447;2:30.419|0.000|24.843;3:29.122|0.000|21.241;4:28.381|0.000|23.545;5:29.762|0.000|23.148;6:27.217|0.000|23.095;7:30.896|0.000|23.676;8:29.246|0.000|24.458;9:29.681|0.000|26.151;10:27.742|0.000|20.581;11:27.148|0.000|21.817;12:28.872|0.000|22.364;13:26.814|0.000|24.350;14:30.485|0.000|22.046;15:27.374|0.000|66.679;16:30.916|0.000|67.845;17:30.963|0.000|69.143;18:28.465|0.000|66.487;19:30.077|0.000|66.885;20:30.048|0.000|69.992;21:28.686|0.000|69.989;22:29.309|0.000|65.814;23:26.889|0.000|68.171;24:27.331|0.000|65.331;25:28.005|0.000|67.534;26:28.049|0.000|68.612;27:29.068|0.000|67.775;28:30.571|0.000|65.474;29:31.206|0.000|66.707"
5.416,"auto_default",28.8592,0.0400,36.2730,0.0000,0.2920,20.0660,33.0987,36.2070,10.1066,10.1066,0,30,"0:30.671|0.000|20.568;1:27.716|0.000|25.497;2:30.422|0.000|24.892;3:29.105|0.000|21.275;4:28.387|0.000|23.598;5:29.758|0.000|23.197;6:27.183|0.000|23.117;7:30.894|0.000|23.726;8:29.240|0.000|24.505;9:29.682|0.000|26.200;10:27.736|0.000|20.594;11:27.139|0.000|21.845;12:28.857|0.000|22.390;13:26.818|0.000|24.393;14:30.479|0.000|22.094;15:27.375|0.000|66.671;16:30.918|0.000|67.820;17:30.977|0.000|69.126;18:28.476|0.000|66.447;19:30.080|0.000|66.850;20:30.074|0.000|69.979;21:28.705|0.000|69.974;22:29.318|0.000|65.771;23:26.910|0.000|68.150;24:27.339|0.000|65.291;25:28.011|0.000|67.516;26:28.069|0.000|68.593;27:29.095|0.000|67.756;28:30.571|0.000|65.434;29:31.203|0.000|66.663"
5.516,"auto_default",28.8849,0.0400,36.2576,0.0000,0.2920,20.0660,33.1135,36.1916,10.0409,10.0409,0,30,"0:30.682|0.000|20.582;1:27.717|0.000|25.546;2:30.427|0.000|24.941;3:29.088|0.000|21.308;4:28.395|0.000|23.651;5:29.753|0.000|23.246;6:27.152|0.000|23.139;7:30.892|0.000|23.775;8:29.234|0.000|24.552;9:29.682|0.000|26.248;10:27.731|0.000|20.608;11:27.131|0.000|21.877;12:28.848|0.000|22.415;13:26.825|0.000|24.431;14:30.474|0.000|22.142;15:27.376|0.000|66.665;16:30.919|0.000|67.794;17:30.990|0.000|69.105;18:28.487|0.000|66.403;19:30.083|0.000|66.810;20:30.097|0.000|69.967;21:28.724|0.000|69.958;22:29.326|0.000|65.724;23:26.928|0.000|68.129;24:27.349|0.000|65.249;25:28.016|0.000|67.496;26:28.088|0.000|68.578;27:29.121|0.000|67.739;28:30.574|0.000|65.394;29:31.199|0.000|66.617"
5.624,"auto_default",28.9132,0.0400,36.2406,0.0000,0.2920,20.0660,33.1299,36.1746,9.9678,9.9678,0,30,"0:30.693|0.000|20.597;1:27.718|0.000|25.600;2:30.434|0.000|24.998;3:29.068|0.000|21.341;4:28.407|0.000|23.710;5:29.746|0.000|23.299;6:27.120|0.000|23.165;7:30.891|0.000|23.829;8:29.229|0.000|24.601;9:29.682|0.000|26.302;10:27.725|0.000|20.625;11:27.119|0.000|21.918;12:28.838|0.000|22.449;13:26.837|0.000|24.472;14:30.469|0.000|22.196;15:27.377|0.000|66.661;16:30.920|0.000|67.762;17:31.006|0.000|69.077;18:28.499|0.000|66.351;19:30.088|0.000|66.761;20:30.119|0.000|69.954;21:28.743|0.000|69.938;22:29.334|0.000|65.671;23:26.949|0.000|68.103;24:27.360|0.000|65.198;25:28.025|0.000|67.471;26:28.110|0.000|68.561;27:29.151|0.000|67.722;28:30.579|0.000|65.346;29:31.197|0.000|66.565"
5.724,"auto_default",28.9389,0.0400,36.2251,0.0000,0.2920,20.0660,33.1448,36.1591,9.9048,9.9048,0,30,"0:30.699|0.000|20.607;1:27.720|0.000|25.646;2:30.439|0.000|25.041;3:29.052|0.000|21.367;4:28.418|0.000|23.761;5:29.740|0.000|23.344;6:27.094|0.000|23.187;7:30.892|0.000|23.875;8:29.228|0.000|24.640;9:29.682|0.000|26.348;10:27.720|0.000|20.638;11:27.108|0.000|21.954;12:28.830|0.000|22.481;13:26.847|0.000|24.507;14:30.464|0.000|22.241;15:27.377|0.000|66.658;16:30.920|0.000|67.736;17:31.018|0.000|69.051;18:28.508|0.000|66.305;19:30.091|0.000|66.716;20:30.135|0.000|69.946;21:28.759|0.000|69.920;22:29.341|0.000|65.625;23:26.968|0.000|68.083;24:27.371|0.000|65.154;25:28.034|0.000|67.449;26:28.130|0.000|68.550;27:29.176|0.000|67.708;28:30.584|0.000|65.306;29:31.196|0.000|66.518"
5.828,"auto_default",28.9646,0.0400,36.2097,0.0000,0.2920,20.0660,33.1597,36.1437,9.8371,9.8371,0,30,"0:30.705|0.000|20.620;1:27.724|0.000|25.696;2:30.444|0.000|25.084;3:29.033|0.000|21.396;4:28.432|0.000|23.819;5:29.732|0.000|23.393;6:27.065|0.000|23.216;7:30.895|0.000|23.925;8:29.230|0.000|24.679;9:29.681|0.000|26.399;10:27.714|0.000|20.655;11:27.097|0.000|21.998;12:28.819|0.000|22.521;13:26.862|0.000|24.542;14:30.458|0.000|22.290;15:27.377|0.000|66.653;16:30.919|0.000|67.705;17:31.032|0.000|69.022;18:28.519|0.000|66.257;19:30.093|0.000|66.666;20:30.153|0.000|69.938;21:28.782|0.000|69.897;22:29.348|0.000|65.576;23:26.990|0.000|68.059;24:27.381|0.000|65.104;25:28.047|0.000|67.424;26:28.156|0.000|68.540;27:29.205|0.000|67.688;28:30.589|0.000|65.262;29:31.194|0.000|66.468"
5.933,"auto_default",28.9929,0.0400,36.1927,0.0000,0.2920,20.0660,33.1762,36.1267,9.7663,9.7663,0,30,"0:30.710|0.000|20.637;1:27.729|0.000|25.751;2:30.447|0.000|25.130;3:29.013|0.000|21.428;4:28.442|0.000|23.874;5:29.724|0.000|23.445;6:27.032|0.000|23.258;7:30.899|0.000|23.982;8:29.234|0.000|24.724;9:29.681|0.000|26.451;10:27.708|0.000|20.675;11:27.085|0.000|22.049;12:28.807|0.000|22.570;13:26.875|0.000|24.574;14:30.450|0.000|22.342;15:27.376|0.000|66.648;16:30.919|0.000|67.672;17:31.047|0.000|68.990;18:28.531|0.000|66.206;19:30.095|0.000|66.611;20:30.172|0.000|69.929;21:28.806|0.000|69.873;22:29.358|0.000|65.524;23:27.017|0.000|68.027;24:27.392|0.000|65.050;25:28.063|0.000|67.395;26:28.186|0.000|68.529;27:29.240|0.000|67.662;28:30.592|0.000|65.212;29:31.192|0.000|66.411"
6.039,"auto_default",29.0186,0.0400,36.1772,0.0000,0.2920,20.0660,33.1911,36.1112,9.7033,9.7033,0,30,"0:30.716|0.000|20.654;1:27.734|0.000|25.798;2:30.447|0.000|25.176;3:28.997|0.000|21.451;4:28.446|0.000|23.913;5:29.715|0.000|23.495;6:27.009|0.000|23.291;7:30.902|0.000|24.028;8:29.238|0.000|24.771;9:29.682|0.000|26.497;10:27.702|0.000|20.696;11:27.075|0.000|22.095;12:28.797|0.000|22.617;13:26.885|0.000|24.609;14:30.443|0.000|22.389;15:27.376|0.000|66.644;16:30.920|0.000|67.642;17:31.061|0.000|68.961;18:28.543|0.000|66.160;19:30.098|0.000|66.562;20:30.190|0.000|69.918;21:28.831|0.000|69.847;22:29.368|0.000|65.477;23:27.042|0.000|67.995;24:27.402|0.000|65.002;25:28.080|0.000|67.368;26:28.218|0.000|68.515;27:29.272|0.000|67.636;28:30.596|0.000|65.164;29:31.189|0.000|66.358"
6.152,"auto_default",29.0495,0.0400,36.1587,0.0000,0.2920,20.0660,33.2091,36.0927,9.6259,9.6259,0,30,"0:30.723|0.000|20.678;1:27.740|0.000|25.850;2:30.448|0.000|25.233;3:28.986|0.000|21.470;4:28.444|0.000|23.954;5:29.707|0.000|23.547;6:26.999|0.000|23.316;7:30.905|0.000|24.075;8:29.241|0.000|24.829;9:29.685|0.000|26.554;10:27.695|0.000|20.722;11:27.062|0.000|22.148;12:28.785|0.000|22.673;13:26.898|0.000|24.654;14:30.436|0.000|22.442;15:27.375|0.000|66.638;16:30.922|0.000|67.609;17:31.075|0.000|68.927;18:28.558|0.000|66.110;19:30.104|0.000|66.505;20:30.211|0.000|69.904;21:28.860|0.000|69.811;22:29.379|0.000|65.425;23:27.072|0.000|67.957;24:27.415|0.000|64.949;25:28.105|0.000|67.332;26:28.260|0.000|68.495;27:29.312|0.000|67.606;28:30.601|0.000|65.106;29:31.183|0.000|66.295"
6.254,"auto_default",29.0752,0.0400,36.1432,0.0000,0.2920,20.0660,33.2242,36.0772,9.5606,9.5606,0,30,"0:30.728|0.000|20.700;1:27.744|0.000|25.897;2:30.449|0.000|25.284;3:28.979|0.000|21.489;4:28.436|0.000|23.994;5:29.704|0.000|23.589;6:26.993|0.000|23.342;7:30.903|0.000|24.114;8:29.243|0.000|24.879;9:29.687|0.000|26.602;10:27.690|0.000|20.747;11:27.050|0.000|22.191;12:28.774|0.000|22.718;13:26.910|0.000|24.697;14:30.430|0.000|22.485;15:27.373|0.000|66.632;16:30.924|0.000|67.580;17:31.087|0.000|68.899;18:28.570|0.000|66.070;19:30.109|0.000|66.457;20:30.230|0.000|69.889;21:28.886|0.000|69.780;22:29.390|0.000|65.382;23:27.099|0.000|67.925;24:27.427|0.000|64.906;25:28.130|0.000|67.303;26:28.298|0.000|68.477;27:29.346|0.000|67.581;28:30.604|0.000|65.057;29:31.177|0.000|66.240"
6.357,"auto_default",29.1009,0.0400,36.1278,0.0000,0.2920,20.0660,33.2392,36.0618,9.4926,9.4926,0,30,"0:30.733|0.000|20.726;1:27.748|0.000|25.947;2:30.448|0.000|25.336;3:28.971|0.000|21.509;4:28.429|0.000|24.047;5:29.700|0.000|23.633;6:26.993|0.000|23.371;7:30.900|0.000|24.155;8:29.246|0.000|24.931;9:29.689|0.000|26.653;10:27.683|0.000|20.774;11:27.035|0.000|22.235;12:28.762|0.000|22.763;13:26.922|0.000|24.744;14:30.425|0.000|22.526;15:27.372|0.000|66.625;16:30.926|0.000|67.546;17:31.099|0.000|68.869;18:28.584|0.000|66.026;19:30.113|0.000|66.411;20:30.252|0.000|69.872;21:28.913|0.000|69.747;22:29.401|0.000|65.338;23:27.127|0.000|67.895;24:27.438|0.000|64.866;25:28.157|0.000|67.276;26:28.339|0.000|68.459;27:29.380|0.000|67.556;28:30.606|0.000|65.007;29:31.171|0.000|66.183"
6.458,"auto_default",29.1266,0.0400,36.1123,0.0000,0.2920,20.0660,33.2542,36.0463,9.4238,9.4238,0,30,"0:30.738|0.000|20.755;1:27.751|0.000|25.999;2:30.448|0.000|25.389;3:28.962|0.000|21.531;4:28.424|0.000|24.101;5:29.698|0.000|23.678;6:26.994|0.000|23.406;7:30.896|0.000|24.200;8:29.248|0.000|24.982;9:29.691|0.000|26.705;10:27.676|0.000|20.803;11:27.021|0.000|22.280;12:28.749|0.000|22.805;13:26.933|0.000|24.793;14:30.421|0.000|22.570;15:27.371|0.000|66.616;16:30.927|0.000|67.509;17:31.111|0.000|68.834;18:28.595|0.000|65.986;19:30.116|0.000|66.365;20:30.275|0.000|69.854;21:28.942|0.000|69.716;22:29.410|0.000|65.298;23:27.155|0.000|67.866;24:27.451|0.000|64.829;25:28.188|0.000|67.250;26:28.382|0.000|68.440;27:29.411|0.000|67.532;28:30.608|0.000|64.957;29:31.166|0.000|66.141"
6.559,"auto_default",29.1523,0.0400,36.0969,0.0000,0.2920,20.0660,33.2693,36.0309,9.3551,9.3551,0,30,"0:30.742|0.000|20.785;1:27.754|0.000|26.051;2:30.449|0.000|25.440;3:28.954|0.000|21.555;4:28.420|0.000|24.152;5:29.696|0.000|23.726;6:26.994|0.000|23.449;7:30.893|0.000|24.246;8:29.251|0.000|25.033;9:29.693|0.000|26.757;10:27.668|0.000|20.832;11:27.006|0.000|22.325;12:28.737|0.000|22.845;13:26.946|0.000|24.842;14:30.417|0.000|22.614;15:27.370|0.000|66.609;16:30.927|0.000|67.469;17:31.121|0.000|68.797;18:28.601|0.000|65.955;19:30.120|0.000|66.322;20:30.299|0.000|69.837;21:28.970|0.000|69.686;22:29.416|0.000|65.260;23:27.180|0.000|67.840;24:27.465|0.000|64.791;25:28.219|0.000|67.224;26:28.424|0.000|68.422;27:29.441|0.000|67.509;28:30.611|0.000|64.909;29:31.165|0.000|66.097"
6.662,"auto_default",29.1806,0.0400,36.0799,0.0000,0.2920,20.0660,33.2859,36.0139,9.2809,9.2809,0,30,"0:30.746|0.000|20.820;1:27.756|0.000|26.108;2:30.450|0.000|25.495;3:28.944|0.000|21.582;4:28.417|0.000|24.206;5:29.692|0.000|23.780;6:26.994|0.000|23.502;7:30.888|0.000|24.297;8:29.252|0.000|25.087;9:29.695|0.000|26.813;10:27.659|0.000|20.864;11:26.992|0.000|22.373;12:28.722|0.000|22.887;13:26.960|0.000|24.893;14:30.412|0.000|22.665;15:27.369|0.000|66.601;16:30.924|0.000|67.429;17:31.128|0.000|68.762;18:28.603|0.000|65.923;19:30.121|0.000|66.279;20:30.325|0.000|69.818;21:28.998|0.000|69.656;22:29.421|0.000|65.220;23:27.205|0.000|67.816;24:27.479|0.000|64.752;25:28.251|0.000|67.198;26:28.466|0.000|68.402;27:29.472|0.000|67.483;28:30.616|0.000|64.858;29:31.166|0.000|66.041"
6.767,"auto_default",29.2063,0.0400,36.0644,0.0000,0.2920,20.0660,33.3010,35.9984,9.2134,9.2134,0,30,"0:30.750|0.000|20.855;1:27.759|0.000|26.160;2:30.452|0.000|25.544;3:28.936|0.000|21.611;4:28.415|0.000|24.254;5:29.689|0.000|23.830;6:26.995|0.000|23.553;7:30.885|0.000|24.344;8:29.253|0.000|25.134;9:29.697|0.000|26.864;10:27.650|0.000|20.893;11:26.986|0.000|22.410;12:28.709|0.000|22.926;13:26.974|0.000|24.939;14:30.407|0.000|22.714;15:27.369|0.000|66.593;16:30.919|0.000|67.396;17:31.129|0.000|68.736;18:28.605|0.000|65.889;19:30.121|0.000|66.240;20:30.349|0.000|69.800;21:29.022|0.000|69.631;22:29.425|0.000|65.178;23:27.229|0.000|67.793;24:27.491|0.000|64.719;25:28.280|0.000|67.176;26:28.502|0.000|68.385;27:29.499|0.000|67.460;28:30.621|0.000|64.813;29:31.169|0.000|65.988"
6.883,"auto_default",29.2372,0.0400,36.0459,0.0000,0.2920,20.0660,33.3192,35.9799,9.1338,9.1338,0,30,"0:30.757|0.000|20.899;1:27.762|0.000|26.220;2:30.455|0.000|25.598;3:28.927|0.000|21.647;4:28.414|0.000|24.308;5:29.686|0.000|23.890;6:26.996|0.000|23.616;7:30.882|0.000|24.400;8:29.252|0.000|25.189;9:29.700|0.000|26.924;10:27.640|0.000|20.928;11:26.985|0.000|22.447;12:28.696|0.000|22.965;13:26.992|0.000|24.990;14:30.401|0.000|22.774;15:27.369|0.000|66.585;16:30.913|0.000|67.359;17:31.122|0.000|68.713;18:28.607|0.000|65.843;19:30.120|0.000|66.191;20:30.375|0.000|69.781;21:29.050|0.000|69.602;22:29.431|0.000|65.123;23:27.255|0.000|67.769;24:27.503|0.000|64.681;25:28.315|0.000|67.146;26:28.542|0.000|68.363;27:29.527|0.000|67.434;28:30.628|0.000|64.761;29:31.172|0.000|65.926"
6.985,"auto_default",29.2629,0.0400,36.0304,0.0000,0.2920,20.0660,33.3344,35.9644,9.0672,9.0672,0,30,"0:30.763|0.000|20.940;1:27.765|0.000|26.270;2:30.458|0.000|25.644;3:28.920|0.000|21.678;4:28.412|0.000|24.352;5:29.684|0.000|23.940;6:26.996|0.000|23.669;7:30.881|0.000|24.445;8:29.251|0.000|25.240;9:29.702|0.000|26.974;10:27.630|0.000|20.957;11:26.987|0.000|22.476;12:28.689|0.000|22.997;13:27.007|0.000|25.028;14:30.396|0.000|22.825;15:27.371|0.000|66.576;16:30.908|0.000|67.325;17:31.113|0.000|68.692;18:28.610|0.000|65.800;19:30.119|0.000|66.146;20:30.395|0.000|69.766;21:29.073|0.000|69.578;22:29.436|0.000|65.074;23:27.277|0.000|67.749;24:27.514|0.000|64.644;25:28.341|0.000|67.121;26:28.574|0.000|68.344;27:29.549|0.000|67.412;28:30.635|0.000|64.716;29:31.175|0.000|65.873"
7.087,"auto_default",29.2886,0.0400,36.0150,0.0000,0.2920,20.0660,33.3495,35.9490,9.0033,9.0033,0,30,"0:30.770|0.000|20.984;1:27.768|0.000|26.320;2:30.460|0.000|25.693;3:28.912|0.000|21.709;4:28.407|0.000|24.392;5:29.682|0.000|23.990;6:26.995|0.000|23.721;7:30.879|0.000|24.490;8:29.250|0.000|25.290;9:29.703|0.000|27.021;10:27.619|0.000|20.987;11:26.991|0.000|22.509;12:28.682|0.000|23.030;13:27.023|0.000|25.066;14:30.393|0.000|22.875;15:27.372|0.000|66.568;16:30.905|0.000|67.288;17:31.107|0.000|68.650;18:28.612|0.000|65.754;19:30.118|0.000|66.098;20:30.415|0.000|69.750;21:29.094|0.000|69.556;22:29.441|0.000|65.023;23:27.299|0.000|67.729;24:27.525|0.000|64.603;25:28.363|0.000|67.099;26:28.605|0.000|68.324;27:29.569|0.000|67.391;28:30.640|0.000|64.675;29:31.177|0.000|65.819"
7.189,"auto_default",29.3143,0.0400,35.9995,0.0000,0.2920,20.0660,33.3648,35.9335,8.9399,8.9399,0,30,"0:30.777|0.000|21.026;1:27.772|0.000|26.366;2:30.462|0.000|25.743;3:28.904|0.000|21.739;4:28.400|0.000|24.429;5:29.678|0.000|24.039;6:26.993|0.000|23.769;7:30.876|0.000|24.532;8:29.250|0.000|25.341;9:29.703|0.000|27.068;10:27.610|0.000|21.015;11:26.994|0.000|22.547;12:28.675|0.000|23.067;13:27.040|0.000|25.108;14:30.391|0.000|22.924;15:27.374|0.000|66.559;16:30.902|0.000|67.249;17:31.104|0.000|68.601;18:28.613|0.000|65.706;19:30.118|0.000|66.049;20:30.435|0.000|69.735;21:29.114|0.000|69.534;22:29.444|0.000|64.972;23:27.319|0.000|67.711;24:27.538|0.000|64.558;25:28.384|0.000|67.074;26:28.633|0.000|68.305;27:29.587|0.000|67.372;28:30.644|0.000|64.635;29:31.178|0.000|65.767"
7.293,"auto_default",29.3426,0.0400,35.9826,0.0000,0.2920,20.0660,33.3815,35.9166,8.8678,8.8678,0,30,"0:30.781|0.000|21.067;1:27.776|0.000|26.417;2:30.463|0.000|25.798;3:28.895|0.000|21.772;4:28.390|0.000|24.472;5:29.674|0.000|24.087;6:26.990|0.000|23.823;7:30.872|0.000|24.575;8:29.249|0.000|25.399;9:29.702|0.000|27.122;10:27.602|0.000|21.042;11:26.997|0.000|22.590;12:28.667|0.000|23.113;13:27.055|0.000|25.149;14:30.387|0.000|22.976;15:27.377|0.000|66.551;16:30.902|0.000|67.205;17:31.100|0.000|68.547;18:28.614|0.000|65.654;19:30.115|0.000|65.995;20:30.454|0.000|69.719;21:29.135|0.000|69.512;22:29.448|0.000|64.917;23:27.341|0.000|67.692;24:27.553|0.000|64.507;25:28.404|0.000|67.048;26:28.660|0.000|68.288;27:29.607|0.000|67.347;28:30.645|0.000|64.594;29:31.178|0.000|65.711"
7.415,"auto_default",29.3734,0.0400,35.9640,0.0000,0.2920,20.0660,33.3998,35.8980,8.7887,8.7887,0,30,"0:30.781|0.000|21.106;1:27.780|0.000|26.475;2:30.462|0.000|25.857;3:28.886|0.000|21.806;4:28.376|0.000|24.521;5:29.667|0.000|24.141;6:26.987|0.000|23.881;7:30.865|0.000|24.626;8:29.248|0.000|25.462;9:29.701|0.000|27.181;10:27.594|0.000|21.071;11:27.000|0.000|22.643;12:28.657|0.000|23.168;13:27.066|0.000|25.188;14:30.380|0.000|23.028;15:27.380|0.000|66.541;16:30.901|0.000|67.142;17:31.096|0.000|68.489;18:28.614|0.000|65.599;19:30.112|0.000|65.936;20:30.473|0.000|69.703;21:29.156|0.000|69.489;22:29.453|0.000|64.858;23:27.366|0.000|67.669;24:27.566|0.000|64.449;25:28.422|0.000|67.018;26:28.684|0.000|68.271;27:29.632|0.000|67.315;28:30.646|0.000|64.544;29:31.178|0.000|65.650"
7.517,"auto_default",29.3992,0.0400,35.9486,0.0000,0.2920,20.0660,33.4151,35.8826,8.7205,8.7205,0,30,"0:30.776|0.000|21.139;1:27.783|0.000|26.526;2:30.461|0.000|25.908;3:28.878|0.000|21.834;4:28.366|0.000|24.557;5:29.661|0.000|24.188;6:26.986|0.000|23.928;7:30.858|0.000|24.671;8:29.248|0.000|25.515;9:29.700|0.000|27.233;10:27.588|0.000|21.097;11:27.002|0.000|22.687;12:28.650|0.000|23.216;13:27.072|0.000|25.224;14:30.372|0.000|23.070;15:27.382|0.000|66.532;16:30.898|0.000|67.093;17:31.093|0.000|68.440;18:28.615|0.000|65.552;19:30.108|0.000|65.887;20:30.489|0.000|69.688;21:29.176|0.000|69.467;22:29.460|0.000|64.810;23:27.391|0.000|67.646;24:27.577|0.000|64.401;25:28.439|0.000|66.988;26:28.704|0.000|68.255;27:29.655|0.000|67.283;28:30.647|0.000|64.497;29:31.179|0.000|65.598"
7.619,"auto_default",29.4249,0.0400,35.9331,0.0000,0.2920,20.0660,33.4303,35.8671,8.6512,8.6512,0,30,"0:30.773|0.000|21.179;1:27.785|0.000|26.577;2:30.461|0.000|25.960;3:28.870|0.000|21.861;4:28.359|0.000|24.595;5:29.654|0.000|24.234;6:26.986|0.000|23.975;7:30.851|0.000|24.716;8:29.249|0.000|25.567;9:29.700|0.000|27.286;10:27.582|0.000|21.126;11:27.001|0.000|22.730;12:28.644|0.000|23.265;13:27.079|0.000|25.264;14:30.362|0.000|23.114;15:27.385|0.000|66.523;16:30.894|0.000|67.048;17:31.091|0.000|68.393;18:28.618|0.000|65.508;19:30.106|0.000|65.838;20:30.504|0.000|69.673;21:29.198|0.000|69.441;22:29.467|0.000|64.765;23:27.419|0.000|67.619;24:27.588|0.000|64.354;25:28.457|0.000|66.953;26:28.726|0.000|68.236;27:29.678|0.000|67.249;28:30.649|0.000|64.447;29:31.184|0.000|65.548"
7.727,"auto_default",29.4532,0.0400,35.9161,0.0000,0.2920,20.0660,33.4472,35.8501,8.5762,8.5762,0,30,"0:30.770|0.000|21.230;1:27.785|0.000|26.635;2:30.459|0.000|26.016;3:28.861|0.000|21.893;4:28.350|0.000|24.642;5:29.648|0.000|24.286;6:26.987|0.000|24.028;7:30.843|0.000|24.768;8:29.250|0.000|25.622;9:29.699|0.000|27.343;10:27.575|0.000|21.163;11:27.001|0.000|22.773;12:28.639|0.000|23.318;13:27.086|0.000|25.313;14:30.351|0.000|23.162;15:27.387|0.000|66.511;16:30.891|0.000|67.004;17:31.088|0.000|68.341;18:28.623|0.000|65.464;19:30.106|0.000|65.787;20:30.520|0.000|69.657;21:29.224|0.000|69.409;22:29.477|0.000|64.712;23:27.451|0.000|67.589;24:27.602|0.000|64.305;25:28.478|0.000|66.909;26:28.752|0.000|68.212;27:29.702|0.000|67.210;28:30.650|0.000|64.392;29:31.189|0.000|65.499"
7.831,"auto_default",29.4814,0.0400,35.8991,0.0000,0.2920,20.0660,33.4641,35.8331,8.5020,8.5020,0,30,"0:30.765|0.000|21.287;1:27.786|0.000|26.691;2:30.458|0.000|26.072;3:28.854|0.000|21.923;4:28.340|0.000|24.692;5:29.642|0.000|24.339;6:26.988|0.000|24.081;7:30.836|0.000|24.821;8:29.251|0.000|25.676;9:29.699|0.000|27.400;10:27.567|0.000|21.203;11:27.001|0.000|22.815;12:28.632|0.000|23.369;13:27.092|0.000|25.365;14:30.342|0.000|23.205;15:27.390|0.000|66.497;16:30.891|0.000|66.960;17:31.086|0.000|68.294;18:28.629|0.000|65.418;19:30.107|0.000|65.740;20:30.535|0.000|69.640;21:29.250|0.000|69.375;22:29.486|0.000|64.660;23:27.485|0.000|67.559;24:27.617|0.000|64.261;25:28.498|0.000|66.863;26:28.777|0.000|68.184;27:29.727|0.000|67.171;28:30.650|0.000|64.336;29:31.194|0.000|65.448"
7.935,"auto_default",29.5071,0.0400,35.8837,0.0000,0.2920,20.0660,33.4794,35.8177,8.4351,8.4351,0,30,"0:30.759|0.000|21.340;1:27.786|0.000|26.742;2:30.457|0.000|26.121;3:28.849|0.000|21.947;4:28.332|0.000|24.740;5:29.637|0.000|24.388;6:26.989|0.000|24.130;7:30.829|0.000|24.868;8:29.252|0.000|25.724;9:29.700|0.000|27.451;10:27.560|0.000|21.243;11:27.002|0.000|22.848;12:28.623|0.000|23.413;13:27.098|0.000|25.415;14:30.336|0.000|23.245;15:27.393|0.000|66.483;16:30.894|0.000|66.921;17:31.084|0.000|68.251;18:28.635|0.000|65.376;19:30.108|0.000|65.697;20:30.550|0.000|69.622;21:29.275|0.000|69.343;22:29.492|0.000|64.617;23:27.518|0.000|67.531;24:27.633|0.000|64.222;25:28.515|0.000|66.821;26:28.802|0.000|68.156;27:29.749|0.000|67.136;28:30.649|0.000|64.287;29:31.200|0.000|65.403"
8.037,"auto_default",29.5329,0.0400,35.8682,0.0000,0.2920,20.0660,33.4948,35.8022,8.3688,8.3688,0,30,"0:30.754|0.000|21.393;1:27.787|0.000|26.793;2:30.456|0.000|26.171;3:28.847|0.000|21.970;4:28.324|0.000|24.791;5:29.632|0.000|24.438;6:26.991|0.000|24.180;7:30.823|0.000|24.917;8:29.252|0.000|25.772;9:29.700|0.000|27.501;10:27.553|0.000|21.285;11:27.005|0.000|22.879;12:28.613|0.000|23.453;13:27.104|0.000|25.465;14:30.329|0.000|23.291;15:27.395|0.000|66.466;16:30.900|0.000|66.880;17:31.082|0.000|68.204;18:28.640|0.000|65.338;19:30.110|0.000|65.654;20:30.568|0.000|69.599;21:29.300|0.000|69.310;22:29.495|0.000|64.574;23:27.551|0.000|67.503;24:27.650|0.000|64.181;25:28.533|0.000|66.777;26:28.827|0.000|68.125;27:29.772|0.000|67.104;28:30.650|0.000|64.238;29:31.203|0.000|65.361"
8.137,"auto_default",29.5586,0.0400,35.8528,0.0000,0.2920,20.0660,33.5102,35.7868,8.3031,8.3031,0,30,"0:30.751|0.000|21.442;1:27.788|0.000|26.843;2:30.455|0.000|26.220;3:28.847|0.000|21.991;4:28.317|0.000|24.842;5:29.628|0.000|24.488;6:26.992|0.000|24.229;7:30.818|0.000|24.965;8:29.252|0.000|25.817;9:29.701|0.000|27.551;10:27.548|0.000|21.326;11:27.009|0.000|22.913;12:28.601|0.000|23.496;13:27.109|0.000|25.516;14:30.321|0.000|23.338;15:27.397|0.000|66.446;16:30.907|0.000|66.837;17:31.079|0.000|68.156;18:28.642|0.000|65.302;19:30.112|0.000|65.612;20:30.588|0.000|69.573;21:29.325|0.000|69.278;22:29.499|0.000|64.527;23:27.582|0.000|67.479;24:27.666|0.000|64.148;25:28.552|0.000|66.737;26:28.853|0.000|68.092;27:29.795|0.000|67.074;28:30.652|0.000|64.192;29:31.203|0.000|65.318"
8.241,"auto_default",29.5868,0.0400,35.8358,0.0000,0.2920,20.0660,33.5271,35.7698,8.2315,8.2315,0,30,"0:30.748|0.000|21.494;1:27.788|0.000|26.897;2:30.457|0.000|26.273;3:28.848|0.000|22.016;4:28.308|0.000|24.896;5:29.624|0.000|24.542;6:26.994|0.000|24.281;7:30.812|0.000|25.018;8:29.250|0.000|25.868;9:29.702|0.000|27.605;10:27.542|0.000|21.372;11:27.015|0.000|22.953;12:28.588|0.000|23.542;13:27.116|0.000|25.571;14:30.313|0.000|23.392;15:27.398|0.000|66.425;16:30.916|0.000|66.795;17:31.076|0.000|68.100;18:28.643|0.000|65.258;19:30.112|0.000|65.565;20:30.610|0.000|69.541;21:29.354|0.000|69.246;22:29.503|0.000|64.476;23:27.616|0.000|67.458;24:27.677|0.000|64.115;25:28.573|0.000|66.696;26:28.882|0.000|68.058;27:29.821|0.000|67.039;28:30.656|0.000|64.147;29:31.204|0.000|65.267"
8.341,"auto_default",29.6126,0.0400,35.8203,0.0000,0.2920,20.0660,33.5426,35.7543,8.1671,8.1671,0,30,"0:30.743|0.000|21.540;1:27.789|0.000|26.946;2:30.460|0.000|26.322;3:28.849|0.000|22.043;4:28.298|0.000|24.944;5:29.620|0.000|24.590;6:26.995|0.000|24.329;7:30.807|0.000|25.064;8:29.248|0.000|25.912;9:29.702|0.000|27.654;10:27.536|0.000|21.412;11:27.023|0.000|22.990;12:28.580|0.000|23.573;13:27.125|0.000|25.619;14:30.307|0.000|23.441;15:27.399|0.000|66.408;16:30.920|0.000|66.757;17:31.073|0.000|68.049;18:28.646|0.000|65.216;19:30.111|0.000|65.521;20:30.631|0.000|69.510;21:29.378|0.000|69.220;22:29.506|0.000|64.428;23:27.647|0.000|67.439;24:27.686|0.000|64.081;25:28.594|0.000|66.660;26:28.907|0.000|68.030;27:29.842|0.000|67.009;28:30.661|0.000|64.104;29:31.206|0.000|65.220"
8.443,"auto_default",29.6383,0.0400,35.8049,0.0000,0.2920,20.0660,33.5580,35.7389,8.1022,8.1022,0,30,"0:30.735|0.000|21.583;1:27.791|0.000|26.996;2:30.464|0.000|26.371;3:28.850|0.000|22.076;4:28.288|0.000|24.992;5:29.616|0.000|24.638;6:26.997|0.000|24.376;7:30.801|0.000|25.110;8:29.246|0.000|25.955;9:29.703|0.000|27.703;10:27.527|0.000|21.451;11:27.031|0.000|23.029;12:28.576|0.000|23.606;13:27.137|0.000|25.669;14:30.301|0.000|23.492;15:27.400|0.000|66.391;16:30.925|0.000|66.715;17:31.071|0.000|67.997;18:28.649|0.000|65.171;19:30.111|0.000|65.475;20:30.652|0.000|69.477;21:29.404|0.000|69.193;22:29.509|0.000|64.379;23:27.680|0.000|67.422;24:27.698|0.000|64.041;25:28.616|0.000|66.620;26:28.934|0.000|68.001;27:29.856|0.000|66.991;28:30.668|0.000|64.058;29:31.206|0.000|65.171"
8.543,"auto_default",29.6640,0.0400,35.7894,0.0000,0.2920,20.0660,33.5735,35.7234,8.0373,8.0373,0,30,"0:30.725|0.000|21.621;1:27.793|0.000|27.045;2:30.469|0.000|26.415;3:28.850|0.000|22.113;4:28.277|0.000|25.037;5:29.611|0.000|24.685;6:26.998|0.000|24.423;7:30.795|0.000|25.156;8:29.245|0.000|26.000;9:29.703|0.000|27.752;10:27.519|0.000|21.486;11:27.038|0.000|23.067;12:28.571|0.000|23.642;13:27.148|0.000|25.720;14:30.294|0.000|23.541;15:27.401|0.000|66.374;16:30.931|0.000|66.671;17:31.070|0.000|67.948;18:28.651|0.000|65.126;19:30.111|0.000|65.427;20:30.674|0.000|69.443;21:29.429|0.000|69.167;22:29.512|0.000|64.331;23:27.709|0.000|67.407;24:27.711|0.000|64.000;25:28.632|0.000|66.592;26:28.960|0.000|67.971;27:29.866|0.000|66.971;28:30.674|0.000|64.016;29:31.206|0.000|65.121"
8.645,"auto_default",29.6897,0.0400,35.7740,0.0000,0.2920,20.0660,33.5890,35.7080,7.9717,7.9717,0,30,"0:30.714|0.000|21.663;1:27.797|0.000|27.096;2:30.472|0.000|26.460;3:28.850|0.000|22.153;4:28.266|0.000|25.084;5:29.606|0.000|24.729;6:26.998|0.000|24.471;7:30.789|0.000|25.201;8:29.245|0.000|26.045;9:29.704|0.000|27.802;10:27.509|0.000|21.522;11:27.045|0.000|23.108;12:28.566|0.000|23.683;13:27.158|0.000|25.764;14:30.286|0.000|23.589;15:27.404|0.000|66.354;16:30.936|0.000|66.624;17:31.068|0.000|67.897;18:28.652|0.000|65.080;19:30.110|0.000|65.379;20:30.697|0.000|69.412;21:29.450|0.000|69.148;22:29.516|0.000|64.282;23:27.740|0.000|67.391;24:27.724|0.000|63.954;25:28.643|0.000|66.567;26:28.982|0.000|67.949;27:29.875|0.000|66.949;28:30.677|0.000|63.977;29:31.206|0.000|65.072"
8.746,"auto_default",29.7154,0.0400,35.7585,0.0000,0.2920,20.0660,33.6045,35.6925,7.9110,7.9110,0,30,"0:30.701|0.000|21.704;1:27.800|0.000|27.145;2:30.474|0.000|26.505;3:28.851|0.000|22.194;4:28.254|0.000|25.129;5:29.601|0.000|24.772;6:26.999|0.000|24.516;7:30.782|0.000|25.246;8:29.244|0.000|26.092;9:29.705|0.000|27.848;10:27.499|0.000|21.558;11:27.052|0.000|23.150;12:28.560|0.000|23.724;13:27.166|0.000|25.801;14:30.278|0.000|23.635;15:27.408|0.000|66.335;16:30.940|0.000|66.576;17:31.066|0.000|67.849;18:28.653|0.000|65.035;19:30.108|0.000|65.332;20:30.718|0.000|69.383;21:29.467|0.000|69.128;22:29.520|0.000|64.234;23:27.769|0.000|67.378;24:27.736|0.000|63.907;25:28.653|0.000|66.538;26:29.001|0.000|67.926;27:29.885|0.000|66.927;28:30.679|0.000|63.935;29:31.206|0.000|65.023"
8.847,"auto_default",29.7411,0.0400,35.7431,0.0000,0.2920,20.0660,33.6200,35.6771,7.8489,7.8489,0,30,"0:30.691|0.000|21.738;1:27.805|0.000|27.190;2:30.475|0.000|26.554;3:28.852|0.000|22.235;4:28.247|0.000|25.170;5:29.595|0.000|24.815;6:27.000|0.000|24.559;7:30.774|0.000|25.291;8:29.244|0.000|26.142;9:29.707|0.000|27.894;10:27.490|0.000|21.589;11:27.058|0.000|23.194;12:28.555|0.000|23.769;13:27.168|0.000|25.838;14:30.270|0.000|23.679;15:27.413|0.000|66.317;16:30.944|0.000|66.528;17:31.065|0.000|67.802;18:28.654|0.000|64.991;19:30.106|0.000|65.286;20:30.742|0.000|69.356;21:29.482|0.000|69.108;22:29.524|0.000|64.186;23:27.799|0.000|67.368;24:27.747|0.000|63.860;25:28.664|0.000|66.505;26:29.018|0.000|67.903;27:29.894|0.000|66.904;28:30.681|0.000|63.889;29:31.208|0.000|64.975"
8.958,"auto_default",29.7694,0.0400,35.7261,0.0000,0.2920,20.0660,33.6371,35.6601,7.7773,7.7773,0,30,"0:30.683|0.000|21.779;1:27.810|0.000|27.243;2:30.476|0.000|26.610;3:28.853|0.000|22.282;4:28.243|0.000|25.211;5:29.588|0.000|24.860;6:27.001|0.000|24.609;7:30.768|0.000|25.338;8:29.243|0.000|26.199;9:29.709|0.000|27.949;10:27.485|0.000|21.616;11:27.066|0.000|23.245;12:28.550|0.000|23.819;13:27.171|0.000|25.884;14:30.259|0.000|23.728;15:27.418|0.000|66.297;16:30.948|0.000|66.474;17:31.063|0.000|67.749;18:28.657|0.000|64.943;19:30.105|0.000|65.234;20:30.769|0.000|69.323;21:29.501|0.000|69.086;22:29.529|0.000|64.133;23:27.832|0.000|67.357;24:27.762|0.000|63.809;25:28.679|0.000|66.464;26:29.040|0.000|67.878;27:29.905|0.000|66.874;28:30.685|0.000|63.836;29:31.210|0.000|64.922"
9.070,"auto_default",29.8003,0.0400,35.7076,0.0000,0.2920,20.0660,33.6558,35.6415,7.6980,7.6980,0,30,"0:30.672|0.000|21.830;1:27.814|0.000|27.303;2:30.476|0.000|26.672;3:28.852|0.000|22.334;4:28.243|0.000|25.254;5:29.582|0.000|24.911;6:27.006|0.000|24.663;7:30.763|0.000|25.389;8:29.243|0.000|26.262;9:29.713|0.000|28.010;10:27.482|0.000|21.649;11:27.073|0.000|23.299;12:28.545|0.000|23.874;13:27.174|0.000|25.939;14:30.248|0.000|23.780;15:27.424|0.000|66.278;16:30.954|0.000|66.416;17:31.061|0.000|67.691;18:28.661|0.000|64.893;19:30.105|0.000|65.177;20:30.794|0.000|69.297;21:29.521|0.000|69.062;22:29.534|0.000|64.072;23:27.873|0.000|67.339;24:27.778|0.000|63.755;25:28.694|0.000|66.412;26:29.065|0.000|67.849;27:29.916|0.000|66.838;28:30.687|0.000|63.776;29:31.212|0.000|64.863"
9.182,"auto_default",29.8285,0.0400,35.6906,0.0000,0.2920,20.0660,33.6730,35.6246,7.6237,7.6237,0,30,"0:30.661|0.000|21.880;1:27.817|0.000|27.360;2:30.476|0.000|26.730;3:28.851|0.000|22.381;4:28.242|0.000|25.300;5:29.577|0.000|24.958;6:27.011|0.000|24.713;7:30.760|0.000|25.436;8:29.245|0.000|26.319;9:29.715|0.000|28.068;10:27.479|0.000|21.683;11:27.079|0.000|23.349;12:28.539|0.000|23.924;13:27.177|0.000|25.993;14:30.239|0.000|23.825;15:27.430|0.000|66.264;16:30.962|0.000|66.363;17:31.056|0.000|67.637;18:28.665|0.000|64.849;19:30.105|0.000|65.127;20:30.814|0.000|69.271;21:29.541|0.000|69.035;22:29.538|0.000|64.020;23:27.912|0.000|67.318;24:27.794|0.000|63.707;25:28.708|0.000|66.361;26:29.090|0.000|67.816;27:29.926|0.000|66.801;28:30.688|0.000|63.721;29:31.215|0.000|64.807"
9.286,"auto_default",29.8542,0.0400,35.6751,0.0000,0.2920,20.0660,33.6886,35.6091,7.5564,7.5564,0,30,"0:30.651|0.000|21.929;1:27.820|0.000|27.412;2:30.477|0.000|26.782;3:28.849|0.000|22.420;4:28.242|0.000|25.346;5:29.572|0.000|25.003;6:27.016|0.000|24.761;7:30.757|0.000|25.482;8:29.246|0.000|26.369;9:29.717|0.000|28.120;10:27.475|0.000|21.717;11:27.086|0.000|23.393;12:28.532|0.000|23.969;13:27.180|0.000|26.043;14:30.234|0.000|23.864;15:27.434|0.000|66.254;16:30.969|0.000|66.317;17:31.052|0.000|67.587;18:28.670|0.000|64.811;19:30.105|0.000|65.082;20:30.830|0.000|69.248;21:29.559|0.000|69.007;22:29.539|0.000|63.974;23:27.949|0.000|67.299;24:27.808|0.000|63.667;25:28.721|0.000|66.314;26:29.113|0.000|67.783;27:29.934|0.000|66.769;28:30.690|0.000|63.672;29:31.217|0.000|64.760"
9.387,"auto_default",29.8800,0.0400,35.6597,0.0000,0.2920,20.0660,33.7042,35.5937,7.4897,7.4897,0,30,"0:30.642|0.000|21.979;1:27.822|0.000|27.464;2:30.478|0.000|26.833;3:28.846|0.000|22.462;4:28.241|0.000|25.395;5:29.567|0.000|25.052;6:27.020|0.000|24.809;7:30.754|0.000|25.530;8:29.246|0.000|26.419;9:29.719|0.000|28.172;10:27.472|0.000|21.753;11:27.095|0.000|23.434;12:28.526|0.000|24.012;13:27.183|0.000|26.093;14:30.230|0.000|23.904;15:27.438|0.000|66.245;16:30.977|0.000|66.271;17:31.047|0.000|67.536;18:28.676|0.000|64.772;19:30.105|0.000|65.035;20:30.847|0.000|69.225;21:29.578|0.000|68.977;22:29.539|0.000|63.925;23:27.987|0.000|67.280;24:27.823|0.000|63.626;25:28.734|0.000|66.267;26:29.138|0.000|67.749;27:29.943|0.000|66.736;28:30.692|0.000|63.624;29:31.216|0.000|64.716"
9.489,"auto_default",29.9057,0.0400,35.6442,0.0000,0.2920,20.0660,33.7199,35.5782,7.4237,7.4237,0,30,"0:30.633|0.000|22.029;1:27.824|0.000|27.516;2:30.479|0.000|26.883;3:28.844|0.000|22.505;4:28.240|0.000|25.444;5:29.561|0.000|25.102;6:27.024|0.000|24.859;7:30.750|0.000|25.578;8:29.244|0.000|26.464;9:29.722|0.000|28.223;10:27.470|0.000|21.791;11:27.106|0.000|23.474;12:28.519|0.000|24.054;13:27.188|0.000|26.143;14:30.225|0.000|23.948;15:27.440|0.000|66.239;16:30.984|0.000|66.223;17:31.042|0.000|67.491;18:28.681|0.000|64.736;19:30.105|0.000|64.993;20:30.865|0.000|69.202;21:29.597|0.000|68.946;22:29.539|0.000|63.877;23:28.024|0.000|67.261;24:27.838|0.000|63.586;25:28.749|0.000|66.221;26:29.163|0.000|67.715;27:29.953|0.000|66.704;28:30.696|0.000|63.576;29:31.212|0.000|64.670"
9.599,"auto_default",29.9339,0.0400,35.6272,0.0000,0.2920,20.0660,33.7371,35.5612,7.3531,7.3531,0,30,"0:30.622|0.000|22.082;1:27.826|0.000|27.571;2:30.481|0.000|26.935;3:28.842|0.000|22.550;4:28.240|0.000|25.498;5:29.556|0.000|25.157;6:27.028|0.000|24.912;7:30.746|0.000|25.630;8:29.240|0.000|26.511;9:29.725|0.000|28.277;10:27.467|0.000|21.832;11:27.121|0.000|23.517;12:28.510|0.000|24.100;13:27.193|0.000|26.197;14:30.221|0.000|23.998;15:27.442|0.000|66.234;16:30.990|0.000|66.178;17:31.037|0.000|67.440;18:28.686|0.000|64.698;19:30.102|0.000|64.948;20:30.883|0.000|69.172;21:29.618|0.000|68.914;22:29.538|0.000|63.823;23:28.063|0.000|67.241;24:27.850|0.000|63.548;25:28.764|0.000|66.174;26:29.192|0.000|67.680;27:29.963|0.000|66.670;28:30.700|0.000|63.527;29:31.208|0.000|64.621"
9.710,"auto_default",29.9648,0.0400,35.6087,0.0000,0.2920,20.0660,33.7559,35.5427,7.2753,7.2753,0,30,"0:30.608|0.000|22.139;1:27.830|0.000|27.631;2:30.484|0.000|26.989;3:28.841|0.000|22.601;4:28.240|0.000|25.558;5:29.552|0.000|25.217;6:27.032|0.000|24.968;7:30.743|0.000|25.688;8:29.234|0.000|26.567;9:29.727|0.000|28.337;10:27.465|0.000|21.878;11:27.137|0.000|23.561;12:28.503|0.000|24.148;13:27.198|0.000|26.256;14:30.215|0.000|24.058;15:27.444|0.000|66.230;16:30.993|0.000|66.132;17:31.034|0.000|67.383;18:28.691|0.000|64.656;19:30.096|0.000|64.899;20:30.904|0.000|69.135;21:29.641|0.000|68.880;22:29.539|0.000|63.763;23:28.103|0.000|67.219;24:27.860|0.000|63.509;25:28.782|0.000|66.124;26:29.224|0.000|67.644;27:29.975|0.000|66.632;28:30.706|0.000|63.472;29:31.203|0.000|64.563"
9.815,"auto_default",29.9905,0.0400,35.5932,0.0000,0.2920,20.0660,33.7717,35.5272,7.2121,7.2121,0,30,"0:30.597|0.000|22.184;1:27.832|0.000|27.681;2:30.487|0.000|27.037;3:28.841|0.000|22.646;4:28.238|0.000|25.609;5:29.549|0.000|25.267;6:27.034|0.000|25.014;7:30.740|0.000|25.736;8:29.228|0.000|26.613;9:29.729|0.000|28.386;10:27.462|0.000|21.917;11:27.149|0.000|23.586;12:28.499|0.000|24.184;13:27.203|0.000|26.304;14:30.210|0.000|24.109;15:27.445|0.000|66.227;16:30.994|0.000|66.094;17:31.033|0.000|67.330;18:28.695|0.000|64.616;19:30.090|0.000|64.856;20:30.921|0.000|69.101;21:29.660|0.000|68.852;22:29.541|0.000|63.713;23:28.135|0.000|67.202;24:27.868|0.000|63.472;25:28.796|0.000|66.081;26:29.248|0.000|67.616;27:29.985|0.000|66.599;28:30.711|0.000|63.427;29:31.200|0.000|64.514"
9.926,"auto_default",30.0188,0.0400,35.5762,0.0000,0.2920,20.0660,33.7890,35.5102,7.1458,7.1458,0,30,"0:30.584|0.000|22.231;1:27.835|0.000|27.734;2:30.490|0.000|27.092;3:28.840|0.000|22.695;4:28.235|0.000|25.664;5:29.545|0.000|25.320;6:27.036|0.000|25.062;7:30.736|0.000|25.789;8:29.224|0.000|26.660;9:29.729|0.000|28.436;10:27.458|0.000|21.958;11:27.157|0.000|23.619;12:28.498|0.000|24.223;13:27.207|0.000|26.352;14:30.206|0.000|24.165;15:27.445|0.000|66.225;16:30.994|0.000|66.046;17:31.031|0.000|67.270;18:28.700|0.000|64.569;19:30.085|0.000|64.805;20:30.940|0.000|69.064;21:29.678|0.000|68.825;22:29.542|0.000|63.658;23:28.169|0.000|67.181;24:27.877|0.000|63.427;25:28.812|0.000|66.037;26:29.272|0.000|67.590;27:29.998|0.000|66.559;28:30.715|0.000|63.381;29:31.196|0.000|64.459"
10.034,"auto_default",30.0394,0.0400,35.5639,0.0000,0.2920,20.0660,33.8016,35.4979,7.0808,7.0808,0,30,"0:30.570|0.000|22.277;1:27.839|0.000|27.785;2:30.491|0.000|27.147;3:28.840|0.000|22.743;4:28.233|0.000|25.716;5:29.538|0.000|25.369;6:27.041|0.000|25.112;7:30.732|0.000|25.840;8:29.222|0.000|26.709;9:29.729|0.000|28.490;10:27.454|0.000|21.999;11:27.166|0.000|23.656;12:28.497|0.000|24.263;13:27.208|0.000|26.404;14:30.203|0.000|24.220;15:27.445|0.000|66.225;16:30.995|0.000|65.995;17:31.031|0.000|67.212;18:28.705|0.000|64.518;19:30.079|0.000|64.754;20:30.959|0.000|69.028;21:29.696|0.000|68.801;22:29.542|0.000|63.604;23:28.198|0.000|67.163;24:27.887|0.000|63.377;25:28.821|0.000|66.000;26:29.297|0.000|67.564;27:30.009|0.000|66.519;28:30.715|0.000|63.336;29:31.193|0.000|64.405"
10.146,"auto_default",30.0394,0.0400,35.5639,0.0000,0.2920,20.0660,33.8016,35.4979,7.0259,7.0259,0,30,"0:30.556|0.000|22.321;1:27.841|0.000|27.839;2:30.489|0.000|27.201;3:28.839|0.000|22.791;4:28.228|0.000|25.767;5:29.530|0.000|25.415;6:27.046|0.000|25.165;7:30.727|0.000|25.887;8:29.220|0.000|26.762;9:29.729|0.000|28.545;10:27.450|0.000|22.038;11:27.176|0.000|23.698;12:28.497|0.000|24.307;13:27.208|0.000|26.460;14:30.199|0.000|24.273;15:27.445|0.000|66.225;16:30.996|0.000|65.941;17:31.030|0.000|67.156;18:28.710|0.000|64.466;19:30.075|0.000|64.702;20:30.979|0.000|68.992;21:29.715|0.000|68.776;22:29.543|0.000|63.551;23:28.226|0.000|67.143;24:27.898|0.000|63.324;25:28.827|0.000|65.965;26:29.320|0.000|67.540;27:30.015|0.000|66.485;28:30.715|0.000|63.291;29:31.189|0.000|64.352"
10.248,"auto_default",30.0394,0.0400,35.5639,0.0000,0.2920,20.0660,33.8016,35.4979,6.9742,6.9742,0,30,"0:30.547|0.000|22.357;1:27.843|0.000|27.890;2:30.488|0.000|27.252;3:28.838|0.000|22.835;4:28.227|0.000|25.814;5:29.521|0.000|25.460;6:27.049|0.000|25.215;7:30.721|0.000|25.933;8:29.218|0.000|26.812;9:29.728|0.000|28.597;10:27.445|0.000|22.074;11:27.185|0.000|23.742;12:28.496|0.000|24.351;13:27.207|0.000|26.514;14:30.193|0.000|24.318;15:27.445|0.000|66.225;16:30.996|0.000|65.890;17:31.027|0.000|67.107;18:28.713|0.000|64.418;19:30.069|0.000|64.655;20:30.996|0.000|68.960;21:29.732|0.000|68.754;22:29.545|0.000|63.502;23:28.250|0.000|67.126;24:27.906|0.000|63.274;25:28.834|0.000|65.928;26:29.340|0.000|67.520;27:30.015|0.000|66.459;28:30.714|0.000|63.246;29:31.186|0.000|64.304"
10.348,"auto_default",30.0394,0.0400,35.5639,0.0000,0.2920,20.0660,33.8016,35.4979,6.9221,6.9221,0,30,"0:30.540|0.000|22.391;1:27.844|0.000|27.941;2:30.486|0.000|27.301;3:28.838|0.000|22.877;4:28.227|0.000|25.862;5:29.511|0.000|25.504;6:27.051|0.000|25.265;7:30.715|0.000|25.979;8:29.217|0.000|26.862;9:29.728|0.000|28.649;10:27.441|0.000|22.110;11:27.193|0.000|23.786;12:28.496|0.000|24.395;13:27.207|0.000|26.566;14:30.186|0.000|24.359;15:27.445|0.000|66.225;16:30.995|0.000|65.840;17:31.024|0.000|67.062;18:28.716|0.000|64.371;19:30.064|0.000|64.609;20:31.011|0.000|68.930;21:29.746|0.000|68.735;22:29.546|0.000|63.459;23:28.270|0.000|67.111;24:27.913|0.000|63.225;25:28.840|0.000|65.889;26:29.360|0.000|67.499;27:30.010|0.000|66.442;28:30.714|0.000|63.198;29:31.183|0.000|64.255"
10.450,"auto_default",30.0394,0.0400,35.5639,0.0000,0.2920,20.0660,33.8016,35.4979,6.8641,6.8641,0,30,"0:30.533|0.000|22.431;1:27.844|0.000|28.000;2:30.484|0.000|27.357;3:28.836|0.000|22.924;4:28.228|0.000|25.919;5:29.502|0.000|25.548;6:27.048|0.000|25.323;7:30.709|0.000|26.029;8:29.217|0.000|26.918;9:29.727|0.000|28.707;10:27.438|0.000|22.146;11:27.203|0.000|23.838;12:28.496|0.000|24.444;13:27.206|0.000|26.622;14:30.177|0.000|24.408;15:27.445|0.000|66.225;16:30.994|0.000|65.785;17:31.022|0.000|67.015;18:28.719|0.000|64.320;19:30.059|0.000|64.559;20:31.027|0.000|68.899;21:29.763|0.000|68.713;22:29.547|0.000|63.408;23:28.289|0.000|67.095;24:27.921|0.000|63.171;25:28.850|0.000|65.839;26:29.382|0.000|67.479;27:30.007|0.000|66.404;28:30.713|0.000|63.143;29:31.185|0.000|64.204"
10.554,"auto_default",30.0394,0.0400,35.5639,0.0000,0.2920,20.0660,33.8016,35.4979,6.8122,6.8122,0,30,"0:30.527|0.000|22.473;1:27.844|0.000|28.054;2:30.483|0.000|27.408;3:28.835|0.000|22.967;4:28.229|0.000|25.971;5:29.498|0.000|25.590;6:27.047|0.000|25.381;7:30.704|0.000|26.077;8:29.216|0.000|26.969;9:29.727|0.000|28.759;10:27.437|0.000|22.176;11:27.212|0.000|23.885;12:28.496|0.000|24.490;13:27.207|0.000|26.673;14:30.168|0.000|24.453;15:27.445|0.000|66.225;16:30.993|0.000|65.735;17:31.022|0.000|66.973;18:28.724|0.000|64.275;19:30.054|0.000|64.513;20:31.042|0.000|68.868;21:29.778|0.000|68.694;22:29.550|0.000|63.359;23:28.306|0.000|67.081;24:27.930|0.000|63.123;25:28.858|0.000|65.790;26:29.401|0.000|67.460;27:30.009|0.000|66.353;28:30.712|0.000|63.092;29:31.186|0.000|64.165"
10.664,"auto_default",30.0394,0.0400,35.5639,0.0000,0.2920,20.0660,33.8016,35.4979,6.7557,6.7557,0,30,"0:30.519|0.000|22.524;1:27.844|0.000|28.110;2:30.481|0.000|27.463;3:28.834|0.000|23.014;4:28.230|0.000|26.027;5:29.491|0.000|25.640;6:27.046|0.000|25.439;7:30.698|0.000|26.131;8:29.214|0.000|27.024;9:29.728|0.000|28.815;10:27.438|0.000|22.210;11:27.223|0.000|23.935;12:28.497|0.000|24.540;13:27.208|0.000|26.728;14:30.159|0.000|24.499;15:27.445|0.000|66.225;16:30.995|0.000|65.682;17:31.027|0.000|66.924;18:28.732|0.000|64.231;19:30.050|0.000|64.467;20:31.056|0.000|68.837;21:29.795|0.000|68.672;22:29.552|0.000|63.304;23:28.325|0.000|67.062;24:27.942|0.000|63.075;25:28.866|0.000|65.735;26:29.424|0.000|67.438;27:30.011|0.000|66.298;28:30.711|0.000|63.037;29:31.185|0.000|64.119"
10.773,"auto_default",30.0394,0.0400,35.5639,0.0000,0.2920,20.0660,33.8016,35.4979,6.7013,6.7013,0,30,"0:30.510|0.000|22.578;1:27.844|0.000|28.166;2:30.479|0.000|27.517;3:28.835|0.000|23.060;4:28.231|0.000|26.081;5:29.485|0.000|25.691;6:27.047|0.000|25.495;7:30.692|0.000|26.182;8:29.212|0.000|27.078;9:29.728|0.000|28.870;10:27.440|0.000|22.243;11:27.235|0.000|23.983;12:28.497|0.000|24.589;13:27.209|0.000|26.781;14:30.155|0.000|24.545;15:27.445|0.000|66.225;16:30.999|0.000|65.635;17:31.032|0.000|66.875;18:28.742|0.000|64.189;19:30.047|0.000|64.422;20:31.063|0.000|68.815;21:29.812|0.000|68.650;22:29.555|0.000|63.246;23:28.346|0.000|67.041;24:27.956|0.000|63.029;25:28.872|0.000|65.682;26:29.449|0.000|67.411;27:30.012|0.000|66.243;28:30.709|0.000|62.984;29:31.180|0.000|64.070"
10.875,"auto_default",30.0394,0.0400,35.5639,0.0000,0.2920,20.0660,33.8016,35.4979,6.6515,6.6515,0,30,"0:30.504|0.000|22.630;1:27.845|0.000|28.216;2:30.478|0.000|27.567;3:28.837|0.000|23.104;4:28.231|0.000|26.130;5:29.479|0.000|25.740;6:27.049|0.000|25.545;7:30.688|0.000|26.230;8:29.209|0.000|27.126;9:29.729|0.000|28.920;10:27.443|0.000|22.277;11:27.247|0.000|24.024;12:28.495|0.000|24.633;13:27.210|0.000|26.829;14:30.149|0.000|24.591;15:27.445|0.000|66.225;16:31.004|0.000|65.589;17:31.037|0.000|66.829;18:28.752|0.000|64.148;19:30.045|0.000|64.377;20:31.067|0.000|68.795;21:29.831|0.000|68.626;22:29.558|0.000|63.191;23:28.365|0.000|67.019;24:27.969|0.000|62.985;25:28.878|0.000|65.633;26:29.475|0.000|67.383;27:30.013|0.000|66.192;28:30.708|0.000|62.936;29:31.174|0.000|64.019"
10.978,"auto_default",30.0394,0.0400,35.5639,0.0000,0.2920,20.0660,33.8016,35.4979,6.6020,6.6020,0,30,"0:30.498|0.000|22.682;1:27.846|0.000|28.265;2:30.479|0.000|27.617;3:28.839|0.000|23.145;4:28.230|0.000|26.179;5:29.475|0.000|25.789;6:27.051|0.000|25.594;7:30.684|0.000|26.277;8:29.205|0.000|27.174;9:29.730|0.000|28.969;10:27.445|0.000|22.314;11:27.259|0.000|24.061;12:28.493|0.000|24.675;13:27.211|0.000|26.877;14:30.144|0.000|24.638;15:27.445|0.000|66.225;16:31.009|0.000|65.542;17:31.041|0.000|66.786;18:28.763|0.000|64.111;19:30.044|0.000|64.331;20:31.072|0.000|68.774;21:29.851|0.000|68.598;22:29.560|0.000|63.139;23:28.384|0.000|66.996;24:27.982|0.000|62.945;25:28.885|0.000|65.585;26:29.501|0.000|67.352;27:30.012|0.000|66.142;28:30.710|0.000|62.891;29:31.167|0.000|63.968"
11.096,"auto_default",30.0394,0.0400,35.5639,0.0000,0.2920,20.0660,33.8016,35.4979,6.5429,6.5429,0,30,"0:30.492|0.000|22.743;1:27.847|0.000|28.325;2:30.482|0.000|27.677;3:28.840|0.000|23.192;4:28.230|0.000|26.235;5:29.469|0.000|25.848;6:27.052|0.000|25.651;7:30.679|0.000|26.333;8:29.200|0.000|27.231;9:29.731|0.000|29.028;10:27.447|0.000|22.360;11:27.273|0.000|24.107;12:28.489|0.000|24.728;13:27.212|0.000|26.933;14:30.137|0.000|24.697;15:27.445|0.000|66.225;16:31.013|0.000|65.493;17:31.042|0.000|66.735;18:28.770|0.000|64.075;19:30.042|0.000|64.275;20:31.077|0.000|68.746;21:29.878|0.000|68.561;22:29.563|0.000|63.078;23:28.406|0.000|66.968;24:27.991|0.000|62.903;25:28.897|0.000|65.533;26:29.532|0.000|67.313;27:30.012|0.000|66.085;28:30.714|0.000|62.839;29:31.160|0.000|63.908"
11.198,"auto_default",30.0394,0.0400,35.5639,0.0000,0.2920,20.0660,33.8016,35.4979,6.4941,6.4941,0,30,"0:30.485|0.000|22.793;1:27.848|0.000|28.374;2:30.484|0.000|27.727;3:28.840|0.000|23.233;4:28.229|0.000|26.282;5:29.464|0.000|25.895;6:27.053|0.000|25.699;7:30.675|0.000|26.379;8:29.198|0.000|27.275;9:29.732|0.000|29.077;10:27.449|0.000|22.399;11:27.284|0.000|24.147;12:28.486|0.000|24.773;13:27.213|0.000|26.979;14:30.133|0.000|24.746;15:27.445|0.000|66.225;16:31.013|0.000|65.452;17:31.043|0.000|66.689;18:28.774|0.000|64.041;19:30.041|0.000|64.226;20:31.081|0.000|68.720;21:29.900|0.000|68.529;22:29.566|0.000|63.029;23:28.425|0.000|66.944;24:27.998|0.000|62.863;25:28.909|0.000|65.493;26:29.558|0.000|67.280;27:30.014|0.000|66.039;28:30.718|0.000|62.793;29:31.155|0.000|63.857"
11.299,"auto_default",30.0394,0.0400,35.5639,0.0000,0.2920,20.0660,33.8016,35.4979,6.4453,6.4453,0,30,"0:30.476|0.000|22.838;1:27.850|0.000|28.423;2:30.487|0.000|27.772;3:28.839|0.000|23.273;4:28.230|0.000|26.326;5:29.458|0.000|25.943;6:27.054|0.000|25.744;7:30.671|0.000|26.424;8:29.197|0.000|27.318;9:29.733|0.000|29.126;10:27.452|0.000|22.439;11:27.292|0.000|24.182;12:28.484|0.000|24.816;13:27.212|0.000|27.026;14:30.129|0.000|24.794;15:27.445|0.000|66.225;16:31.013|0.000|65.408;17:31.045|0.000|66.642;18:28.779|0.000|64.002;19:30.040|0.000|64.177;20:31.085|0.000|68.691;21:29.921|0.000|68.496;22:29.568|0.000|62.981;23:28.443|0.000|66.921;24:28.007|0.000|62.821;25:28.921|0.000|65.451;26:29.583|0.000|67.248;27:30.017|0.000|65.998;28:30.723|0.000|62.748;29:31.151|0.000|63.807"
11.411,"auto_default",30.0394,0.0400,35.5639,0.0000,0.2920,20.0660,33.8016,35.4979,6.3873,6.3873,0,30,"0:30.464|0.000|22.888;1:27.853|0.000|28.482;2:30.490|0.000|27.827;3:28.837|0.000|23.325;4:28.234|0.000|26.379;5:29.450|0.000|25.997;6:27.054|0.000|25.799;7:30.666|0.000|26.478;8:29.198|0.000|27.368;9:29.733|0.000|29.184;10:27.455|0.000|22.486;11:27.298|0.000|24.221;12:28.483|0.000|24.870;13:27.213|0.000|27.078;14:30.124|0.000|24.851;15:27.445|0.000|66.225;16:31.015|0.000|65.352;17:31.046|0.000|66.584;18:28.786|0.000|63.953;19:30.038|0.000|64.120;20:31.091|0.000|68.654;21:29.948|0.000|68.457;22:29.571|0.000|62.925;23:28.465|0.000|66.895;24:28.018|0.000|62.766;25:28.936|0.000|65.407;26:29.613|0.000|67.214;27:30.022|0.000|65.948;28:30.725|0.000|62.698;29:31.146|0.000|63.748"
11.512,"auto_default",30.0394,0.0400,35.5639,0.0000,0.2920,20.0660,33.8016,35.4979,6.3410,6.3410,0,30,"0:30.452|0.000|22.935;1:27.855|0.000|28.532;2:30.491|0.000|27.875;3:28.837|0.000|23.371;4:28.239|0.000|26.426;5:29.442|0.000|26.044;6:27.054|0.000|25.845;7:30.661|0.000|26.524;8:29.199|0.000|27.414;9:29.735|0.000|29.230;10:27.457|0.000|22.525;11:27.301|0.000|24.256;12:28.477|0.000|24.924;13:27.214|0.000|27.124;14:30.117|0.000|24.899;15:27.445|0.000|66.225;16:31.015|0.000|65.302;17:31.047|0.000|66.534;18:28.792|0.000|63.908;19:30.036|0.000|64.072;20:31.096|0.000|68.620;21:29.971|0.000|68.425;22:29.573|0.000|62.878;23:28.484|0.000|66.874;24:28.026|0.000|62.717;25:28.942|0.000|65.376;26:29.640|0.000|67.187;27:30.028|0.000|65.903;28:30.726|0.000|62.653;29:31.143|0.000|63.698"
11.612,"auto_default",30.0394,0.0400,35.5639,0.0000,0.2920,20.0660,33.8016,35.4979,6.2919,6.2919,0,30,"0:30.440|0.000|22.976;1:27.859|0.000|28.578;2:30.492|0.000|27.926;3:28.837|0.000|23.415;4:28.245|0.000|26.470;5:29.434|0.000|26.092;6:27.055|0.000|25.889;7:30.657|0.000|26.570;8:29.200|0.000|27.464;9:29.737|0.000|29.279;10:27.458|0.000|22.565;11:27.304|0.000|24.294;12:28.471|0.000|24.978;13:27.216|0.000|27.171;14:30.111|0.000|24.946;15:27.445|0.000|66.225;16:31.014|0.000|65.252;17:31.047|0.000|66.485;18:28.797|0.000|63.860;19:30.033|0.000|64.024;20:31.100|0.000|68.585;21:29.994|0.000|68.395;22:29.574|0.000|62.831;23:28.504|0.000|66.854;24:28.034|0.000|62.668;25:28.948|0.000|65.340;26:29.667|0.000|67.158;27:30.035|0.000|65.860;28:30.727|0.000|62.605;29:31.140|0.000|63.648"
11.714,"auto_default",30.0394,0.0400,35.5639,0.0000,0.2920,20.0660,33.8016,35.4979,6.2425,6.2425,0,30,"0:30.433|0.000|23.011;1:27.863|0.000|28.627;2:30.493|0.000|27.977;3:28.837|0.000|23.459;4:28.251|0.000|26.510;5:29.428|0.000|26.136;6:27.056|0.000|25.933;7:30.653|0.000|26.616;8:29.201|0.000|27.514;9:29.740|0.000|29.329;10:27.458|0.000|22.601;11:27.307|0.000|24.334;12:28.466|0.000|25.031;13:27.218|0.000|27.218;14:30.105|0.000|24.990;15:27.445|0.000|66.225;16:31.013|0.000|65.204;17:31.047|0.000|66.437;18:28.801|0.000|63.814;19:30.030|0.000|63.978;20:31.103|0.000|68.552;21:30.017|0.000|68.368;22:29.575|0.000|62.785;23:28.525|0.000|66.833;24:28.042|0.000|62.620;25:28.954|0.000|65.299;26:29.691|0.000|67.134;27:30.039|0.000|65.818;28:30.728|0.000|62.558;29:31.136|0.000|63.600"
11.825,"auto_default",30.0394,0.0400,35.5639,0.0000,0.2920,20.0660,33.8016,35.4979,6.1878,6.1878,0,30,"0:30.428|0.000|23.052;1:27.867|0.000|28.682;2:30.492|0.000|28.032;3:28.838|0.000|23.506;4:28.256|0.000|26.552;5:29.424|0.000|26.181;6:27.060|0.000|25.980;7:30.651|0.000|26.662;8:29.202|0.000|27.569;9:29.743|0.000|29.383;10:27.458|0.000|22.638;11:27.310|0.000|24.380;12:28.462|0.000|25.088;13:27.221|0.000|27.270;14:30.097|0.000|25.039;15:27.446|0.000|66.227;16:31.013|0.000|65.152;17:31.049|0.000|66.387;18:28.807|0.000|63.765;19:30.027|0.000|63.929;20:31.107|0.000|68.519;21:30.044|0.000|68.336;22:29.574|0.000|62.734;23:28.546|0.000|66.812;24:28.052|0.000|62.569;25:28.962|0.000|65.253;26:29.714|0.000|67.111;27:30.042|0.000|65.771;28:30.729|0.000|62.506;29:31.129|0.000|63.549"
11.933,"auto_default",30.0394,0.0400,35.5639,0.0000,0.2920,20.0660,33.8016,35.4979,6.1317,6.1317,0,30,"0:30.421|0.000|23.099;1:27.870|0.000|28.738;2:30.492|0.000|28.088;3:28.839|0.000|23.554;4:28.257|0.000|26.593;5:29.423|0.000|26.225;6:27.063|0.000|26.031;7:30.649|0.000|26.710;8:29.204|0.000|27.625;9:29.745|0.000|29.439;10:27.458|0.000|22.679;11:27.313|0.000|24.428;12:28.460|0.000|25.142;13:27.223|0.000|27.324;14:30.091|0.000|25.084;15:27.446|0.000|66.232;16:31.014|0.000|65.100;17:31.051|0.000|66.339;18:28.814|0.000|63.716;19:30.024|0.000|63.881;20:31.112|0.000|68.486;21:30.066|0.000|68.309;22:29.572|0.000|62.685;23:28.563|0.000|66.796;24:28.063|0.000|62.519;25:28.970|0.000|65.202;26:29.734|0.000|67.085;27:30.047|0.000|65.720;28:30.728|0.000|62.453;29:31.119|0.000|63.497"
12.042,"auto_weak_robot_repulsion",30.0471,0.0400,35.5592,0.0000,0.2920,20.0660,33.8063,35.4932,6.0724,6.0724,0,30,"0:30.414|0.000|23.148;1:27.873|0.000|28.794;2:30.492|0.000|28.142;3:28.840|0.000|23.601;4:28.258|0.000|26.641;5:29.424|0.000|26.270;6:27.066|0.000|26.083;7:30.648|0.000|26.760;8:29.207|0.000|27.679;9:29.748|0.000|29.494;10:27.458|0.000|22.719;11:27.315|0.000|24.475;12:28.456|0.000|25.194;13:27.225|0.000|27.377;14:30.085|0.000|25.127;15:27.445|0.000|66.237;16:31.016|0.000|65.051;17:31.055|0.000|66.292;18:28.822|0.000|63.669;19:30.023|0.000|63.836;20:31.118|0.000|68.459;21:30.080|0.000|68.290;22:29.569|0.000|62.639;23:28.578|0.000|66.777;24:28.074|0.000|62.472;25:28.976|0.000|65.150;26:29.754|0.000|67.060;27:30.051|0.000|65.668;28:30.728|0.000|62.401;29:31.108|0.000|63.445"
12.148,"auto_weak_robot_repulsion",30.0728,0.0400,35.5438,0.0000,0.2920,20.0660,33.8221,35.4778,6.0100,6.0100,0,30,"0:30.408|0.000|23.194;1:27.874|0.000|28.842;2:30.492|0.000|28.189;3:28.840|0.000|23.643;4:28.259|0.000|26.688;5:29.424|0.000|26.312;6:27.068|0.000|26.130;7:30.647|0.000|26.805;8:29.208|0.000|27.726;9:29.749|0.000|29.542;10:27.459|0.000|22.755;11:27.316|0.000|24.516;12:28.452|0.000|25.240;13:27.227|0.000|27.424;14:30.082|0.000|25.166;15:27.443|0.000|66.243;16:31.018|0.000|65.009;17:31.058|0.000|66.250;18:28.828|0.000|63.630;19:30.022|0.000|63.797;20:31.123|0.000|68.438;21:30.089|0.000|68.272;22:29.567|0.000|62.595;23:28.590|0.000|66.761;24:28.084|0.000|62.432;25:28.982|0.000|65.104;26:29.772|0.000|67.038;27:30.054|0.000|65.621;28:30.729|0.000|62.355;29:31.099|0.000|63.403"
12.262,"auto_weak_robot_repulsion",30.1036,0.0400,35.5252,0.0000,0.2920,20.0660,33.8411,35.4592,5.9381,5.9381,0,30,"0:30.402|0.000|23.249;1:27.877|0.000|28.898;2:30.492|0.000|28.244;3:28.840|0.000|23.688;4:28.260|0.000|26.744;5:29.424|0.000|26.362;6:27.071|0.000|26.184;7:30.644|0.000|26.858;8:29.209|0.000|27.779;9:29.752|0.000|29.598;10:27.461|0.000|22.795;11:27.319|0.000|24.563;12:28.446|0.000|25.293;13:27.230|0.000|27.477;14:30.078|0.000|25.211;15:27.441|0.000|66.250;16:31.020|0.000|64.960;17:31.062|0.000|66.205;18:28.837|0.000|63.586;19:30.022|0.000|63.753;20:31.132|0.000|68.417;21:30.098|0.000|68.252;22:29.567|0.000|62.544;23:28.606|0.000|66.741;24:28.096|0.000|62.385;25:28.989|0.000|65.052;26:29.793|0.000|67.010;27:30.056|0.000|65.567;28:30.730|0.000|62.303;29:31.092|0.000|63.360"
12.366,"auto_weak_robot_repulsion",30.1294,0.0400,35.5098,0.0000,0.2920,20.0660,33.8569,35.4438,5.8761,5.8761,0,30,"0:30.397|0.000|23.296;1:27.879|0.000|28.946;2:30.494|0.000|28.290;3:28.839|0.000|23.729;4:28.260|0.000|26.794;5:29.423|0.000|26.408;6:27.074|0.000|26.231;7:30.642|0.000|26.904;8:29.207|0.000|27.822;9:29.755|0.000|29.646;10:27.463|0.000|22.832;11:27.324|0.000|24.604;12:28.441|0.000|25.339;13:27.233|0.000|27.524;14:30.074|0.000|25.255;15:27.438|0.000|66.261;16:31.023|0.000|64.919;17:31.065|0.000|66.166;18:28.845|0.000|63.546;19:30.023|0.000|63.714;20:31.143|0.000|68.394;21:30.106|0.000|68.231;22:29.567|0.000|62.497;23:28.622|0.000|66.721;24:28.105|0.000|62.347;25:28.997|0.000|65.006;26:29.813|0.000|66.978;27:30.059|0.000|65.521;28:30.731|0.000|62.258;29:31.089|0.000|63.322"
12.485,"auto_weak_robot_repulsion",30.1602,0.0400,35.4913,0.0000,0.2920,20.0660,33.8759,35.4253,5.8032,5.8032,0,30,"0:30.390|0.000|23.352;1:27.882|0.000|29.002;2:30.495|0.000|28.341;3:28.837|0.000|23.777;4:28.262|0.000|26.852;5:29.423|0.000|26.462;6:27.078|0.000|26.287;7:30.639|0.000|26.959;8:29.204|0.000|27.875;9:29.758|0.000|29.702;10:27.465|0.000|22.877;11:27.331|0.000|24.652;12:28.435|0.000|25.394;13:27.234|0.000|27.577;14:30.071|0.000|25.310;15:27.434|0.000|66.276;16:31.025|0.000|64.873;17:31.065|0.000|66.121;18:28.850|0.000|63.505;19:30.024|0.000|63.670;20:31.157|0.000|68.369;21:30.115|0.000|68.206;22:29.568|0.000|62.440;23:28.642|0.000|66.692;24:28.113|0.000|62.305;25:29.007|0.000|64.954;26:29.838|0.000|66.937;27:30.063|0.000|65.467;28:30.733|0.000|62.206;29:31.087|0.000|63.274"
12.605,"auto_weak_robot_repulsion",30.1911,0.0400,35.4727,0.0000,0.2920,20.0660,33.8949,35.4067,5.7335,5.7335,0,30,"0:30.381|0.000|23.406;1:27.884|0.000|29.058;2:30.496|0.000|28.395;3:28.835|0.000|23.827;4:28.264|0.000|26.909;5:29.422|0.000|26.516;6:27.081|0.000|26.340;7:30.635|0.000|27.012;8:29.201|0.000|27.930;9:29.759|0.000|29.756;10:27.466|0.000|22.922;11:27.339|0.000|24.701;12:28.430|0.000|25.447;13:27.234|0.000|27.627;14:30.067|0.000|25.365;15:27.429|0.000|66.295;16:31.025|0.000|64.826;17:31.065|0.000|66.072;18:28.852|0.000|63.468;19:30.024|0.000|63.623;20:31.170|0.000|68.348;21:30.123|0.000|68.176;22:29.570|0.000|62.383;23:28.664|0.000|66.655;24:28.119|0.000|62.263;25:29.018|0.000|64.903;26:29.864|0.000|66.895;27:30.068|0.000|65.415;28:30.735|0.000|62.155;29:31.085|0.000|63.222"
12.706,"auto_weak_robot_repulsion",30.2168,0.0400,35.4573,0.0000,0.2920,20.0660,33.9108,35.3913,5.6773,5.6773,0,30,"0:30.374|0.000|23.448;1:27.887|0.000|29.102;2:30.496|0.000|28.442;3:28.831|0.000|23.872;4:28.266|0.000|26.956;5:29.419|0.000|26.560;6:27.083|0.000|26.381;7:30.633|0.000|27.056;8:29.199|0.000|27.974;9:29.760|0.000|29.798;10:27.468|0.000|22.959;11:27.345|0.000|24.737;12:28.429|0.000|25.486;13:27.234|0.000|27.670;14:30.064|0.000|25.413;15:27.425|0.000|66.312;16:31.024|0.000|64.786;17:31.066|0.000|66.028;18:28.852|0.000|63.438;19:30.025|0.000|63.584;20:31.179|0.000|68.327;21:30.130|0.000|68.149;22:29.570|0.000|62.337;23:28.683|0.000|66.621;24:28.124|0.000|62.225;25:29.027|0.000|64.860;26:29.886|0.000|66.862;27:30.073|0.000|65.374;28:30.736|0.000|62.115;29:31.083|0.000|63.178"
12.809,"auto_weak_robot_repulsion",30.2425,0.0400,35.4418,0.0000,0.2920,20.0660,33.9267,35.3758,5.6165,5.6165,0,30,"0:30.366|0.000|23.492;1:27.889|0.000|29.148;2:30.496|0.000|28.493;3:28.826|0.000|23.922;4:28.269|0.000|27.002;5:29.417|0.000|26.603;6:27.083|0.000|26.425;7:30.630|0.000|27.101;8:29.199|0.000|28.021;9:29.760|0.000|29.846;10:27.469|0.000|22.999;11:27.350|0.000|24.770;12:28.430|0.000|25.529;13:27.233|0.000|27.717;14:30.063|0.000|25.461;15:27.419|0.000|66.332;16:31.024|0.000|64.740;17:31.066|0.000|65.980;18:28.852|0.000|63.402;19:30.025|0.000|63.539;20:31.189|0.000|68.305;21:30.136|0.000|68.120;22:29.571|0.000|62.289;23:28.705|0.000|66.583;24:28.130|0.000|62.180;25:29.034|0.000|64.820;26:29.909|0.000|66.826;27:30.079|0.000|65.330;28:30.736|0.000|62.072;29:31.081|0.000|63.131"
12.925,"auto_weak_robot_repulsion",30.2733,0.0400,35.4233,0.0000,0.2920,20.0660,33.9458,35.3573,5.5442,5.5442,0,30,"0:30.356|0.000|23.543;1:27.890|0.000|29.204;2:30.494|0.000|28.552;3:28.821|0.000|23.979;4:28.273|0.000|27.056;5:29.416|0.000|26.648;6:27.082|0.000|26.478;7:30.627|0.000|27.152;8:29.198|0.000|28.078;9:29.759|0.000|29.903;10:27.470|0.000|23.044;11:27.352|0.000|24.808;12:28.433|0.000|25.577;13:27.232|0.000|27.771;14:30.060|0.000|25.516;15:27.412|0.000|66.358;16:31.024|0.000|64.684;17:31.067|0.000|65.922;18:28.852|0.000|63.356;19:30.025|0.000|63.485;20:31.201|0.000|68.278;21:30.144|0.000|68.085;22:29.571|0.000|62.234;23:28.732|0.000|66.539;24:28.138|0.000|62.124;25:29.040|0.000|64.775;26:29.935|0.000|66.789;27:30.086|0.000|65.281;28:30.735|0.000|62.022;29:31.077|0.000|63.077"
13.036,"auto_weak_robot_repulsion",30.3016,0.0400,35.4063,0.0000,0.2920,20.0660,33.9634,35.3403,5.4754,5.4754,0,30,"0:30.348|0.000|23.586;1:27.891|0.000|29.258;2:30.492|0.000|28.607;3:28.816|0.000|24.032;4:28.276|0.000|27.110;5:29.414|0.000|26.692;6:27.081|0.000|26.529;7:30.625|0.000|27.195;8:29.198|0.000|28.130;9:29.759|0.000|29.958;10:27.471|0.000|23.086;11:27.354|0.000|24.846;12:28.435|0.000|25.625;13:27.231|0.000|27.824;14:30.057|0.000|25.566;15:27.404|0.000|66.385;16:31.024|0.000|64.630;17:31.066|0.000|65.870;18:28.852|0.000|63.310;19:30.025|0.000|63.433;20:31.213|0.000|68.249;21:30.151|0.000|68.053;22:29.571|0.000|62.185;23:28.757|0.000|66.498;24:28.144|0.000|62.071;25:29.043|0.000|64.734;26:29.957|0.000|66.758;27:30.090|0.000|65.239;28:30.734|0.000|61.972;29:31.072|0.000|63.030"
13.151,"auto_weak_robot_repulsion",30.3325,0.0400,35.3877,0.0000,0.2920,20.0660,33.9826,35.3217,5.4020,5.4020,0,30,"0:30.343|0.000|23.628;1:27.892|0.000|29.317;2:30.490|0.000|28.662;3:28.813|0.000|24.087;4:28.276|0.000|27.166;5:29.413|0.000|26.740;6:27.081|0.000|26.581;7:30.623|0.000|27.242;8:29.198|0.000|28.186;9:29.758|0.000|30.016;10:27.472|0.000|23.128;11:27.355|0.000|24.889;12:28.437|0.000|25.677;13:27.231|0.000|27.879;14:30.052|0.000|25.611;15:27.396|0.000|66.415;16:31.022|0.000|64.576;17:31.065|0.000|65.817;18:28.851|0.000|63.260;19:30.023|0.000|63.378;20:31.224|0.000|68.216;21:30.158|0.000|68.021;22:29.571|0.000|62.139;23:28.781|0.000|66.458;24:28.149|0.000|62.017;25:29.047|0.000|64.688;26:29.979|0.000|66.724;27:30.091|0.000|65.197;28:30.733|0.000|61.918;29:31.068|0.000|62.984"
13.263,"auto_weak_robot_repulsion",30.3608,0.0400,35.3708,0.0000,0.2920,20.0660,34.0002,35.3047,5.3354,5.3354,0,30,"0:30.341|0.000|23.666;1:27.891|0.000|29.373;2:30.488|0.000|28.714;3:28.811|0.000|24.138;4:28.270|0.000|27.223;5:29.413|0.000|26.788;6:27.082|0.000|26.631;7:30.620|0.000|27.288;8:29.199|0.000|28.237;9:29.758|0.000|30.069;10:27.474|0.000|23.168;11:27.356|0.000|24.931;12:28.438|0.000|25.726;13:27.231|0.000|27.929;14:30.045|0.000|25.657;15:27.386|0.000|66.447;16:31.019|0.000|64.525;17:31.065|0.000|65.769;18:28.849|0.000|63.214;19:30.021|0.000|63.329;20:31.234|0.000|68.183;21:30.165|0.000|67.991;22:29.570|0.000|62.093;23:28.804|0.000|66.420;24:28.154|0.000|61.967;25:29.051|0.000|64.640;26:29.998|0.000|66.695;27:30.092|0.000|65.155;28:30.732|0.000|61.867;29:31.065|0.000|62.946"
13.368,"auto_weak_robot_repulsion",30.3865,0.0400,35.3553,0.0000,0.2920,20.0660,34.0162,35.2893,5.2741,5.2741,0,30,"0:30.338|0.000|23.707;1:27.891|0.000|29.423;2:30.486|0.000|28.762;3:28.809|0.000|24.184;4:28.262|0.000|27.283;5:29.413|0.000|26.836;6:27.081|0.000|26.680;7:30.618|0.000|27.334;8:29.200|0.000|28.285;9:29.758|0.000|30.119;10:27.476|0.000|23.205;11:27.356|0.000|24.972;12:28.439|0.000|25.772;13:27.232|0.000|27.977;14:30.038|0.000|25.700;15:27.377|0.000|66.482;16:31.018|0.000|64.479;17:31.067|0.000|65.727;18:28.847|0.000|63.170;19:30.020|0.000|63.282;20:31.244|0.000|68.151;21:30.172|0.000|67.964;22:29.570|0.000|62.047;23:28.825|0.000|66.381;24:28.160|0.000|61.920;25:29.055|0.000|64.592;26:30.012|0.000|66.672;27:30.093|0.000|65.112;28:30.731|0.000|61.819;29:31.064|0.000|62.912"
13.477,"auto_weak_robot_repulsion",30.4147,0.0400,35.3383,0.0000,0.2920,20.0660,34.0338,35.2723,5.2060,5.2060,0,30,"0:30.336|0.000|23.757;1:27.891|0.000|29.479;2:30.484|0.000|28.816;3:28.806|0.000|24.235;4:28.260|0.000|27.338;5:29.411|0.000|26.890;6:27.082|0.000|26.736;7:30.614|0.000|27.388;8:29.200|0.000|28.339;9:29.759|0.000|30.174;10:27.480|0.000|23.250;11:27.357|0.000|25.019;12:28.441|0.000|25.824;13:27.233|0.000|28.030;14:30.031|0.000|25.748;15:27.370|0.000|66.519;16:31.018|0.000|64.435;17:31.073|0.000|65.679;18:28.846|0.000|63.121;19:30.021|0.000|63.232;20:31.256|0.000|68.114;21:30.180|0.000|67.937;22:29.570|0.000|61.993;23:28.841|0.000|66.346;24:28.169|0.000|61.872;25:29.058|0.000|64.537;26:30.028|0.000|66.643;27:30.094|0.000|65.059;28:30.728|0.000|61.765;29:31.065|0.000|62.868"
13.584,"auto_weak_robot_repulsion",30.4430,0.0400,35.3213,0.0000,0.2920,20.0660,34.0515,35.2553,5.1391,5.1391,0,30,"0:30.332|0.000|23.810;1:27.891|0.000|29.533;2:30.483|0.000|28.869;3:28.802|0.000|24.285;4:28.258|0.000|27.393;5:29.409|0.000|26.942;6:27.083|0.000|26.790;7:30.610|0.000|27.441;8:29.200|0.000|28.393;9:29.760|0.000|30.228;10:27.485|0.000|23.290;11:27.359|0.000|25.066;12:28.442|0.000|25.877;13:27.235|0.000|28.082;14:30.026|0.000|25.796;15:27.367|0.000|66.549;16:31.021|0.000|64.392;17:31.080|0.000|65.628;18:28.847|0.000|63.072;19:30.023|0.000|63.186;20:31.268|0.000|68.077;21:30.186|0.000|67.908;22:29.572|0.000|61.938;23:28.849|0.000|66.319;24:28.179|0.000|61.824;25:29.060|0.000|64.483;26:30.043|0.000|66.615;27:30.095|0.000|65.005;28:30.726|0.000|61.713;29:31.070|0.000|62.820"
13.696,"auto_weak_robot_repulsion",30.4713,0.0400,35.3043,0.0000,0.2920,20.0660,34.0692,35.2383,5.0724,5.0724,0,30,"0:30.330|0.000|23.866;1:27.892|0.000|29.587;2:30.482|0.000|28.923;3:28.797|0.000|24.333;4:28.256|0.000|27.448;5:29.408|0.000|26.996;6:27.085|0.000|26.844;7:30.605|0.000|27.494;8:29.199|0.000|28.446;9:29.761|0.000|30.282;10:27.490|0.000|23.329;11:27.361|0.000|25.113;12:28.443|0.000|25.929;13:27.236|0.000|28.135;14:30.021|0.000|25.846;15:27.368|0.000|66.578;16:31.026|0.000|64.346;17:31.086|0.000|65.578;18:28.850|0.000|63.024;19:30.028|0.000|63.138;20:31.280|0.000|68.039;21:30.189|0.000|67.881;22:29.574|0.000|61.882;23:28.856|0.000|66.287;24:28.191|0.000|61.773;25:29.062|0.000|64.429;26:30.057|0.000|66.583;27:30.095|0.000|64.950;28:30.726|0.000|61.663;29:31.076|0.000|62.769"
13.808,"auto_weak_robot_repulsion",30.4996,0.0400,35.2873,0.0000,0.2920,20.0660,34.0869,35.2213,5.0065,5.0065,0,30,"0:30.328|0.000|23.920;1:27.892|0.000|29.640;2:30.483|0.000|28.976;3:28.791|0.000|24.379;4:28.255|0.000|27.502;5:29.406|0.000|27.048;6:27.087|0.000|26.896;7:30.601|0.000|27.547;8:29.198|0.000|28.499;9:29.762|0.000|30.335;10:27.495|0.000|23.371;11:27.363|0.000|25.159;12:28.442|0.000|25.976;13:27.236|0.000|28.186;14:30.017|0.000|25.897;15:27.369|0.000|66.612;16:31.033|0.000|64.300;17:31.092|0.000|65.532;18:28.853|0.000|62.972;19:30.033|0.000|63.089;20:31.293|0.000|68.002;21:30.189|0.000|67.856;22:29.577|0.000|61.828;23:28.863|0.000|66.250;24:28.202|0.000|61.727;25:29.065|0.000|64.377;26:30.073|0.000|66.546;27:30.094|0.000|64.898;28:30.727|0.000|61.618;29:31.081|0.000|62.717"
13.919,"auto_weak_robot_repulsion",30.5279,0.0400,35.2703,0.0000,0.2920,20.0660,34.1046,35.2043,4.9406,4.9406,0,30,"0:30.327|0.000|23.974;1:27.893|0.000|29.695;2:30.484|0.000|29.032;3:28.784|0.000|24.425;4:28.253|0.000|27.556;5:29.403|0.000|27.101;6:27.088|0.000|26.948;7:30.597|0.000|27.599;8:29.197|0.000|28.551;9:29.762|0.000|30.389;10:27.499|0.000|23.414;11:27.366|0.000|25.202;12:28.442|0.000|26.027;13:27.237|0.000|28.237;14:30.012|0.000|25.949;15:27.370|0.000|66.655;16:31.038|0.000|64.256;17:31.095|0.000|65.482;18:28.855|0.000|62.922;19:30.038|0.000|63.045;20:31.306|0.000|67.960;21:30.184|0.000|67.831;22:29.579|0.000|61.774;23:28.871|0.000|66.205;24:28.208|0.000|61.683;25:29.070|0.000|64.329;26:30.092|0.000|66.502;27:30.094|0.000|64.847;28:30.730|0.000|61.570;29:31.087|0.000|62.661"
14.027,"auto_weak_robot_repulsion",30.5562,0.0400,35.2533,0.0000,0.2920,20.0660,34.1223,35.1873,4.8748,4.8748,0,30,"0:30.324|0.000|24.028;1:27.895|0.000|29.749;2:30.486|0.000|29.083;3:28.777|0.000|24.469;4:28.251|0.000|27.610;5:29.401|0.000|27.152;6:27.088|0.000|26.998;7:30.593|0.000|27.651;8:29.198|0.000|28.600;9:29.763|0.000|30.443;10:27.503|0.000|23.460;11:27.369|0.000|25.243;12:28.442|0.000|26.079;13:27.236|0.000|28.289;14:30.009|0.000|26.001;15:27.372|0.000|66.703;16:31.041|0.000|64.211;17:31.100|0.000|65.430;18:28.854|0.000|62.875;19:30.039|0.000|63.002;20:31.318|0.000|67.917;21:30.178|0.000|67.806;22:29.581|0.000|61.720;23:28.880|0.000|66.154;24:28.214|0.000|61.635;25:29.079|0.000|64.281;26:30.109|0.000|66.456;27:30.096|0.000|64.801;28:30.735|0.000|61.519;29:31.092|0.000|62.605"
14.129,"auto_weak_robot_repulsion",30.5819,0.0400,35.2379,0.0000,0.2920,20.0660,34.1385,35.1719,4.8141,4.8141,0,30,"0:30.320|0.000|24.073;1:27.897|0.000|29.799;2:30.489|0.000|29.129;3:28.774|0.000|24.508;4:28.249|0.000|27.659;5:29.400|0.000|27.199;6:27.088|0.000|27.043;7:30.589|0.000|27.697;8:29.200|0.000|28.647;9:29.764|0.000|30.494;10:27.506|0.000|23.502;11:27.371|0.000|25.283;12:28.442|0.000|26.128;13:27.236|0.000|28.333;14:30.007|0.000|26.049;15:27.373|0.000|66.751;16:31.044|0.000|64.166;17:31.104|0.000|65.381;18:28.849|0.000|62.832;19:30.040|0.000|62.959;20:31.325|0.000|67.889;21:30.173|0.000|67.782;22:29.584|0.000|61.672;23:28.887|0.000|66.105;24:28.220|0.000|61.590;25:29.087|0.000|64.237;26:30.124|0.000|66.413;27:30.099|0.000|64.762;28:30.739|0.000|61.475;29:31.096|0.000|62.553"
14.230,"auto_weak_robot_repulsion",30.6076,0.0400,35.2224,0.0000,0.2920,20.0660,34.1547,35.1564,4.7566,4.7566,0,30,"0:30.314|0.000|24.117;1:27.899|0.000|29.850;2:30.491|0.000|29.178;3:28.773|0.000|24.548;4:28.247|0.000|27.709;5:29.400|0.000|27.246;6:27.087|0.000|27.090;7:30.585|0.000|27.743;8:29.202|0.000|28.695;9:29.765|0.000|30.541;10:27.509|0.000|23.545;11:27.372|0.000|25.324;12:28.442|0.000|26.180;13:27.236|0.000|28.377;14:30.003|0.000|26.097;15:27.375|0.000|66.801;16:31.048|0.000|64.119;17:31.107|0.000|65.332;18:28.843|0.000|62.788;19:30.042|0.000|62.913;20:31.322|0.000|67.861;21:30.169|0.000|67.756;22:29.586|0.000|61.623;23:28.893|0.000|66.054;24:28.226|0.000|61.542;25:29.095|0.000|64.193;26:30.139|0.000|66.370;27:30.105|0.000|64.719;28:30.741|0.000|61.431;29:31.099|0.000|62.502"
14.340,"auto_weak_robot_repulsion",30.6384,0.0400,35.2039,0.0000,0.2920,20.0660,34.1741,35.1379,4.6885,4.6885,0,30,"0:30.306|0.000|24.171;1:27.902|0.000|29.906;2:30.492|0.000|29.239;3:28.771|0.000|24.600;4:28.245|0.000|27.770;5:29.402|0.000|27.301;6:27.086|0.000|27.141;7:30.581|0.000|27.798;8:29.205|0.000|28.755;9:29.768|0.000|30.597;10:27.511|0.000|23.596;11:27.372|0.000|25.374;12:28.441|0.000|26.242;13:27.237|0.000|28.432;14:29.998|0.000|26.154;15:27.378|0.000|66.862;16:31.051|0.000|64.061;17:31.109|0.000|65.273;18:28.837|0.000|62.736;19:30.044|0.000|62.856;20:31.310|0.000|67.826;21:30.163|0.000|67.723;22:29.588|0.000|61.566;23:28.899|0.000|65.994;24:28.232|0.000|61.483;25:29.101|0.000|64.146;26:30.158|0.000|66.321;27:30.114|0.000|64.666;28:30.742|0.000|61.377;29:31.102|0.000|62.442"
14.440,"auto_weak_robot_repulsion",30.6641,0.0400,35.1884,0.0000,0.2920,20.0660,34.1903,35.1224,4.6279,4.6279,0,30,"0:30.300|0.000|24.217;1:27.906|0.000|29.956;2:30.493|0.000|29.291;3:28.770|0.000|24.648;4:28.244|0.000|27.816;5:29.404|0.000|27.349;6:27.086|0.000|27.185;7:30.580|0.000|27.845;8:29.206|0.000|28.806;9:29.771|0.000|30.648;10:27.514|0.000|23.638;11:27.370|0.000|25.417;12:28.440|0.000|26.291;13:27.238|0.000|28.479;14:29.994|0.000|26.204;15:27.379|0.000|66.913;16:31.052|0.000|64.010;17:31.111|0.000|65.223;18:28.833|0.000|62.693;19:30.044|0.000|62.807;20:31.300|0.000|67.789;21:30.160|0.000|67.693;22:29.588|0.000|61.518;23:28.906|0.000|65.944;24:28.237|0.000|61.434;25:29.105|0.000|64.103;26:30.176|0.000|66.285;27:30.120|0.000|64.625;28:30.744|0.000|61.329;29:31.107|0.000|62.393"
14.541,"auto_weak_robot_repulsion",30.6899,0.0400,35.1730,0.0000,0.2920,20.0660,34.2066,35.1070,4.5676,4.5676,0,30,"0:30.294|0.000|24.259;1:27.909|0.000|30.008;2:30.493|0.000|29.343;3:28.768|0.000|24.697;4:28.244|0.000|27.864;5:29.407|0.000|27.393;6:27.088|0.000|27.228;7:30.580|0.000|27.896;8:29.208|0.000|28.858;9:29.773|0.000|30.698;10:27.517|0.000|23.679;11:27.368|0.000|25.459;12:28.440|0.000|26.340;13:27.239|0.000|28.528;14:29.989|0.000|26.253;15:27.380|0.000|66.964;16:31.054|0.000|63.961;17:31.115|0.000|65.175;18:28.830|0.000|62.649;19:30.044|0.000|62.758;20:31.291|0.000|67.749;21:30.158|0.000|67.662;22:29.586|0.000|61.470;23:28.915|0.000|65.898;24:28.242|0.000|61.386;25:29.110|0.000|64.057;26:30.194|0.000|66.253;27:30.123|0.000|64.584;28:30.745|0.000|61.280;29:31.113|0.000|62.345"
14.647,"auto_weak_robot_repulsion",30.7156,0.0400,35.1575,0.0000,0.2920,20.0660,34.2228,35.0915,4.5062,4.5062,0,30,"0:30.292|0.000|24.302;1:27.912|0.000|30.061;2:30.492|0.000|29.395;3:28.766|0.000|24.748;4:28.245|0.000|27.914;5:29.410|0.000|27.437;6:27.088|0.000|27.276;7:30.582|0.000|27.946;8:29.211|0.000|28.910;9:29.776|0.000|30.750;10:27.521|0.000|23.720;11:27.366|0.000|25.502;12:28.439|0.000|26.388;13:27.240|0.000|28.579;14:29.985|0.000|26.305;15:27.379|0.000|67.012;16:31.057|0.000|63.913;17:31.119|0.000|65.127;18:28.828|0.000|62.604;19:30.044|0.000|62.709;20:31.280|0.000|67.702;21:30.156|0.000|67.629;22:29.585|0.000|61.421;23:28.925|0.000|65.855;24:28.249|0.000|61.337;25:29.115|0.000|64.009;26:30.214|0.000|66.218;27:30.126|0.000|64.539;28:30.745|0.000|61.230;29:31.119|0.000|62.299"
14.757,"auto_weak_robot_repulsion",30.7438,0.0400,35.1406,0.0000,0.2920,20.0660,34.2407,35.0746,4.4393,4.4393,0,30,"0:30.289|0.000|24.352;1:27.915|0.000|30.118;2:30.492|0.000|29.452;3:28.766|0.000|24.804;4:28.245|0.000|27.971;5:29.411|0.000|27.487;6:27.090|0.000|27.329;7:30.583|0.000|27.996;8:29.214|0.000|28.966;9:29.778|0.000|30.807;10:27.524|0.000|23.764;11:27.364|0.000|25.550;12:28.439|0.000|26.439;13:27.241|0.000|28.634;14:29.981|0.000|26.356;15:27.376|0.000|67.066;16:31.061|0.000|63.860;17:31.125|0.000|65.076;18:28.825|0.000|62.557;19:30.046|0.000|62.657;20:31.270|0.000|67.646;21:30.153|0.000|67.594;22:29.582|0.000|61.372;23:28.937|0.000|65.807;24:28.256|0.000|61.284;25:29.120|0.000|63.955;26:30.235|0.000|66.183;27:30.130|0.000|64.488;28:30.745|0.000|61.175;29:31.128|0.000|62.249"
14.859,"auto_weak_robot_repulsion",30.7696,0.0400,35.1251,0.0000,0.2920,20.0660,34.2570,35.0591,4.3791,4.3791,0,30,"0:30.285|0.000|24.399;1:27.917|0.000|30.170;2:30.492|0.000|29.503;3:28.765|0.000|24.855;4:28.245|0.000|28.023;5:29.411|0.000|27.534;6:27.091|0.000|27.379;7:30.580|0.000|28.041;8:29.217|0.000|29.016;9:29.780|0.000|30.859;10:27.528|0.000|23.800;11:27.363|0.000|25.593;12:28.439|0.000|26.486;13:27.243|0.000|28.685;14:29.982|0.000|26.400;15:27.375|0.000|67.116;16:31.066|0.000|63.814;17:31.130|0.000|65.030;18:28.824|0.000|62.514;19:30.048|0.000|62.610;20:31.261|0.000|67.595;21:30.151|0.000|67.563;22:29.580|0.000|61.327;23:28.948|0.000|65.763;24:28.263|0.000|61.236;25:29.124|0.000|63.904;26:30.251|0.000|66.160;27:30.134|0.000|64.439;28:30.745|0.000|61.126;29:31.137|0.000|62.202"
14.967,"auto_weak_robot_repulsion",30.7978,0.0400,35.1081,0.0000,0.2920,20.0660,34.2749,35.0421,4.3137,4.3137,0,30,"0:30.282|0.000|24.452;1:27.919|0.000|30.227;2:30.492|0.000|29.557;3:28.764|0.000|24.909;4:28.245|0.000|28.080;5:29.410|0.000|27.588;6:27.092|0.000|27.435;7:30.574|0.000|28.090;8:29.219|0.000|29.071;9:29.783|0.000|30.916;10:27.533|0.000|23.841;11:27.363|0.000|25.639;12:28.439|0.000|26.537;13:27.245|0.000|28.739;14:29.984|0.000|26.452;15:27.374|0.000|67.169;16:31.071|0.000|63.765;17:31.137|0.000|64.978;18:28.821|0.000|62.468;19:30.051|0.000|62.563;20:31.252|0.000|67.539;21:30.147|0.000|67.532;22:29.580|0.000|61.276;23:28.958|0.000|65.724;24:28.272|0.000|61.184;25:29.128|0.000|63.850;26:30.265|0.000|66.129;27:30.137|0.000|64.384;28:30.746|0.000|61.073;29:31.144|0.000|62.155"
15.068,"auto_weak_robot_repulsion",30.8236,0.0400,35.0927,0.0000,0.2920,20.0660,34.2913,35.0267,4.2551,4.2551,0,30,"0:30.280|0.000|24.501;1:27.921|0.000|30.277;2:30.493|0.000|29.607;3:28.760|0.000|24.958;4:28.244|0.000|28.132;5:29.409|0.000|27.638;6:27.094|0.000|27.486;7:30.567|0.000|28.149;8:29.219|0.000|29.117;9:29.786|0.000|30.966;10:27.537|0.000|23.879;11:27.362|0.000|25.681;12:28.439|0.000|26.584;13:27.248|0.000|28.788;14:29.987|0.000|26.503;15:27.375|0.000|67.217;16:31.077|0.000|63.719;17:31.142|0.000|64.936;18:28.818|0.000|62.426;19:30.055|0.000|62.521;20:31.243|0.000|67.490;21:30.144|0.000|67.504;22:29.580|0.000|61.227;23:28.963|0.000|65.686;24:28.279|0.000|61.137;25:29.132|0.000|63.802;26:30.279|0.000|66.100;27:30.139|0.000|64.334;28:30.748|0.000|61.026;29:31.146|0.000|62.116"
15.170,"auto_weak_robot_repulsion",30.8493,0.0400,35.0772,0.0000,0.2920,20.0660,34.3076,35.0112,4.1972,4.1972,0,30,"0:30.278|0.000|24.549;1:27.924|0.000|30.327;2:30.494|0.000|29.653;3:28.756|0.000|25.003;4:28.244|0.000|28.183;5:29.408|0.000|27.688;6:27.097|0.000|27.536;7:30.560|0.000|28.205;8:29.219|0.000|29.163;9:29.789|0.000|31.016;10:27.541|0.000|23.919;11:27.362|0.000|25.723;12:28.441|0.000|26.632;13:27.249|0.000|28.836;14:29.989|0.000|26.555;15:27.377|0.000|67.265;16:31.083|0.000|63.677;17:31.143|0.000|64.896;18:28.813|0.000|62.385;19:30.060|0.000|62.477;20:31.231|0.000|67.442;21:30.140|0.000|67.480;22:29.581|0.000|61.177;23:28.969|0.000|65.644;24:28.284|0.000|61.093;25:29.138|0.000|63.754;26:30.294|0.000|66.069;27:30.142|0.000|64.286;28:30.749|0.000|60.980;29:31.145|0.000|62.081"
15.272,"auto_weak_robot_repulsion",30.8775,0.0400,35.0602,0.0000,0.2920,20.0660,34.3256,34.9942,4.1347,4.1347,0,30,"0:30.276|0.000|24.602;1:27.926|0.000|30.382;2:30.496|0.000|29.703;3:28.751|0.000|25.055;4:28.245|0.000|28.238;5:29.407|0.000|27.743;6:27.100|0.000|27.589;7:30.555|0.000|28.262;8:29.217|0.000|29.216;9:29.791|0.000|31.071;10:27.545|0.000|23.963;11:27.361|0.000|25.769;12:28.442|0.000|26.685;13:27.249|0.000|28.885;14:29.990|0.000|26.612;15:27.380|0.000|67.317;16:31.086|0.000|63.634;17:31.143|0.000|64.853;18:28.806|0.000|62.339;19:30.065|0.000|62.432;20:31.217|0.000|67.391;21:30.135|0.000|67.458;22:29.583|0.000|61.123;23:28.977|0.000|65.594;24:28.288|0.000|61.044;25:29.145|0.000|63.704;26:30.313|0.000|66.030;27:30.146|0.000|64.234;28:30.752|0.000|60.931;29:31.144|0.000|62.037"
15.381,"auto_weak_robot_repulsion",30.9058,0.0400,35.0432,0.0000,0.2920,20.0660,34.3437,34.9772,4.0774,4.0774,0,30,"0:30.272|0.000|24.653;1:27.929|0.000|30.436;2:30.496|0.000|29.756;3:28.746|0.000|25.105;4:28.245|0.000|28.293;5:29.407|0.000|27.796;6:27.100|0.000|27.640;7:30.551|0.000|28.319;8:29.215|0.000|29.269;9:29.792|0.000|31.121;10:27.548|0.000|24.006;11:27.361|0.000|25.813;12:28.445|0.000|26.734;13:27.247|0.000|28.932;14:29.990|0.000|26.668;15:27.382|0.000|67.369;16:31.087|0.000|63.594;17:31.142|0.000|64.807;18:28.798|0.000|62.294;19:30.067|0.000|62.391;20:31.201|0.000|67.343;21:30.130|0.000|67.439;22:29.584|0.000|61.069;23:28.984|0.000|65.542;24:28.290|0.000|60.997;25:29.152|0.000|63.656;26:30.331|0.000|65.987;27:30.151|0.000|64.184;28:30.755|0.000|60.883;29:31.143|0.000|61.988"
15.493,"auto_weak_robot_repulsion",30.9341,0.0400,35.0262,0.0000,0.2920,20.0660,34.3617,34.9602,4.0189,4.0189,0,30,"0:30.268|0.000|24.704;1:27.931|0.000|30.486;2:30.497|0.000|29.811;3:28.741|0.000|25.155;4:28.245|0.000|28.346;5:29.407|0.000|27.850;6:27.099|0.000|27.688;7:30.548|0.000|28.373;8:29.214|0.000|29.323;9:29.792|0.000|31.173;10:27.550|0.000|24.051;11:27.361|0.000|25.858;12:28.448|0.000|26.783;13:27.243|0.000|28.982;14:29.990|0.000|26.724;15:27.384|0.000|67.422;16:31.088|0.000|63.549;17:31.142|0.000|64.757;18:28.790|0.000|62.254;19:30.067|0.000|62.352;20:31.183|0.000|67.290;21:30.122|0.000|67.417;22:29.585|0.000|61.015;23:28.991|0.000|65.487;24:28.292|0.000|60.946;25:29.161|0.000|63.607;26:30.349|0.000|65.940;27:30.157|0.000|64.135;28:30.757|0.000|60.837;29:31.142|0.000|61.935"
15.599,"auto_weak_robot_repulsion",30.9598,0.0400,35.0108,0.0000,0.2920,20.0660,34.3781,34.9448,3.9638,3.9638,0,30,"0:30.265|0.000|24.750;1:27.932|0.000|30.535;2:30.496|0.000|29.863;3:28.737|0.000|25.202;4:28.244|0.000|28.393;5:29.408|0.000|27.900;6:27.097|0.000|27.732;7:30.545|0.000|28.423;8:29.214|0.000|29.375;9:29.792|0.000|31.223;10:27.551|0.000|24.092;11:27.360|0.000|25.900;12:28.450|0.000|26.831;13:27.240|0.000|29.028;14:29.990|0.000|26.774;15:27.386|0.000|67.470;16:31.089|0.000|63.503;17:31.143|0.000|64.708;18:28.784|0.000|62.216;19:30.066|0.000|62.312;20:31.168|0.000|67.238;21:30.112|0.000|67.394;22:29.585|0.000|60.966;23:28.997|0.000|65.438;24:28.294|0.000|60.896;25:29.167|0.000|63.565;26:30.367|0.000|65.897;27:30.164|0.000|64.089;28:30.758|0.000|60.794;29:31.141|0.000|61.886"
15.707,"auto_weak_robot_repulsion",30.9881,0.0400,34.9938,0.0000,0.2920,20.0660,34.3962,34.9278,3.9032,3.9032,0,30,"0:30.260|0.000|24.802;1:27.933|0.000|30.591;2:30.494|0.000|29.920;3:28.733|0.000|25.256;4:28.242|0.000|28.447;5:29.408|0.000|27.951;6:27.093|0.000|27.783;7:30.541|0.000|28.476;8:29.214|0.000|29.431;9:29.792|0.000|31.278;10:27.553|0.000|24.138;11:27.360|0.000|25.943;12:28.453|0.000|26.885;13:27.237|0.000|29.078;14:29.990|0.000|26.826;15:27.389|0.000|67.522;16:31.090|0.000|63.450;17:31.143|0.000|64.653;18:28.780|0.000|62.174;19:30.065|0.000|62.264;20:31.159|0.000|67.187;21:30.097|0.000|67.367;22:29.585|0.000|60.911;23:29.005|0.000|65.385;24:28.297|0.000|60.842;25:29.172|0.000|63.522;26:30.387|0.000|65.852;27:30.171|0.000|64.040;28:30.757|0.000|60.747;29:31.139|0.000|61.831"
15.826,"auto_weak_robot_repulsion",31.0190,0.0400,34.9752,0.0000,0.2920,20.0660,34.4160,34.9092,3.8362,3.8362,0,30,"0:30.255|0.000|24.855;1:27.933|0.000|30.653;2:30.492|0.000|29.980;3:28.728|0.000|25.315;4:28.239|0.000|28.505;5:29.409|0.000|28.006;6:27.089|0.000|27.836;7:30.535|0.000|28.528;8:29.214|0.000|29.491;9:29.791|0.000|31.341;10:27.555|0.000|24.187;11:27.361|0.000|25.987;12:28.455|0.000|26.943;13:27.236|0.000|29.133;14:29.990|0.000|26.881;15:27.391|0.000|67.578;16:31.090|0.000|63.391;17:31.141|0.000|64.595;18:28.775|0.000|62.126;19:30.064|0.000|62.208;20:31.158|0.000|67.141;21:30.082|0.000|67.340;22:29.585|0.000|60.855;23:29.014|0.000|65.330;24:28.300|0.000|60.783;25:29.175|0.000|63.477;26:30.409|0.000|65.804;27:30.175|0.000|63.993;28:30.756|0.000|60.692;29:31.136|0.000|61.772"
15.928,"auto_weak_robot_repulsion",31.0447,0.0400,34.9598,0.0000,0.2920,20.0660,34.4325,34.8938,3.7792,3.7792,0,30,"0:30.253|0.000|24.898;1:27.933|0.000|30.709;2:30.491|0.000|30.032;3:28.726|0.000|25.365;4:28.237|0.000|28.557;5:29.406|0.000|28.054;6:27.087|0.000|27.882;7:30.528|0.000|28.574;8:29.214|0.000|29.542;9:29.791|0.000|31.395;10:27.556|0.000|24.229;11:27.362|0.000|26.027;12:28.456|0.000|26.993;13:27.234|0.000|29.182;14:29.992|0.000|26.924;15:27.393|0.000|67.624;16:31.088|0.000|63.340;17:31.139|0.000|64.546;18:28.770|0.000|62.081;19:30.063|0.000|62.159;20:31.160|0.000|67.099;21:30.069|0.000|67.316;22:29.585|0.000|60.809;23:29.022|0.000|65.287;24:28.302|0.000|60.733;25:29.177|0.000|63.434;26:30.427|0.000|65.766;27:30.176|0.000|63.954;28:30.756|0.000|60.642;29:31.135|0.000|61.722"
16.037,"auto_weak_robot_repulsion",31.0729,0.0400,34.9428,0.0000,0.2920,20.0660,34.4506,34.8768,3.7193,3.7193,0,30,"0:30.253|0.000|24.946;1:27.932|0.000|30.769;2:30.489|0.000|30.088;3:28.723|0.000|25.420;4:28.234|0.000|28.615;5:29.402|0.000|28.109;6:27.086|0.000|27.932;7:30.520|0.000|28.628;8:29.216|0.000|29.598;9:29.791|0.000|31.452;10:27.558|0.000|24.274;11:27.363|0.000|26.072;12:28.456|0.000|27.047;13:27.232|0.000|29.236;14:29.995|0.000|26.967;15:27.396|0.000|67.675;16:31.087|0.000|63.285;17:31.138|0.000|64.493;18:28.766|0.000|62.031;19:30.060|0.000|62.104;20:31.161|0.000|67.049;21:30.056|0.000|67.290;22:29.587|0.000|60.755;23:29.031|0.000|65.242;24:28.304|0.000|60.679;25:29.180|0.000|63.383;26:30.447|0.000|65.727;27:30.176|0.000|63.909;28:30.756|0.000|60.587;29:31.135|0.000|61.668"
16.148,"auto_weak_robot_repulsion",31.1012,0.0400,34.9258,0.0000,0.2920,20.0660,34.4688,34.8598,3.6605,3.6605,0,30,"0:30.254|0.000|24.994;1:27.931|0.000|30.826;2:30.487|0.000|30.143;3:28.721|0.000|25.475;4:28.231|0.000|28.674;5:29.396|0.000|28.168;6:27.084|0.000|27.987;7:30.511|0.000|28.680;8:29.217|0.000|29.653;9:29.791|0.000|31.508;10:27.559|0.000|24.319;11:27.364|0.000|26.118;12:28.458|0.000|27.099;13:27.232|0.000|29.291;14:29.999|0.000|27.014;15:27.400|0.000|67.727;16:31.085|0.000|63.231;17:31.138|0.000|64.442;18:28.763|0.000|61.979;19:30.057|0.000|62.051;20:31.160|0.000|66.996;21:30.042|0.000|67.261;22:29.590|0.000|60.701;23:29.042|0.000|65.197;24:28.307|0.000|60.625;25:29.184|0.000|63.329;26:30.467|0.000|65.687;27:30.176|0.000|63.860;28:30.754|0.000|60.531;29:31.137|0.000|61.618"
16.252,"auto_weak_robot_repulsion",31.1295,0.0400,34.9088,0.0000,0.2920,20.0660,34.4870,34.8428,3.6036,3.6036,0,30,"0:30.254|0.000|25.044;1:27.931|0.000|30.882;2:30.485|0.000|30.197;3:28.718|0.000|25.527;4:28.229|0.000|28.730;5:29.390|0.000|28.226;6:27.083|0.000|28.040;7:30.504|0.000|28.733;8:29.218|0.000|29.706;9:29.792|0.000|31.563;10:27.561|0.000|24.363;11:27.364|0.000|26.165;12:28.460|0.000|27.151;13:27.232|0.000|29.345;14:30.003|0.000|27.062;15:27.405|0.000|67.776;16:31.087|0.000|63.178;17:31.140|0.000|64.395;18:28.758|0.000|61.929;19:30.055|0.000|61.998;20:31.159|0.000|66.942;21:30.027|0.000|67.227;22:29.593|0.000|60.644;23:29.053|0.000|65.155;24:28.311|0.000|60.574;25:29.187|0.000|63.274;26:30.484|0.000|65.650;27:30.176|0.000|63.809;28:30.752|0.000|60.477;29:31.139|0.000|61.566"
16.356,"auto_weak_robot_repulsion",31.1552,0.0400,34.8934,0.0000,0.2920,20.0660,34.5036,34.8274,3.5524,3.5524,0,30,"0:30.255|0.000|25.092;1:27.932|0.000|30.932;2:30.484|0.000|30.246;3:28.715|0.000|25.575;4:28.227|0.000|28.781;5:29.386|0.000|28.277;6:27.083|0.000|28.091;7:30.498|0.000|28.783;8:29.218|0.000|29.755;9:29.793|0.000|31.613;10:27.565|0.000|24.404;11:27.364|0.000|26.209;12:28.462|0.000|27.197;13:27.232|0.000|29.395;14:30.008|0.000|27.107;15:27.411|0.000|67.820;16:31.090|0.000|63.133;17:31.144|0.000|64.349;18:28.753|0.000|61.881;19:30.054|0.000|61.950;20:31.159|0.000|66.893;21:30.011|0.000|67.194;22:29.597|0.000|60.590;23:29.061|0.000|65.119;24:28.315|0.000|60.527;25:29.188|0.000|63.223;26:30.494|0.000|65.624;27:30.177|0.000|63.759;28:30.751|0.000|60.428;29:31.140|0.000|61.516"
16.460,"auto_weak_robot_repulsion",31.1835,0.0400,34.8764,0.0000,0.2920,20.0660,34.5218,34.8104,3.4987,3.4987,0,30,"0:30.253|0.000|25.145;1:27.932|0.000|30.985;2:30.483|0.000|30.299;3:28.711|0.000|25.625;4:28.225|0.000|28.834;5:29.382|0.000|28.332;6:27.084|0.000|28.144;7:30.492|0.000|28.836;8:29.218|0.000|29.806;9:29.794|0.000|31.665;10:27.570|0.000|24.447;11:27.365|0.000|26.255;12:28.463|0.000|27.247;13:27.231|0.000|29.446;14:30.011|0.000|27.154;15:27.418|0.000|67.873;16:31.094|0.000|63.086;17:31.147|0.000|64.298;18:28.747|0.000|61.830;19:30.056|0.000|61.903;20:31.158|0.000|66.842;21:29.996|0.000|67.157;22:29.601|0.000|60.535;23:29.068|0.000|65.080;24:28.321|0.000|60.475;25:29.189|0.000|63.169;26:30.504|0.000|65.594;27:30.177|0.000|63.705;28:30.750|0.000|60.378;29:31.141|0.000|61.466"
16.570,"auto_weak_robot_repulsion",31.2118,0.0400,34.8594,0.0000,0.2920,20.0660,34.5401,34.7934,3.4448,3.4448,0,30,"0:30.253|0.000|25.200;1:27.933|0.000|31.038;2:30.485|0.000|30.352;3:28.705|0.000|25.675;4:28.224|0.000|28.888;5:29.378|0.000|28.386;6:27.084|0.000|28.197;7:30.486|0.000|28.891;8:29.217|0.000|29.860;9:29.795|0.000|31.719;10:27.575|0.000|24.492;11:27.366|0.000|26.303;12:28.464|0.000|27.294;13:27.229|0.000|29.498;14:30.014|0.000|27.205;15:27.425|0.000|67.929;16:31.100|0.000|63.034;17:31.149|0.000|64.250;18:28.741|0.000|61.779;19:30.059|0.000|61.855;20:31.157|0.000|66.790;21:29.981|0.000|67.118;22:29.605|0.000|60.480;23:29.075|0.000|65.039;24:28.326|0.000|60.421;25:29.191|0.000|63.115;26:30.513|0.000|65.559;27:30.176|0.000|63.652;28:30.752|0.000|60.332;29:31.139|0.000|61.415"
16.670,"auto_weak_robot_repulsion",31.2375,0.0400,34.8439,0.0000,0.2920,20.0660,34.5567,34.7779,3.3963,3.3963,0,30,"0:30.253|0.000|25.248;1:27.934|0.000|31.088;2:30.486|0.000|30.403;3:28.699|0.000|25.722;4:28.223|0.000|28.938;5:29.376|0.000|28.435;6:27.082|0.000|28.246;7:30.481|0.000|28.942;8:29.216|0.000|29.907;9:29.795|0.000|31.769;10:27.580|0.000|24.530;11:27.368|0.000|26.346;12:28.464|0.000|27.339;13:27.227|0.000|29.543;14:30.016|0.000|27.253;15:27.431|0.000|67.981;16:31.103|0.000|62.993;17:31.148|0.000|64.207;18:28.735|0.000|61.736;19:30.062|0.000|61.808;20:31.156|0.000|66.746;21:29.968|0.000|67.083;22:29.608|0.000|60.430;23:29.083|0.000|64.996;24:28.330|0.000|60.371;25:29.196|0.000|63.068;26:30.521|0.000|65.524;27:30.175|0.000|63.604;28:30.755|0.000|60.288;29:31.137|0.000|61.368"
16.771,"auto_weak_robot_repulsion",31.2632,0.0400,34.8285,0.0000,0.2920,20.0660,34.5734,34.7625,3.3489,3.3489,0,30,"0:30.254|0.000|25.295;1:27.935|0.000|31.137;2:30.489|0.000|30.449;3:28.694|0.000|25.764;4:28.221|0.000|28.987;5:29.373|0.000|28.483;6:27.080|0.000|28.292;7:30.476|0.000|28.991;8:29.216|0.000|29.951;9:29.796|0.000|31.818;10:27.585|0.000|24.565;11:27.369|0.000|26.390;12:28.464|0.000|27.385;13:27.224|0.000|29.588;14:30.017|0.000|27.302;15:27.436|0.000|68.032;16:31.104|0.000|62.953;17:31.147|0.000|64.164;18:28.729|0.000|61.690;19:30.064|0.000|61.766;20:31.153|0.000|66.703;21:29.954|0.000|67.048;22:29.610|0.000|60.382;23:29.090|0.000|64.951;24:28.335|0.000|60.320;25:29.201|0.000|63.024;26:30.529|0.000|65.482;27:30.176|0.000|63.557;28:30.760|0.000|60.242;29:31.136|0.000|61.320"
16.874,"auto_weak_robot_repulsion",31.2889,0.0400,34.8130,0.0000,0.2920,20.0660,34.5900,34.7470,3.3005,3.3005,0,30,"0:30.254|0.000|25.342;1:27.936|0.000|31.187;2:30.492|0.000|30.494;3:28.690|0.000|25.806;4:28.220|0.000|29.036;5:29.370|0.000|28.530;6:27.078|0.000|28.337;7:30.471|0.000|29.041;8:29.217|0.000|29.999;9:29.797|0.000|31.869;10:27.588|0.000|24.603;11:27.370|0.000|26.433;12:28.462|0.000|27.433;13:27.221|0.000|29.633;14:30.018|0.000|27.353;15:27.439|0.000|68.083;16:31.104|0.000|62.908;17:31.146|0.000|64.118;18:28.725|0.000|61.641;19:30.064|0.000|61.725;20:31.148|0.000|66.659;21:29.939|0.000|67.015;22:29.612|0.000|60.335;23:29.098|0.000|64.902;24:28.339|0.000|60.269;25:29.208|0.000|62.977;26:30.538|0.000|65.436;27:30.177|0.000|63.514;28:30.764|0.000|60.197;29:31.134|0.000|61.272"
16.986,"auto_weak_robot_repulsion",31.3172,0.0400,34.7960,0.0000,0.2920,20.0660,34.6084,34.7300,3.2526,3.2526,0,30,"0:30.252|0.000|25.389;1:27.938|0.000|31.243;2:30.495|0.000|30.546;3:28.687|0.000|25.851;4:28.220|0.000|29.091;5:29.367|0.000|28.580;6:27.074|0.000|28.387;7:30.465|0.000|29.095;8:29.219|0.000|30.050;9:29.798|0.000|31.920;10:27.591|0.000|24.646;11:27.370|0.000|26.477;12:28.459|0.000|27.489;13:27.218|0.000|29.678;14:30.019|0.000|27.407;15:27.444|0.000|68.138;16:31.105|0.000|62.857;17:31.145|0.000|64.068;18:28.721|0.000|61.589;19:30.062|0.000|61.680;20:31.141|0.000|66.613;21:29.922|0.000|66.981;22:29.615|0.000|60.283;23:29.106|0.000|64.848;24:28.343|0.000|60.216;25:29.216|0.000|62.926;26:30.547|0.000|65.383;27:30.180|0.000|63.471;28:30.767|0.000|60.151;29:31.132|0.000|61.220"
17.087,"auto_weak_robot_repulsion",31.3429,0.0400,34.7806,0.0000,0.2920,20.0660,34.6251,34.7146,3.2087,3.2087,0,30,"0:30.248|0.000|25.429;1:27.940|0.000|31.290;2:30.496|0.000|30.596;3:28.684|0.000|25.895;4:28.219|0.000|29.143;5:29.363|0.000|28.626;6:27.070|0.000|28.431;7:30.459|0.000|29.145;8:29.221|0.000|30.099;9:29.801|0.000|31.967;10:27.593|0.000|24.687;11:27.368|0.000|26.520;12:28.454|0.000|27.544;13:27.216|0.000|29.721;14:30.019|0.000|27.457;15:27.448|0.000|68.187;16:31.106|0.000|62.807;17:31.143|0.000|64.021;18:28.719|0.000|61.540;19:30.060|0.000|61.635;20:31.133|0.000|66.573;21:29.905|0.000|66.948;22:29.617|0.000|60.235;23:29.112|0.000|64.798;24:28.347|0.000|60.167;25:29.222|0.000|62.883;26:30.553|0.000|65.333;27:30.185|0.000|63.426;28:30.768|0.000|60.105;29:31.130|0.000|61.173"
17.198,"auto_weak_robot_repulsion",31.3712,0.0400,34.7636,0.0000,0.2920,20.0660,34.6435,34.6976,3.1581,3.1581,0,30,"0:30.241|0.000|25.476;1:27.944|0.000|31.343;2:30.497|0.000|30.653;3:28.681|0.000|25.946;4:28.219|0.000|29.195;5:29.358|0.000|28.677;6:27.067|0.000|28.477;7:30.453|0.000|29.199;8:29.223|0.000|30.156;9:29.804|0.000|32.022;10:27.596|0.000|24.733;11:27.366|0.000|26.568;12:28.449|0.000|27.603;13:27.216|0.000|29.767;14:30.019|0.000|27.510;15:27.453|0.000|68.241;16:31.106|0.000|62.752;17:31.141|0.000|63.970;18:28.719|0.000|61.484;19:30.059|0.000|61.585;20:31.125|0.000|66.527;21:29.887|0.000|66.914;22:29.619|0.000|60.183;23:29.118|0.000|64.745;24:28.351|0.000|60.114;25:29.224|0.000|62.837;26:30.560|0.000|65.279;27:30.191|0.000|63.378;28:30.770|0.000|60.053;29:31.129|0.000|61.122"
17.303,"auto_weak_robot_repulsion",31.3995,0.0400,34.7466,0.0000,0.2920,20.0660,34.6619,34.6806,3.1083,3.1083,0,30,"0:30.233|0.000|25.523;1:27.947|0.000|31.400;2:30.497|0.000|30.710;3:28.678|0.000|26.000;4:28.222|0.000|29.248;5:29.354|0.000|28.723;6:27.066|0.000|28.522;7:30.446|0.000|29.255;8:29.225|0.000|30.212;9:29.807|0.000|32.077;10:27.598|0.000|24.779;11:27.364|0.000|26.617;12:28.445|0.000|27.660;13:27.215|0.000|29.816;14:30.022|0.000|27.561;15:27.458|0.000|68.292;16:31.105|0.000|62.699;17:31.140|0.000|63.920;18:28.719|0.000|61.430;19:30.056|0.000|61.534;20:31.118|0.000|66.479;21:29.874|0.000|66.891;22:29.620|0.000|60.129;23:29.125|0.000|64.694;24:28.354|0.000|60.063;25:29.226|0.000|62.788;26:30.569|0.000|65.226;27:30.194|0.000|63.332;28:30.771|0.000|60.000;29:31.128|0.000|61.072"
17.404,"auto_weak_robot_repulsion",31.4252,0.0400,34.7311,0.0000,0.2920,20.0660,34.6787,34.6651,3.0631,3.0631,0,30,"0:30.225|0.000|25.566;1:27.950|0.000|31.453;2:30.497|0.000|30.761;3:28.675|0.000|26.051;4:28.226|0.000|29.302;5:29.350|0.000|28.767;6:27.066|0.000|28.562;7:30.441|0.000|29.303;8:29.227|0.000|30.264;9:29.809|0.000|32.129;10:27.600|0.000|24.821;11:27.362|0.000|26.663;12:28.443|0.000|27.709;13:27.214|0.000|29.865;14:30.027|0.000|27.607;15:27.463|0.000|68.334;16:31.104|0.000|62.650;17:31.138|0.000|63.875;18:28.719|0.000|61.381;19:30.053|0.000|61.487;20:31.111|0.000|66.431;21:29.867|0.000|66.878;22:29.621|0.000|60.081;23:29.135|0.000|64.653;24:28.358|0.000|60.015;25:29.229|0.000|62.741;26:30.578|0.000|65.182;27:30.195|0.000|63.288;28:30.772|0.000|59.950;29:31.127|0.000|61.027"
17.507,"auto_weak_robot_repulsion",31.4509,0.0400,34.7157,0.0000,0.2920,20.0660,34.6954,34.6497,3.0186,3.0186,0,30,"0:30.220|0.000|25.610;1:27.952|0.000|31.506;2:30.496|0.000|30.813;3:28.673|0.000|26.103;4:28.230|0.000|29.359;5:29.348|0.000|28.813;6:27.067|0.000|28.607;7:30.438|0.000|29.349;8:29.230|0.000|30.315;9:29.811|0.000|32.181;10:27.603|0.000|24.863;11:27.360|0.000|26.710;12:28.442|0.000|27.759;13:27.214|0.000|29.915;14:30.034|0.000|27.653;15:27.469|0.000|68.378;16:31.105|0.000|62.601;17:31.137|0.000|63.828;18:28.717|0.000|61.333;19:30.051|0.000|61.440;20:31.105|0.000|66.380;21:29.861|0.000|66.858;22:29.621|0.000|60.035;23:29.146|0.000|64.614;24:28.361|0.000|59.966;25:29.231|0.000|62.691;26:30.590|0.000|65.138;27:30.197|0.000|63.241;28:30.772|0.000|59.900;29:31.125|0.000|60.982"
17.608,"auto_weak_robot_repulsion",31.4766,0.0400,34.7002,0.0000,0.2920,20.0660,34.7122,34.6342,2.9766,2.9766,0,30,"0:30.214|0.000|25.657;1:27.954|0.000|31.557;2:30.496|0.000|30.863;3:28.672|0.000|26.152;4:28.233|0.000|29.414;5:29.346|0.000|28.858;6:27.066|0.000|28.654;7:30.436|0.000|29.398;8:29.232|0.000|30.365;9:29.813|0.000|32.232;10:27.606|0.000|24.904;11:27.358|0.000|26.757;12:28.441|0.000|27.806;13:27.213|0.000|29.965;14:30.041|0.000|27.697;15:27.474|0.000|68.423;16:31.107|0.000|62.554;17:31.136|0.000|63.785;18:28.715|0.000|61.286;19:30.049|0.000|61.395;20:31.100|0.000|66.330;21:29.856|0.000|66.838;22:29.620|0.000|59.988;23:29.158|0.000|64.573;24:28.364|0.000|59.919;25:29.233|0.000|62.643;26:30.603|0.000|65.092;27:30.199|0.000|63.195;28:30.772|0.000|59.852;29:31.121|0.000|60.936"
17.708,"auto_weak_robot_repulsion",31.5023,0.0400,34.6848,0.0000,0.2920,20.0660,34.7290,34.6188,2.9343,2.9343,0,30,"0:30.208|0.000|25.706;1:27.956|0.000|31.609;2:30.497|0.000|30.914;3:28.671|0.000|26.202;4:28.235|0.000|29.470;5:29.343|0.000|28.907;6:27.066|0.000|28.704;7:30.433|0.000|29.448;8:29.234|0.000|30.415;9:29.816|0.000|32.283;10:27.609|0.000|24.945;11:27.357|0.000|26.804;12:28.439|0.000|27.854;13:27.214|0.000|30.016;14:30.050|0.000|27.736;15:27.480|0.000|68.471;16:31.109|0.000|62.509;17:31.135|0.000|63.739;18:28.712|0.000|61.240;19:30.047|0.000|61.348;20:31.096|0.000|66.278;21:29.851|0.000|66.814;22:29.620|0.000|59.937;23:29.171|0.000|64.534;24:28.366|0.000|59.871;25:29.235|0.000|62.593;26:30.614|0.000|65.051;27:30.200|0.000|63.147;28:30.773|0.000|59.803;29:31.117|0.000|60.890"
17.809,"auto_weak_robot_repulsion",31.5280,0.0400,34.6693,0.0000,0.2920,20.0660,34.7459,34.6033,2.8950,2.8950,0,30,"0:30.202|0.000|25.756;1:27.958|0.000|31.659;2:30.498|0.000|30.963;3:28.669|0.000|26.250;4:28.235|0.000|29.523;5:29.340|0.000|28.956;6:27.066|0.000|28.754;7:30.430|0.000|29.499;8:29.234|0.000|30.462;9:29.819|0.000|32.333;10:27.612|0.000|24.984;11:27.356|0.000|26.851;12:28.437|0.000|27.901;13:27.216|0.000|30.064;14:30.056|0.000|27.772;15:27.485|0.000|68.518;16:31.112|0.000|62.465;17:31.134|0.000|63.695;18:28.710|0.000|61.194;19:30.046|0.000|61.303;20:31.091|0.000|66.229;21:29.846|0.000|66.789;22:29.621|0.000|59.887;23:29.181|0.000|64.503;24:28.368|0.000|59.824;25:29.236|0.000|62.545;26:30.619|0.000|65.021;27:30.200|0.000|63.100;28:30.775|0.000|59.756;29:31.113|0.000|60.847"
17.910,"auto_weak_robot_repulsion",31.5537,0.0400,34.6539,0.0000,0.2920,20.0660,34.7627,34.5879,2.8561,2.8561,0,30,"0:30.198|0.000|25.808;1:27.961|0.000|31.709;2:30.499|0.000|31.009;3:28.664|0.000|26.297;4:28.236|0.000|29.576;5:29.337|0.000|29.006;6:27.067|0.000|28.805;7:30.427|0.000|29.552;8:29.234|0.000|30.507;9:29.822|0.000|32.383;10:27.615|0.000|25.023;11:27.355|0.000|26.898;12:28.433|0.000|27.947;13:27.216|0.000|30.113;14:30.059|0.000|27.811;15:27.489|0.000|68.567;16:31.115|0.000|62.420;17:31.133|0.000|63.652;18:28.707|0.000|61.148;19:30.045|0.000|61.256;20:31.085|0.000|66.180;21:29.840|0.000|66.761;22:29.622|0.000|59.836;23:29.188|0.000|64.468;24:28.369|0.000|59.779;25:29.239|0.000|62.496;26:30.621|0.000|64.988;27:30.201|0.000|63.052;28:30.777|0.000|59.710;29:31.107|0.000|60.803"
18.016,"auto_weak_robot_repulsion",31.5820,0.0400,34.6369,0.0000,0.2920,20.0660,34.7813,34.5709,2.8161,2.8161,0,30,"0:30.193|0.000|25.863;1:27.963|0.000|31.763;2:30.501|0.000|31.058;3:28.658|0.000|26.343;4:28.236|0.000|29.630;5:29.335|0.000|29.061;6:27.069|0.000|28.859;7:30.422|0.000|29.609;8:29.232|0.000|30.559;9:29.824|0.000|32.437;10:27.618|0.000|25.062;11:27.354|0.000|26.949;12:28.429|0.000|27.996;13:27.215|0.000|30.163;14:30.063|0.000|27.860;15:27.493|0.000|68.621;16:31.117|0.000|62.375;17:31.131|0.000|63.605;18:28.704|0.000|61.099;19:30.045|0.000|61.204;20:31.077|0.000|66.127;21:29.836|0.000|66.727;22:29.623|0.000|59.781;23:29.197|0.000|64.425;24:28.369|0.000|59.727;25:29.243|0.000|62.444;26:30.623|0.000|64.946;27:30.202|0.000|63.000;28:30.780|0.000|59.661;29:31.103|0.000|60.753"
18.127,"auto_weak_robot_repulsion",31.6103,0.0400,34.6199,0.0000,0.2920,20.0660,34.7998,34.5539,2.7800,2.7800,0,30,"0:30.188|0.000|25.919;1:27.965|0.000|31.817;2:30.503|0.000|31.112;3:28.650|0.000|26.394;4:28.238|0.000|29.685;5:29.333|0.000|29.116;6:27.070|0.000|28.912;7:30.419|0.000|29.665;8:29.229|0.000|30.613;9:29.825|0.000|32.489;10:27.621|0.000|25.105;11:27.353|0.000|27.000;12:28.425|0.000|28.048;13:27.211|0.000|30.210;14:30.067|0.000|27.914;15:27.496|0.000|68.676;16:31.118|0.000|62.329;17:31.129|0.000|63.554;18:28.702|0.000|61.049;19:30.043|0.000|61.154;20:31.070|0.000|66.081;21:29.831|0.000|66.691;22:29.625|0.000|59.725;23:29.208|0.000|64.378;24:28.369|0.000|59.671;25:29.247|0.000|62.392;26:30.627|0.000|64.898;27:30.205|0.000|62.947;28:30.784|0.000|59.610;29:31.099|0.000|60.701"
18.249,"auto_weak_robot_repulsion",31.6412,0.0400,34.6014,0.0000,0.2920,20.0660,34.8201,34.5354,2.7436,2.7436,0,30,"0:30.181|0.000|25.976;1:27.967|0.000|31.871;2:30.504|0.000|31.170;3:28.641|0.000|26.447;4:28.240|0.000|29.739;5:29.331|0.000|29.174;6:27.067|0.000|28.965;7:30.416|0.000|29.725;8:29.228|0.000|30.670;9:29.826|0.000|32.544;10:27.623|0.000|25.151;11:27.353|0.000|27.054;12:28.421|0.000|28.098;13:27.205|0.000|30.263;14:30.070|0.000|27.974;15:27.500|0.000|68.734;16:31.117|0.000|62.281;17:31.126|0.000|63.500;18:28.700|0.000|60.995;19:30.039|0.000|61.105;20:31.063|0.000|66.042;21:29.825|0.000|66.652;22:29.626|0.000|59.668;23:29.220|0.000|64.324;24:28.369|0.000|59.610;25:29.252|0.000|62.336;26:30.630|0.000|64.842;27:30.208|0.000|62.891;28:30.788|0.000|59.560;29:31.095|0.000|60.644"
18.363,"auto_weak_robot_repulsion",31.6720,0.0400,34.5828,0.0000,0.2920,20.0660,34.8404,34.5168,2.7079,2.7079,0,30,"0:30.172|0.000|26.031;1:27.968|0.000|31.928;2:30.504|0.000|31.229;3:28.635|0.000|26.495;4:28.244|0.000|29.788;5:29.327|0.000|29.230;6:27.062|0.000|29.016;7:30.413|0.000|29.783;8:29.228|0.000|30.727;9:29.826|0.000|32.602;10:27.624|0.000|25.198;11:27.355|0.000|27.100;12:28.420|0.000|28.148;13:27.199|0.000|30.316;14:30.072|0.000|28.034;15:27.503|0.000|68.791;16:31.116|0.000|62.229;17:31.122|0.000|63.445;18:28.698|0.000|60.945;19:30.033|0.000|61.054;20:31.054|0.000|65.999;21:29.819|0.000|66.615;22:29.627|0.000|59.612;23:29.230|0.000|64.267;24:28.371|0.000|59.550;25:29.256|0.000|62.283;26:30.632|0.000|64.785;27:30.211|0.000|62.833;28:30.789|0.000|59.511;29:31.092|0.000|60.588"
18.474,"auto_weak_robot_repulsion",31.7003,0.0400,34.5658,0.0000,0.2920,20.0660,34.8591,34.4998,2.6759,2.6759,0,30,"0:30.165|0.000|26.079;1:27.968|0.000|31.982;2:30.503|0.000|31.284;3:28.632|0.000|26.543;4:28.250|0.000|29.837;5:29.322|0.000|29.278;6:27.056|0.000|29.066;7:30.409|0.000|29.836;8:29.227|0.000|30.782;9:29.825|0.000|32.657;10:27.625|0.000|25.242;11:27.358|0.000|27.139;12:28.419|0.000|28.194;13:27.195|0.000|30.360;14:30.075|0.000|28.089;15:27.506|0.000|68.844;16:31.116|0.000|62.177;17:31.119|0.000|63.394;18:28.695|0.000|60.897;19:30.028|0.000|61.006;20:31.042|0.000|65.958;21:29.813|0.000|66.580;22:29.628|0.000|59.561;23:29.240|0.000|64.216;24:28.373|0.000|59.496;25:29.258|0.000|62.237;26:30.634|0.000|64.732;27:30.213|0.000|62.780;28:30.788|0.000|59.466;29:31.090|0.000|60.536"
18.588,"auto_weak_robot_repulsion",31.7286,0.0400,34.5488,0.0000,0.2920,20.0660,34.8777,34.4828,2.6434,2.6434,0,30,"0:30.156|0.000|26.130;1:27.968|0.000|32.040;2:30.501|0.000|31.339;3:28.627|0.000|26.595;4:28.256|0.000|29.889;5:29.316|0.000|29.330;6:27.051|0.000|29.114;7:30.404|0.000|29.886;8:29.227|0.000|30.838;9:29.825|0.000|32.715;10:27.626|0.000|25.287;11:27.354|0.000|27.185;12:28.419|0.000|28.244;13:27.193|0.000|30.406;14:30.079|0.000|28.144;15:27.509|0.000|68.897;16:31.115|0.000|62.122;17:31.116|0.000|63.341;18:28.692|0.000|60.847;19:30.022|0.000|60.956;20:31.030|0.000|65.915;21:29.807|0.000|66.544;22:29.629|0.000|59.511;23:29.251|0.000|64.164;24:28.375|0.000|59.441;25:29.257|0.000|62.189;26:30.638|0.000|64.678;27:30.212|0.000|62.731;28:30.787|0.000|59.416;29:31.086|0.000|60.483"
18.689,"auto_weak_robot_repulsion",31.7543,0.0400,34.5334,0.0000,0.2920,20.0660,34.8947,34.4674,2.6154,2.6154,0,30,"0:30.148|0.000|26.172;1:27.967|0.000|32.095;2:30.500|0.000|31.390;3:28.623|0.000|26.643;4:28.259|0.000|29.935;5:29.310|0.000|29.379;6:27.049|0.000|29.154;7:30.399|0.000|29.933;8:29.228|0.000|30.889;9:29.825|0.000|32.768;10:27.626|0.000|25.328;11:27.350|0.000|27.227;12:28.419|0.000|28.292;13:27.192|0.000|30.452;14:30.084|0.000|28.192;15:27.513|0.000|68.944;16:31.113|0.000|62.072;17:31.113|0.000|63.294;18:28.689|0.000|60.799;19:30.017|0.000|60.909;20:31.021|0.000|65.877;21:29.801|0.000|66.514;22:29.631|0.000|59.467;23:29.263|0.000|64.119;24:28.377|0.000|59.392;25:29.257|0.000|62.144;26:30.641|0.000|64.629;27:30.210|0.000|62.685;28:30.786|0.000|59.368;29:31.082|0.000|60.437"
18.794,"auto_weak_robot_repulsion",31.7826,0.0400,34.5164,0.0000,0.2920,20.0660,34.9134,34.4504,2.5884,2.5884,0,30,"0:30.143|0.000|26.215;1:27.966|0.000|32.153;2:30.498|0.000|31.445;3:28.620|0.000|26.697;4:28.260|0.000|29.984;5:29.305|0.000|29.429;6:27.049|0.000|29.198;7:30.393|0.000|29.986;8:29.229|0.000|30.943;9:29.825|0.000|32.823;10:27.627|0.000|25.373;11:27.347|0.000|27.273;12:28.418|0.000|28.345;13:27.190|0.000|30.504;14:30.090|0.000|28.239;15:27.519|0.000|68.994;16:31.110|0.000|62.018;17:31.109|0.000|63.244;18:28.686|0.000|60.747;19:30.012|0.000|60.858;20:31.011|0.000|65.833;21:29.794|0.000|66.487;22:29.634|0.000|59.415;23:29.275|0.000|64.074;24:28.378|0.000|59.340;25:29.256|0.000|62.093;26:30.646|0.000|64.579;27:30.204|0.000|62.633;28:30.786|0.000|59.314;29:31.078|0.000|60.387"
18.899,"auto_weak_robot_repulsion",31.8083,0.0400,34.5009,0.0000,0.2920,20.0660,34.9304,34.4349,2.5646,2.5646,0,30,"0:30.140|0.000|26.255;1:27.966|0.000|32.205;2:30.496|0.000|31.496;3:28.617|0.000|26.748;4:28.260|0.000|30.030;5:29.302|0.000|29.477;6:27.049|0.000|29.245;7:30.387|0.000|30.037;8:29.230|0.000|30.993;9:29.825|0.000|32.875;10:27.628|0.000|25.415;11:27.345|0.000|27.317;12:28.418|0.000|28.395;13:27.189|0.000|30.554;14:30.097|0.000|28.281;15:27.527|0.000|69.042;16:31.108|0.000|61.968;17:31.106|0.000|63.197;18:28.683|0.000|60.697;19:30.006|0.000|60.810;20:31.002|0.000|65.788;21:29.788|0.000|66.460;22:29.637|0.000|59.366;23:29.287|0.000|64.033;24:28.380|0.000|59.292;25:29.255|0.000|62.044;26:30.651|0.000|64.533;27:30.200|0.000|62.583;28:30.785|0.000|59.263;29:31.074|0.000|60.340"
19.009,"auto_weak_robot_repulsion",31.8366,0.0400,34.4839,0.0000,0.2920,20.0660,34.9492,34.4179,2.5410,2.5410,0,30,"0:30.136|0.000|26.303;1:27.966|0.000|32.261;2:30.495|0.000|31.550;3:28.614|0.000|26.802;4:28.259|0.000|30.082;5:29.300|0.000|29.529;6:27.048|0.000|29.296;7:30.380|0.000|30.093;8:29.231|0.000|31.048;9:29.826|0.000|32.931;10:27.630|0.000|25.460;11:27.344|0.000|27.367;12:28.419|0.000|28.449;13:27.189|0.000|30.608;14:30.105|0.000|28.330;15:27.535|0.000|69.092;16:31.107|0.000|61.916;17:31.105|0.000|63.148;18:28.681|0.000|60.643;19:30.000|0.000|60.759;20:30.992|0.000|65.736;21:29.784|0.000|66.430;22:29.641|0.000|59.309;23:29.301|0.000|63.989;24:28.381|0.000|59.242;25:29.255|0.000|61.989;26:30.656|0.000|64.482;27:30.197|0.000|62.528;28:30.783|0.000|59.208;29:31.071|0.000|60.295"
19.111,"auto_weak_robot_repulsion",31.8648,0.0400,34.4670,0.0000,0.2920,20.0660,34.9679,34.4010,2.5201,2.5201,0,30,"0:30.133|0.000|26.353;1:27.966|0.000|32.315;2:30.493|0.000|31.604;3:28.610|0.000|26.855;4:28.257|0.000|30.136;5:29.297|0.000|29.581;6:27.049|0.000|29.348;7:30.374|0.000|30.149;8:29.231|0.000|31.101;9:29.827|0.000|32.985;10:27.631|0.000|25.504;11:27.341|0.000|27.420;12:28.420|0.000|28.502;13:27.188|0.000|30.661;14:30.112|0.000|28.378;15:27.543|0.000|69.137;16:31.108|0.000|61.868;17:31.104|0.000|63.101;18:28.677|0.000|60.590;19:29.995|0.000|60.710;20:30.982|0.000|65.683;21:29.782|0.000|66.400;22:29.644|0.000|59.253;23:29.314|0.000|63.947;24:28.381|0.000|59.194;25:29.253|0.000|61.935;26:30.660|0.000|64.436;27:30.196|0.000|62.475;28:30.780|0.000|59.155;29:31.069|0.000|60.248"
19.213,"auto_weak_robot_repulsion",31.8906,0.0400,34.4515,0.0000,0.2920,20.0660,34.9850,34.3855,2.5031,2.5031,0,30,"0:30.129|0.000|26.403;1:27.967|0.000|32.364;2:30.493|0.000|31.653;3:28.606|0.000|26.903;4:28.256|0.000|30.186;5:29.294|0.000|29.630;6:27.050|0.000|29.397;7:30.369|0.000|30.200;8:29.231|0.000|31.148;9:29.828|0.000|33.034;10:27.632|0.000|25.545;11:27.339|0.000|27.470;12:28.420|0.000|28.550;13:27.187|0.000|30.710;14:30.116|0.000|28.420;15:27.550|0.000|69.181;16:31.112|0.000|61.823;17:31.104|0.000|63.055;18:28.673|0.000|60.543;19:29.990|0.000|60.665;20:30.974|0.000|65.635;21:29.783|0.000|66.374;22:29.647|0.000|59.203;23:29.322|0.000|63.914;24:28.382|0.000|59.146;25:29.252|0.000|61.885;26:30.662|0.000|64.395;27:30.195|0.000|62.427;28:30.779|0.000|59.109;29:31.069|0.000|60.202"
19.315,"auto_weak_robot_repulsion",31.9163,0.0400,34.4361,0.0000,0.2920,20.0660,35.0021,34.3701,2.4880,2.4880,0,30,"0:30.125|0.000|26.455;1:27.968|0.000|32.413;2:30.494|0.000|31.701;3:28.600|0.000|26.950;4:28.255|0.000|30.236;5:29.291|0.000|29.679;6:27.051|0.000|29.445;7:30.363|0.000|30.252;8:29.230|0.000|31.196;9:29.829|0.000|33.083;10:27.633|0.000|25.585;11:27.338|0.000|27.521;12:28.418|0.000|28.595;13:27.185|0.000|30.758;14:30.119|0.000|28.461;15:27.555|0.000|69.226;16:31.116|0.000|61.778;17:31.104|0.000|63.009;18:28.669|0.000|60.496;19:29.986|0.000|60.622;20:30.967|0.000|65.588;21:29.785|0.000|66.348;22:29.650|0.000|59.153;23:29.329|0.000|63.882;24:28.384|0.000|59.098;25:29.252|0.000|61.835;26:30.662|0.000|64.354;27:30.193|0.000|62.379;28:30.780|0.000|59.066;29:31.069|0.000|60.154"
19.426,"auto_weak_robot_repulsion",31.9446,0.0400,34.4191,0.0000,0.2920,20.0660,35.0209,34.3531,2.4739,2.4739,0,30,"0:30.122|0.000|26.511;1:27.968|0.000|32.466;2:30.496|0.000|31.756;3:28.595|0.000|26.999;4:28.255|0.000|30.291;5:29.288|0.000|29.730;6:27.051|0.000|29.496;7:30.358|0.000|30.307;8:29.229|0.000|31.247;9:29.829|0.000|33.136;10:27.635|0.000|25.628;11:27.337|0.000|27.575;12:28.416|0.000|28.642;13:27.182|0.000|30.808;14:30.121|0.000|28.510;15:27.561|0.000|69.278;16:31.121|0.000|61.730;17:31.103|0.000|62.958;18:28.667|0.000|60.446;19:29.982|0.000|60.578;20:30.958|0.000|65.537;21:29.788|0.000|66.320;22:29.652|0.000|59.098;23:29.336|0.000|63.844;24:28.387|0.000|59.043;25:29.252|0.000|61.781;26:30.662|0.000|64.306;27:30.191|0.000|62.328;28:30.784|0.000|59.020;29:31.069|0.000|60.100"
19.530,"auto_weak_robot_repulsion",31.9703,0.0400,34.4036,0.0000,0.2920,20.0660,35.0380,34.3376,2.4626,2.4626,0,30,"0:30.120|0.000|26.563;1:27.969|0.000|32.515;2:30.499|0.000|31.803;3:28.589|0.000|27.045;4:28.254|0.000|30.342;5:29.286|0.000|29.778;6:27.051|0.000|29.544;7:30.354|0.000|30.356;8:29.229|0.000|31.292;9:29.830|0.000|33.185;10:27.637|0.000|25.668;11:27.337|0.000|27.624;12:28.412|0.000|28.688;13:27.180|0.000|30.853;14:30.122|0.000|28.556;15:27.565|0.000|69.328;16:31.123|0.000|61.690;17:31.102|0.000|62.910;18:28.666|0.000|60.402;19:29.980|0.000|60.536;20:30.948|0.000|65.493;21:29.792|0.000|66.292;22:29.654|0.000|59.050;23:29.342|0.000|63.804;24:28.390|0.000|58.992;25:29.253|0.000|61.736;26:30.662|0.000|64.259;27:30.188|0.000|62.281;28:30.788|0.000|58.975;29:31.068|0.000|60.050"
19.649,"auto_weak_robot_repulsion",32.0011,0.0400,34.3851,0.0000,0.2920,20.0660,35.0586,34.3191,2.4514,2.4514,0,30,"0:30.118|0.000|26.621;1:27.970|0.000|32.575;2:30.503|0.000|31.856;3:28.583|0.000|27.096;4:28.256|0.000|30.403;5:29.283|0.000|29.833;6:27.050|0.000|29.597;7:30.348|0.000|30.414;8:29.230|0.000|31.346;9:29.831|0.000|33.244;10:27.639|0.000|25.716;11:27.336|0.000|27.681;12:28.408|0.000|28.742;13:27.175|0.000|30.908;14:30.123|0.000|28.614;15:27.569|0.000|69.387;16:31.124|0.000|61.639;17:31.101|0.000|62.852;18:28.666|0.000|60.347;19:29.978|0.000|60.483;20:30.932|0.000|65.443;21:29.796|0.000|66.258;22:29.657|0.000|58.994;23:29.350|0.000|63.751;24:28.394|0.000|58.932;25:29.254|0.000|61.679;26:30.663|0.000|64.200;27:30.185|0.000|62.228;28:30.794|0.000|58.922;29:31.068|0.000|59.992"
19.754,"auto_weak_robot_repulsion",32.0294,0.0400,34.3681,0.0000,0.2920,20.0660,35.0775,34.3021,2.4448,2.4448,0,30,"0:30.113|0.000|26.673;1:27.972|0.000|32.629;2:30.506|0.000|31.907;3:28.580|0.000|27.141;4:28.259|0.000|30.460;5:29.279|0.000|29.885;6:27.048|0.000|29.647;7:30.343|0.000|30.468;8:29.232|0.000|31.397;9:29.833|0.000|33.295;10:27.642|0.000|25.757;11:27.332|0.000|27.730;12:28.404|0.000|28.792;13:27.172|0.000|30.954;14:30.123|0.000|28.668;15:27.574|0.000|69.442;16:31.125|0.000|61.589;17:31.100|0.000|62.801;18:28.666|0.000|60.293;19:29.977|0.000|60.433;20:30.915|0.000|65.396;21:29.799|0.000|66.225;22:29.660|0.000|58.943;23:29.359|0.000|63.698;24:28.398|0.000|58.877;25:29.256|0.000|61.625;26:30.663|0.000|64.145;27:30.183|0.000|62.181;28:30.797|0.000|58.877;29:31.067|0.000|59.939"
19.869,"auto_weak_robot_repulsion",32.0577,0.0400,34.3511,0.0000,0.2920,20.0660,35.0964,34.2851,2.4383,2.4383,0,30,"0:30.106|0.000|26.722;1:27.974|0.000|32.680;2:30.507|0.000|31.962;3:28.578|0.000|27.188;4:28.262|0.000|30.519;5:29.275|0.000|29.941;6:27.046|0.000|29.698;7:30.338|0.000|30.521;8:29.234|0.000|31.452;9:29.835|0.000|33.348;10:27.645|0.000|25.798;11:27.327|0.000|27.779;12:28.402|0.000|28.844;13:27.171|0.000|31.001;14:30.123|0.000|28.724;15:27.579|0.000|69.496;16:31.125|0.000|61.535;17:31.098|0.000|62.748;18:28.668|0.000|60.238;19:29.976|0.000|60.379;20:30.899|0.000|65.354;21:29.802|0.000|66.190;22:29.662|0.000|58.891;23:29.365|0.000|63.643;24:28.402|0.000|58.823;25:29.257|0.000|61.569;26:30.661|0.000|64.090;27:30.182|0.000|62.132;28:30.798|0.000|58.828;29:31.066|0.000|59.886"
19.974,"auto_weak_robot_repulsion",32.0860,0.0400,34.3341,0.0000,0.2920,20.0660,35.1153,34.2681,2.4329,2.4329,0,30,"0:30.097|0.000|26.773;1:27.977|0.000|32.735;2:30.508|0.000|32.018;3:28.577|0.000|27.237;4:28.264|0.000|30.573;5:29.271|0.000|29.997;6:27.045|0.000|29.744;7:30.334|0.000|30.573;8:29.236|0.000|31.507;9:29.839|0.000|33.402;10:27.648|0.000|25.841;11:27.321|0.000|27.829;12:28.400|0.000|28.896;13:27.172|0.000|31.046;14:30.123|0.000|28.777;15:27.584|0.000|69.550;16:31.125|0.000|61.481;17:31.097|0.000|62.698;18:28.668|0.000|60.183;19:29.974|0.000|60.325;20:30.888|0.000|65.328;21:29.804|0.000|66.155;22:29.663|0.000|58.841;23:29.371|0.000|63.589;24:28.405|0.000|58.770;25:29.258|0.000|61.513;26:30.659|0.000|64.036;27:30.182|0.000|62.081;28:30.799|0.000|58.777;29:31.064|0.000|59.835"
20.084,"auto_weak_robot_repulsion",32.1031,0.0400,34.3171,0.0000,0.2920,20.0660,35.1241,34.2511,2.4191,2.4191,0,30,"0:30.088|0.000|26.823;1:27.980|0.000|32.791;2:30.508|0.000|32.075;3:28.575|0.000|27.289;4:28.264|0.000|30.627;5:29.270|0.000|30.047;6:27.046|0.000|29.791;7:30.329|0.000|30.628;8:29.237|0.000|31.564;9:29.842|0.000|33.458;10:27.651|0.000|25.884;11:27.315|0.000|27.879;12:28.398|0.000|28.948;13:27.172|0.000|31.095;14:30.124|0.000|28.831;15:27.590|0.000|69.602;16:31.124|0.000|61.427;17:31.095|0.000|62.648;18:28.667|0.000|60.128;19:29.973|0.000|60.272;20:30.882|0.000|65.295;21:29.806|0.000|66.121;22:29.663|0.000|58.788;23:29.377|0.000|63.535;24:28.408|0.000|58.718;25:29.259|0.000|61.456;26:30.659|0.000|63.984;27:30.183|0.000|62.027;28:30.801|0.000|58.724;29:31.062|0.000|59.784"
20.185,"auto_weak_robot_repulsion",32.1031,0.0400,34.3016,0.0000,0.2920,20.0660,35.1179,34.2356,2.3937,2.3937,0,30,"0:30.080|0.000|26.865;1:27.983|0.000|32.843;2:30.507|0.000|32.126;3:28.573|0.000|27.339;4:28.263|0.000|30.679;5:29.271|0.000|30.094;6:27.048|0.000|29.834;7:30.325|0.000|30.674;8:29.240|0.000|31.615;9:29.844|0.000|33.510;10:27.653|0.000|25.925;11:27.311|0.000|27.922;12:28.397|0.000|28.996;13:27.173|0.000|31.144;14:30.127|0.000|28.877;15:27.596|0.000|69.645;16:31.123|0.000|61.378;17:31.093|0.000|62.603;18:28.667|0.000|60.078;19:29.971|0.000|60.224;20:30.875|0.000|65.259;21:29.808|0.000|66.090;22:29.663|0.000|58.743;23:29.384|0.000|63.488;24:28.411|0.000|58.671;25:29.260|0.000|61.406;26:30.661|0.000|63.940;27:30.185|0.000|61.976;28:30.801|0.000|58.675;29:31.060|0.000|59.738"
20.287,"auto_weak_robot_repulsion",32.1031,0.0400,34.2862,0.0000,0.2920,20.0660,35.1116,34.2202,2.3703,2.3703,0,30,"0:30.077|0.000|26.906;1:27.985|0.000|32.895;2:30.507|0.000|32.178;3:28.572|0.000|27.389;4:28.262|0.000|30.732;5:29.273|0.000|30.145;6:27.050|0.000|29.880;7:30.323|0.000|30.721;8:29.242|0.000|31.666;9:29.846|0.000|33.561;10:27.656|0.000|25.968;11:27.307|0.000|27.968;12:28.397|0.000|29.044;13:27.173|0.000|31.194;14:30.132|0.000|28.924;15:27.602|0.000|69.690;16:31.124|0.000|61.331;17:31.091|0.000|62.557;18:28.666|0.000|60.027;19:29.968|0.000|60.176;20:30.867|0.000|65.218;21:29.810|0.000|66.060;22:29.661|0.000|58.699;23:29.393|0.000|63.445;24:28.414|0.000|58.623;25:29.261|0.000|61.357;26:30.664|0.000|63.899;27:30.186|0.000|61.925;28:30.801|0.000|58.625;29:31.060|0.000|59.692"
20.388,"auto_weak_robot_repulsion",32.1031,0.0400,34.2707,0.0000,0.2920,20.0660,35.1054,34.2047,2.3490,2.3490,0,30,"0:30.073|0.000|26.952;1:27.987|0.000|32.947;2:30.507|0.000|32.228;3:28.571|0.000|27.440;4:28.261|0.000|30.784;5:29.274|0.000|30.197;6:27.051|0.000|29.928;7:30.320|0.000|30.771;8:29.245|0.000|31.716;9:29.848|0.000|33.613;10:27.658|0.000|26.010;11:27.304|0.000|28.016;12:28.396|0.000|29.091;13:27.173|0.000|31.244;14:30.139|0.000|28.971;15:27.607|0.000|69.737;16:31.125|0.000|61.283;17:31.089|0.000|62.511;18:28.664|0.000|59.976;19:29.965|0.000|60.129;20:30.860|0.000|65.174;21:29.813|0.000|66.029;22:29.659|0.000|58.652;23:29.404|0.000|63.402;24:28.415|0.000|58.576;25:29.261|0.000|61.309;26:30.668|0.000|63.855;27:30.187|0.000|61.876;28:30.801|0.000|58.577;29:31.059|0.000|59.646"
20.502,"auto_weak_robot_repulsion",32.1031,0.0400,34.2522,0.0000,0.2920,20.0660,35.0979,34.1862,2.3248,2.3248,0,30,"0:30.068|0.000|27.008;1:27.989|0.000|33.007;2:30.508|0.000|32.288;3:28.571|0.000|27.500;4:28.260|0.000|30.846;5:29.274|0.000|30.259;6:27.053|0.000|29.986;7:30.317|0.000|30.831;8:29.247|0.000|31.775;9:29.852|0.000|33.673;10:27.660|0.000|26.062;11:27.300|0.000|28.074;12:28.395|0.000|29.148;13:27.175|0.000|31.304;14:30.146|0.000|29.023;15:27.612|0.000|69.794;16:31.127|0.000|61.230;17:31.087|0.000|62.457;18:28.662|0.000|59.916;19:29.961|0.000|60.075;20:30.853|0.000|65.117;21:29.816|0.000|65.996;22:29.659|0.000|58.595;23:29.418|0.000|63.348;24:28.416|0.000|58.519;25:29.262|0.000|61.253;26:30.675|0.000|63.803;27:30.188|0.000|61.819;28:30.802|0.000|58.519;29:31.058|0.000|59.590"
20.604,"auto_weak_robot_repulsion",32.1031,0.0400,34.2368,0.0000,0.2920,20.0660,35.0916,34.1708,2.3064,2.3064,0,30,"0:30.063|0.000|27.058;1:27.991|0.000|33.058;2:30.509|0.000|32.337;3:28.571|0.000|27.548;4:28.260|0.000|30.898;5:29.274|0.000|30.311;6:27.055|0.000|30.036;7:30.314|0.000|30.883;8:29.247|0.000|31.821;9:29.855|0.000|33.723;10:27.663|0.000|26.105;11:27.297|0.000|28.125;12:28.394|0.000|29.195;13:27.177|0.000|31.353;14:30.152|0.000|29.061;15:27.615|0.000|69.843;16:31.129|0.000|61.185;17:31.085|0.000|62.409;18:28.660|0.000|59.866;19:29.959|0.000|60.029;20:30.846|0.000|65.069;21:29.819|0.000|65.970;22:29.659|0.000|58.545;23:29.428|0.000|63.310;24:28.415|0.000|58.473;25:29.262|0.000|61.205;26:30.680|0.000|63.761;27:30.188|0.000|61.771;28:30.804|0.000|58.471;29:31.057|0.000|59.546"
20.716,"auto_weak_robot_repulsion",32.1031,0.0400,34.2198,0.0000,0.2920,20.0660,35.0848,34.1538,2.2889,2.2889,0,30,"0:30.059|0.000|27.115;1:27.994|0.000|33.113;2:30.511|0.000|32.387;3:28.569|0.000|27.598;4:28.260|0.000|30.954;5:29.272|0.000|30.366;6:27.058|0.000|30.090;7:30.310|0.000|30.940;8:29.246|0.000|31.871;9:29.857|0.000|33.778;10:27.667|0.000|26.151;11:27.295|0.000|28.179;12:28.392|0.000|29.246;13:27.178|0.000|31.407;14:30.155|0.000|29.104;15:27.618|0.000|69.897;16:31.133|0.000|61.136;17:31.082|0.000|62.362;18:28.659|0.000|59.812;19:29.958|0.000|59.982;20:30.838|0.000|65.017;21:29.824|0.000|65.941;22:29.659|0.000|58.489;23:29.433|0.000|63.273;24:28.414|0.000|58.424;25:29.262|0.000|61.153;26:30.683|0.000|63.714;27:30.187|0.000|61.720;28:30.806|0.000|58.421;29:31.056|0.000|59.498"
20.819,"auto_weak_robot_repulsion",32.1031,0.0400,34.2043,0.0000,0.2920,20.0660,35.0785,34.1383,2.2756,2.2756,0,30,"0:30.056|0.000|27.166;1:27.996|0.000|33.163;2:30.513|0.000|32.433;3:28.566|0.000|27.641;4:28.260|0.000|31.005;5:29.271|0.000|30.416;6:27.061|0.000|30.138;7:30.307|0.000|30.992;8:29.244|0.000|31.920;9:29.859|0.000|33.828;10:27.670|0.000|26.194;11:27.293|0.000|28.228;12:28.390|0.000|29.293;13:27.177|0.000|31.452;14:30.157|0.000|29.148;15:27.619|0.000|69.946;16:31.135|0.000|61.094;17:31.079|0.000|62.318;18:28.658|0.000|59.763;19:29.957|0.000|59.939;20:30.829|0.000|64.970;21:29.829|0.000|65.914;22:29.661|0.000|58.438;23:29.437|0.000|63.233;24:28.413|0.000|58.376;25:29.262|0.000|61.105;26:30.686|0.000|63.667;27:30.187|0.000|61.673;28:30.809|0.000|58.375;29:31.053|0.000|59.452"
20.932,"auto_weak_robot_repulsion",32.1031,0.0400,34.1858,0.0000,0.2920,20.0660,35.0711,34.1198,2.2644,2.2644,0,30,"0:30.052|0.000|27.218;1:27.998|0.000|33.212;2:30.515|0.000|32.485;3:28.560|0.000|27.690;4:28.260|0.000|31.057;5:29.271|0.000|30.466;6:27.064|0.000|30.187;7:30.304|0.000|31.045;8:29.242|0.000|31.970;9:29.860|0.000|33.873;10:27.672|0.000|26.236;11:27.291|0.000|28.278;12:28.387|0.000|29.342;13:27.174|0.000|31.496;14:30.159|0.000|29.196;15:27.621|0.000|69.997;16:31.136|0.000|61.053;17:31.075|0.000|62.269;18:28.657|0.000|59.713;19:29.957|0.000|59.896;20:30.820|0.000|64.923;21:29.833|0.000|65.893;22:29.662|0.000|58.387;23:29.443|0.000|63.189;24:28.413|0.000|58.327;25:29.261|0.000|61.056;26:30.690|0.000|63.618;27:30.187|0.000|61.625;28:30.812|0.000|58.328;29:31.051|0.000|59.403"
21.035,"auto_weak_robot_repulsion",32.1031,0.0400,34.1703,0.0000,0.2920,20.0660,35.0648,34.1043,2.2561,2.2561,0,30,"0:30.045|0.000|27.268;1:27.999|0.000|33.259;2:30.516|0.000|32.535;3:28.555|0.000|27.739;4:28.259|0.000|31.105;5:29.270|0.000|30.514;6:27.064|0.000|30.232;7:30.301|0.000|31.095;8:29.241|0.000|32.018;9:29.861|0.000|33.922;10:27.674|0.000|26.275;11:27.288|0.000|28.326;12:28.386|0.000|29.386;13:27.170|0.000|31.542;14:30.160|0.000|29.246;15:27.623|0.000|70.046;16:31.135|0.000|61.012;17:31.072|0.000|62.219;18:28.657|0.000|59.664;19:29.959|0.000|59.855;20:30.811|0.000|64.882;21:29.837|0.000|65.868;22:29.663|0.000|58.337;23:29.449|0.000|63.142;24:28.414|0.000|58.276;25:29.260|0.000|61.006;26:30.693|0.000|63.567;27:30.188|0.000|61.578;28:30.814|0.000|58.286;29:31.049|0.000|59.355"
21.145,"auto_weak_robot_repulsion",32.1031,0.0400,34.1533,0.0000,0.2920,20.0660,35.0580,34.0873,2.2279,2.2279,0,30,"0:30.040|0.000|27.319;1:27.999|0.000|33.313;2:30.515|0.000|32.591;3:28.551|0.000|27.789;4:28.257|0.000|31.154;5:29.270|0.000|30.565;6:27.063|0.000|30.277;7:30.298|0.000|31.150;8:29.240|0.000|32.073;9:29.860|0.000|33.977;10:27.676|0.000|26.319;11:27.283|0.000|28.376;12:28.386|0.000|29.435;13:27.165|0.000|31.592;14:30.160|0.000|29.302;15:27.625|0.000|70.100;16:31.134|0.000|60.962;17:31.070|0.000|62.165;18:28.657|0.000|59.614;19:29.959|0.000|59.812;20:30.799|0.000|64.838;21:29.841|0.000|65.841;22:29.663|0.000|58.283;23:29.454|0.000|63.088;24:28.415|0.000|58.220;25:29.258|0.000|60.957;26:30.695|0.000|63.512;27:30.189|0.000|61.524;28:30.814|0.000|58.239;29:31.046|0.000|59.301"
21.265,"auto_weak_robot_repulsion",32.1031,0.0400,34.1348,0.0000,0.2920,20.0660,35.0506,34.0688,2.1741,2.1741,0,30,"0:30.033|0.000|27.373;1:27.999|0.000|33.374;2:30.514|0.000|32.651;3:28.550|0.000|27.842;4:28.253|0.000|31.212;5:29.271|0.000|30.616;6:27.060|0.000|30.330;7:30.294|0.000|31.208;8:29.240|0.000|32.134;9:29.860|0.000|34.038;10:27.677|0.000|26.369;11:27.278|0.000|28.432;12:28.388|0.000|29.488;13:27.161|0.000|31.642;14:30.161|0.000|29.362;15:27.627|0.000|70.157;16:31.133|0.000|60.905;17:31.068|0.000|62.105;18:28.654|0.000|59.559;19:29.959|0.000|59.763;20:30.788|0.000|64.787;21:29.846|0.000|65.812;22:29.663|0.000|58.226;23:29.459|0.000|63.029;24:28.418|0.000|58.160;25:29.254|0.000|60.900;26:30.697|0.000|63.453;27:30.189|0.000|61.465;28:30.813|0.000|58.189;29:31.044|0.000|59.242"
21.369,"auto_weak_robot_repulsion",32.1031,0.0400,34.1193,0.0000,0.2920,20.0660,35.0444,34.0533,2.1312,2.1312,0,30,"0:30.025|0.000|27.420;1:27.998|0.000|33.427;2:30.512|0.000|32.702;3:28.549|0.000|27.889;4:28.249|0.000|31.261;5:29.272|0.000|30.662;6:27.057|0.000|30.375;7:30.290|0.000|31.253;8:29.239|0.000|32.185;9:29.860|0.000|34.091;10:27.677|0.000|26.411;11:27.273|0.000|28.478;12:28.389|0.000|29.535;13:27.159|0.000|31.686;14:30.162|0.000|29.411;15:27.630|0.000|70.205;16:31.133|0.000|60.855;17:31.066|0.000|62.057;18:28.652|0.000|59.512;19:29.959|0.000|59.721;20:30.781|0.000|64.746;21:29.850|0.000|65.786;22:29.663|0.000|58.181;23:29.464|0.000|62.981;24:28.419|0.000|58.110;25:29.252|0.000|60.850;26:30.700|0.000|63.406;27:30.188|0.000|61.422;28:30.812|0.000|58.143;29:31.042|0.000|59.193"
21.489,"auto_weak_robot_repulsion",32.1031,0.0400,34.1008,0.0000,0.2920,20.0660,35.0369,34.0348,2.0809,2.0809,0,30,"0:30.017|0.000|27.472;1:27.997|0.000|33.491;2:30.510|0.000|32.762;3:28.548|0.000|27.944;4:28.246|0.000|31.320;5:29.272|0.000|30.719;6:27.055|0.000|30.426;7:30.284|0.000|31.311;8:29.240|0.000|32.245;9:29.860|0.000|34.153;10:27.678|0.000|26.462;11:27.269|0.000|28.527;12:28.390|0.000|29.592;13:27.157|0.000|31.742;14:30.165|0.000|29.469;15:27.633|0.000|70.261;16:31.131|0.000|60.795;17:31.062|0.000|62.001;18:28.649|0.000|59.454;19:29.959|0.000|59.668;20:30.776|0.000|64.702;21:29.855|0.000|65.753;22:29.663|0.000|58.127;23:29.471|0.000|62.924;24:28.421|0.000|58.052;25:29.249|0.000|60.789;26:30.705|0.000|63.351;27:30.183|0.000|61.367;28:30.811|0.000|58.085;29:31.038|0.000|59.137"
21.596,"auto_weak_robot_repulsion",32.1031,0.0400,34.0838,0.0000,0.2920,20.0660,35.0301,34.0178,2.0364,2.0364,0,30,"0:30.012|0.000|27.518;1:27.996|0.000|33.549;2:30.508|0.000|32.818;3:28.547|0.000|27.996;4:28.243|0.000|31.376;5:29.271|0.000|30.773;6:27.054|0.000|30.475;7:30.278|0.000|31.366;8:29.242|0.000|32.301;9:29.860|0.000|34.210;10:27.679|0.000|26.511;11:27.267|0.000|28.575;12:28.391|0.000|29.646;13:27.155|0.000|31.796;14:30.169|0.000|29.520;15:27.638|0.000|70.312;16:31.128|0.000|60.740;17:31.059|0.000|61.950;18:28.646|0.000|59.398;19:29.958|0.000|59.615;20:30.774|0.000|64.661;21:29.860|0.000|65.720;22:29.664|0.000|58.073;23:29.478|0.000|62.872;24:28.422|0.000|57.999;25:29.248|0.000|60.734;26:30.710|0.000|63.304;27:30.179|0.000|61.312;28:30.810|0.000|58.030;29:31.035|0.000|59.085"
21.704,"auto_weak_robot_repulsion",32.1031,0.0400,34.0668,0.0000,0.2920,20.0660,35.0233,34.0008,1.9939,1.9939,0,30,"0:30.009|0.000|27.562;1:27.996|0.000|33.606;2:30.506|0.000|32.873;3:28.546|0.000|28.049;4:28.241|0.000|31.431;5:29.268|0.000|30.827;6:27.053|0.000|30.527;7:30.272|0.000|31.422;8:29.243|0.000|32.355;9:29.860|0.000|34.266;10:27.679|0.000|26.559;11:27.265|0.000|28.624;12:28.392|0.000|29.699;13:27.153|0.000|31.851;14:30.173|0.000|29.566;15:27.643|0.000|70.365;16:31.125|0.000|60.686;17:31.056|0.000|61.901;18:28.643|0.000|59.341;19:29.958|0.000|59.561;20:30.773|0.000|64.616;21:29.866|0.000|65.685;22:29.666|0.000|58.018;23:29.486|0.000|62.822;24:28.422|0.000|57.947;25:29.246|0.000|60.678;26:30.716|0.000|63.260;27:30.175|0.000|61.257;28:30.808|0.000|57.975;29:31.032|0.000|59.035"
21.814,"auto_weak_robot_repulsion",32.1031,0.0400,34.0498,0.0000,0.2920,20.0660,35.0165,33.9838,1.9540,1.9540,0,30,"0:30.007|0.000|27.610;1:27.996|0.000|33.660;2:30.504|0.000|32.926;3:28.546|0.000|28.100;4:28.239|0.000|31.486;5:29.264|0.000|30.880;6:27.052|0.000|30.580;7:30.266|0.000|31.480;8:29.243|0.000|32.409;9:29.861|0.000|34.320;10:27.680|0.000|26.607;11:27.264|0.000|28.674;12:28.394|0.000|29.752;13:27.153|0.000|31.905;14:30.178|0.000|29.613;15:27.649|0.000|70.413;16:31.124|0.000|60.635;17:31.054|0.000|61.854;18:28.640|0.000|59.284;19:29.956|0.000|59.507;20:30.772|0.000|64.570;21:29.870|0.000|65.649;22:29.668|0.000|57.962;23:29.494|0.000|62.772;24:28.422|0.000|57.901;25:29.245|0.000|60.624;26:30.724|0.000|63.215;27:30.172|0.000|61.202;28:30.806|0.000|57.921;29:31.032|0.000|58.989"
21.914,"auto_weak_robot_repulsion",32.1031,0.0400,34.0344,0.0000,0.2920,20.0660,35.0104,33.9684,1.9182,1.9182,0,30,"0:30.004|0.000|27.658;1:27.997|0.000|33.710;2:30.503|0.000|32.976;3:28.545|0.000|28.148;4:28.237|0.000|31.535;5:29.261|0.000|30.929;6:27.053|0.000|30.629;7:30.261|0.000|31.531;8:29.243|0.000|32.456;9:29.863|0.000|34.369;10:27.681|0.000|26.650;11:27.262|0.000|28.723;12:28.395|0.000|29.799;13:27.153|0.000|31.954;14:30.182|0.000|29.659;15:27.656|0.000|70.457;16:31.125|0.000|60.592;17:31.054|0.000|61.814;18:28.637|0.000|59.234;19:29.953|0.000|59.458;20:30.771|0.000|64.526;21:29.874|0.000|65.617;22:29.671|0.000|57.909;23:29.501|0.000|62.728;24:28.422|0.000|57.856;25:29.244|0.000|60.576;26:30.730|0.000|63.177;27:30.170|0.000|61.153;28:30.804|0.000|57.873;29:31.032|0.000|58.948"
22.016,"auto_weak_robot_repulsion",32.1031,0.0400,34.0189,0.0000,0.2920,20.0660,35.0042,33.9529,1.8830,1.8830,0,30,"0:30.001|0.000|27.709;1:27.998|0.000|33.759;2:30.504|0.000|33.025;3:28.543|0.000|28.196;4:28.236|0.000|31.585;5:29.258|0.000|30.978;6:27.054|0.000|30.678;7:30.256|0.000|31.581;8:29.242|0.000|32.503;9:29.863|0.000|34.419;10:27.683|0.000|26.693;11:27.261|0.000|28.774;12:28.396|0.000|29.847;13:27.151|0.000|32.002;14:30.184|0.000|29.705;15:27.662|0.000|70.505;16:31.128|0.000|60.548;17:31.056|0.000|61.770;18:28.633|0.000|59.183;19:29.951|0.000|59.410;20:30.770|0.000|64.480;21:29.877|0.000|65.584;22:29.673|0.000|57.858;23:29.506|0.000|62.688;24:28.422|0.000|57.808;25:29.242|0.000|60.527;26:30.736|0.000|63.139;27:30.169|0.000|61.104;28:30.802|0.000|57.826;29:31.034|0.000|58.902"
22.129,"auto_weak_robot_repulsion",32.1025,0.0400,34.0189,0.0000,0.2920,20.0660,35.0036,33.9529,1.8532,1.8532,0,30,"0:29.997|0.000|27.766;1:27.998|0.000|33.812;2:30.506|0.000|33.079;3:28.542|0.000|28.248;4:28.235|0.000|31.638;5:29.256|0.000|31.030;6:27.055|0.000|30.731;7:30.252|0.000|31.635;8:29.241|0.000|32.555;9:29.864|0.000|34.472;10:27.684|0.000|26.740;11:27.260|0.000|28.829;12:28.396|0.000|29.896;13:27.148|0.000|32.054;14:30.185|0.000|29.753;15:27.668|0.000|70.559;16:31.132|0.000|60.499;17:31.059|0.000|61.720;18:28.630|0.000|59.129;19:29.950|0.000|59.360;20:30.769|0.000|64.431;21:29.881|0.000|65.550;22:29.676|0.000|57.803;23:29.509|0.000|62.644;24:28.423|0.000|57.755;25:29.241|0.000|60.475;26:30.740|0.000|63.100;27:30.167|0.000|61.052;28:30.803|0.000|57.780;29:31.037|0.000|58.852"
22.234,"auto_weak_robot_repulsion",32.1025,0.0400,34.0189,0.0000,0.2920,20.0660,35.0036,33.9529,1.8244,1.8244,0,30,"0:29.996|0.000|27.822;1:27.999|0.000|33.865;2:30.508|0.000|33.133;3:28.541|0.000|28.300;4:28.234|0.000|31.690;5:29.253|0.000|31.081;6:27.055|0.000|30.781;7:30.247|0.000|31.688;8:29.239|0.000|32.604;9:29.865|0.000|34.525;10:27.685|0.000|26.786;11:27.260|0.000|28.883;12:28.396|0.000|29.942;13:27.145|0.000|32.102;14:30.185|0.000|29.801;15:27.673|0.000|70.614;16:31.137|0.000|60.452;17:31.062|0.000|61.673;18:28.628|0.000|59.078;19:29.951|0.000|59.314;20:30.768|0.000|64.383;21:29.886|0.000|65.517;22:29.678|0.000|57.749;23:29.511|0.000|62.600;24:28.425|0.000|57.702;25:29.240|0.000|60.426;26:30.744|0.000|63.057;27:30.164|0.000|61.000;28:30.806|0.000|57.734;29:31.039|0.000|58.804"
22.338,"auto_weak_robot_repulsion",32.1025,0.0400,34.0189,0.0000,0.2920,20.0660,35.0036,33.9529,1.7998,1.7998,0,30,"0:29.995|0.000|27.873;1:28.000|0.000|33.915;2:30.511|0.000|33.179;3:28.540|0.000|28.349;4:28.233|0.000|31.739;5:29.251|0.000|31.129;6:27.054|0.000|30.829;7:30.243|0.000|31.737;8:29.239|0.000|32.648;9:29.866|0.000|34.575;10:27.687|0.000|26.829;11:27.259|0.000|28.933;12:28.394|0.000|29.988;13:27.141|0.000|32.147;14:30.184|0.000|29.848;15:27.678|0.000|70.666;16:31.138|0.000|60.411;17:31.062|0.000|61.628;18:28.628|0.000|59.034;19:29.955|0.000|59.273;20:30.766|0.000|64.338;21:29.892|0.000|65.488;22:29.680|0.000|57.701;23:29.513|0.000|62.555;24:28.428|0.000|57.651;25:29.239|0.000|60.382;26:30.747|0.000|63.012;27:30.161|0.000|60.951;28:30.811|0.000|57.688;29:31.040|0.000|58.756"
22.458,"auto_weak_robot_repulsion",32.1025,0.0400,34.0189,0.0000,0.2920,20.0660,35.0036,33.9529,1.7723,1.7723,0,30,"0:29.992|0.000|27.933;1:28.001|0.000|33.974;2:30.514|0.000|33.232;3:28.541|0.000|28.401;4:28.233|0.000|31.792;5:29.249|0.000|31.186;6:27.052|0.000|30.882;7:30.238|0.000|31.791;8:29.239|0.000|32.702;9:29.867|0.000|34.632;10:27.688|0.000|26.879;11:27.258|0.000|28.989;12:28.392|0.000|30.043;13:27.136|0.000|32.199;14:30.183|0.000|29.904;15:27.682|0.000|70.726;16:31.138|0.000|60.360;17:31.061|0.000|61.575;18:28.629|0.000|58.979;19:29.960|0.000|59.222;20:30.763|0.000|64.287;21:29.900|0.000|65.457;22:29.683|0.000|57.645;23:29.515|0.000|62.498;24:28.431|0.000|57.594;25:29.238|0.000|60.328;26:30.752|0.000|62.956;27:30.156|0.000|60.896;28:30.816|0.000|57.637;29:31.041|0.000|58.699"
22.565,"auto_weak_robot_repulsion",32.1025,0.0400,34.0189,0.0000,0.2920,20.0660,35.0036,33.9529,1.7486,1.7486,0,30,"0:29.988|0.000|27.985;1:28.002|0.000|34.026;2:30.516|0.000|33.284;3:28.544|0.000|28.451;4:28.231|0.000|31.846;5:29.248|0.000|31.239;6:27.050|0.000|30.930;7:30.232|0.000|31.839;8:29.241|0.000|32.752;9:29.869|0.000|34.682;10:27.690|0.000|26.926;11:27.255|0.000|29.036;12:28.390|0.000|30.094;13:27.132|0.000|32.243;14:30.182|0.000|29.958;15:27.685|0.000|70.781;16:31.139|0.000|60.310;17:31.061|0.000|61.525;18:28.631|0.000|58.927;19:29.966|0.000|59.178;20:30.758|0.000|64.238;21:29.910|0.000|65.427;22:29.685|0.000|57.594;23:29.518|0.000|62.444;24:28.435|0.000|57.540;25:29.237|0.000|60.274;26:30.755|0.000|62.901;27:30.152|0.000|60.852;28:30.818|0.000|57.590;29:31.042|0.000|58.646"
22.676,"auto_weak_robot_repulsion",32.1025,0.0400,34.0189,0.0000,0.2920,20.0660,35.0036,33.9529,1.7255,1.7255,0,30,"0:29.981|0.000|28.034;1:28.005|0.000|34.077;2:30.517|0.000|33.339;3:28.548|0.000|28.505;4:28.229|0.000|31.898;5:29.248|0.000|31.294;6:27.047|0.000|30.979;7:30.228|0.000|31.883;8:29.242|0.000|32.807;9:29.872|0.000|34.736;10:27.692|0.000|26.973;11:27.249|0.000|29.085;12:28.388|0.000|30.148;13:27.130|0.000|32.288;14:30.180|0.000|30.010;15:27.689|0.000|70.833;16:31.139|0.000|60.258;17:31.061|0.000|61.474;18:28.633|0.000|58.875;19:29.969|0.000|59.136;20:30.753|0.000|64.189;21:29.920|0.000|65.394;22:29.686|0.000|57.543;23:29.519|0.000|62.388;24:28.438|0.000|57.487;25:29.237|0.000|60.218;26:30.758|0.000|62.847;27:30.151|0.000|60.806;28:30.818|0.000|57.541;29:31.041|0.000|58.592"
22.782,"auto_weak_robot_repulsion",32.1025,0.0400,34.0189,0.0000,0.2920,20.0660,35.0036,33.9529,1.7038,1.7038,0,30,"0:29.973|0.000|28.086;1:28.008|0.000|34.133;2:30.517|0.000|33.395;3:28.550|0.000|28.561;4:28.228|0.000|31.948;5:29.248|0.000|31.348;6:27.045|0.000|31.024;7:30.226|0.000|31.928;8:29.243|0.000|32.863;9:29.876|0.000|34.792;10:27.694|0.000|27.017;11:27.243|0.000|29.136;12:28.386|0.000|30.202;13:27.130|0.000|32.333;14:30.179|0.000|30.063;15:27.694|0.000|70.885;16:31.138|0.000|60.203;17:31.060|0.000|61.421;18:28.633|0.000|58.820;19:29.970|0.000|59.090;20:30.747|0.000|64.145;21:29.931|0.000|65.368;22:29.685|0.000|57.490;23:29.520|0.000|62.333;24:28.441|0.000|57.433;25:29.237|0.000|60.161;26:30.759|0.000|62.793;27:30.153|0.000|60.756;28:30.820|0.000|57.490;29:31.041|0.000|58.539"
22.882,"auto_weak_robot_repulsion",32.1025,0.0400,34.0189,0.0000,0.2920,20.0660,35.0036,33.9529,1.6859,1.6859,0,30,"0:29.965|0.000|28.132;1:28.011|0.000|34.185;2:30.516|0.000|33.447;3:28.552|0.000|28.612;4:28.228|0.000|31.997;5:29.248|0.000|31.392;6:27.045|0.000|31.066;7:30.225|0.000|31.966;8:29.244|0.000|32.915;9:29.878|0.000|34.843;10:27.697|0.000|27.058;11:27.238|0.000|29.182;12:28.385|0.000|30.251;13:27.129|0.000|32.377;14:30.178|0.000|30.111;15:27.698|0.000|70.928;16:31.136|0.000|60.154;17:31.058|0.000|61.375;18:28.634|0.000|58.769;19:29.973|0.000|59.045;20:30.743|0.000|64.107;21:29.938|0.000|65.345;22:29.684|0.000|57.442;23:29.520|0.000|62.284;24:28.444|0.000|57.385;25:29.237|0.000|60.110;26:30.762|0.000|62.745;27:30.155|0.000|60.708;28:30.821|0.000|57.441;29:31.040|0.000|58.491"
22.989,"auto_weak_robot_repulsion",32.1025,0.0400,34.0189,0.0000,0.2920,20.0660,35.0036,33.9529,1.6700,1.6700,0,30,"0:29.959|0.000|28.174;1:28.013|0.000|34.237;2:30.516|0.000|33.499;3:28.553|0.000|28.662;4:28.228|0.000|32.047;5:29.247|0.000|31.440;6:27.046|0.000|31.106;7:30.230|0.000|32.004;8:29.246|0.000|32.967;9:29.881|0.000|34.895;10:27.700|0.000|27.101;11:27.234|0.000|29.227;12:28.384|0.000|30.300;13:27.128|0.000|32.425;14:30.177|0.000|30.159;15:27.703|0.000|70.966;16:31.135|0.000|60.105;17:31.057|0.000|61.328;18:28.634|0.000|58.719;19:29.975|0.000|58.997;20:30.740|0.000|64.067;21:29.945|0.000|65.318;22:29.682|0.000|57.397;23:29.522|0.000|62.236;24:28.447|0.000|57.338;25:29.238|0.000|60.060;26:30.766|0.000|62.700;27:30.157|0.000|60.658;28:30.821|0.000|57.392;29:31.040|0.000|58.444"
23.098,"auto_weak_robot_repulsion",32.1025,0.0400,34.0189,0.0000,0.2920,20.0660,35.0036,33.9529,1.6536,1.6536,0,30,"0:29.956|0.000|28.220;1:28.015|0.000|34.294;2:30.515|0.000|33.555;3:28.554|0.000|28.716;4:28.227|0.000|32.104;5:29.244|0.000|31.497;6:27.047|0.000|31.155;7:30.239|0.000|32.054;8:29.249|0.000|33.022;9:29.883|0.000|34.952;10:27.704|0.000|27.150;11:27.231|0.000|29.279;12:28.383|0.000|30.352;13:27.128|0.000|32.479;14:30.180|0.000|30.210;15:27.709|0.000|71.009;16:31.135|0.000|60.053;17:31.057|0.000|61.277;18:28.633|0.000|58.662;19:29.976|0.000|58.941;20:30.738|0.000|64.021;21:29.954|0.000|65.286;22:29.679|0.000|57.349;23:29.527|0.000|62.188;24:28.448|0.000|57.286;25:29.238|0.000|60.006;26:30.774|0.000|62.655;27:30.159|0.000|60.602;28:30.820|0.000|57.337;29:31.041|0.000|58.393"
23.204,"auto_weak_robot_repulsion",32.1025,0.0400,34.0189,0.0000,0.2920,20.0660,35.0036,33.9529,1.6385,1.6385,0,30,"0:29.952|0.000|28.271;1:28.017|0.000|34.350;2:30.516|0.000|33.609;3:28.555|0.000|28.769;4:28.226|0.000|32.160;5:29.242|0.000|31.553;6:27.048|0.000|31.207;7:30.246|0.000|32.105;8:29.252|0.000|33.077;9:29.886|0.000|35.007;10:27.707|0.000|27.199;11:27.227|0.000|29.331;12:28.384|0.000|30.403;13:27.127|0.000|32.535;14:30.185|0.000|30.267;15:27.717|0.000|71.056;16:31.136|0.000|60.001;17:31.057|0.000|61.227;18:28.632|0.000|58.606;19:29.977|0.000|58.885;20:30.736|0.000|63.974;21:29.964|0.000|65.251;22:29.678|0.000|57.299;23:29.532|0.000|62.141;24:28.449|0.000|57.236;25:29.239|0.000|59.954;26:30.783|0.000|62.608;27:30.161|0.000|60.549;28:30.820|0.000|57.284;29:31.042|0.000|58.344"
23.313,"auto_weak_robot_repulsion",32.1025,0.0400,34.0189,0.0000,0.2920,20.0660,35.0036,33.9529,1.6251,1.6251,0,30,"0:29.948|0.000|28.324;1:28.019|0.000|34.405;2:30.517|0.000|33.664;3:28.556|0.000|28.821;4:28.225|0.000|32.216;5:29.239|0.000|31.609;6:27.049|0.000|31.260;7:30.254|0.000|32.158;8:29.252|0.000|33.130;9:29.889|0.000|35.062;10:27.710|0.000|27.249;11:27.223|0.000|29.386;12:28.383|0.000|30.454;13:27.128|0.000|32.589;14:30.189|0.000|30.322;15:27.727|0.000|71.104;16:31.138|0.000|59.952;17:31.057|0.000|61.178;18:28.630|0.000|58.551;19:29.977|0.000|58.830;20:30.735|0.000|63.926;21:29.976|0.000|65.212;22:29.678|0.000|57.246;23:29.539|0.000|62.091;24:28.448|0.000|57.184;25:29.239|0.000|59.902;26:30.793|0.000|62.561;27:30.163|0.000|60.495;28:30.821|0.000|57.232;29:31.044|0.000|58.296"
23.416,"auto_weak_robot_repulsion",32.1025,0.0400,34.0189,0.0000,0.2920,20.0660,35.0036,33.9529,1.6141,1.6141,0,30,"0:29.943|0.000|28.375;1:28.022|0.000|34.455;2:30.518|0.000|33.712;3:28.558|0.000|28.869;4:28.225|0.000|32.268;5:29.237|0.000|31.659;6:27.051|0.000|31.310;7:30.260|0.000|32.208;8:29.251|0.000|33.174;9:29.892|0.000|35.112;10:27.713|0.000|27.294;11:27.221|0.000|29.435;12:28.382|0.000|30.501;13:27.130|0.000|32.638;14:30.192|0.000|30.365;15:27.735|0.000|71.149;16:31.140|0.000|59.908;17:31.058|0.000|61.131;18:28.630|0.000|58.502;19:29.979|0.000|58.781;20:30.734|0.000|63.881;21:29.985|0.000|65.174;22:29.679|0.000|57.196;23:29.545|0.000|62.047;24:28.446|0.000|57.140;25:29.239|0.000|59.854;26:30.800|0.000|62.526;27:30.163|0.000|60.447;28:30.822|0.000|57.185;29:31.047|0.000|58.251"
23.519,"auto_weak_robot_repulsion",32.1025,0.0400,34.0189,0.0000,0.2920,20.0660,35.0036,33.9529,1.6044,1.6044,0,30,"0:29.940|0.000|28.427;1:28.024|0.000|34.506;2:30.519|0.000|33.758;3:28.559|0.000|28.916;4:28.226|0.000|32.319;5:29.235|0.000|31.709;6:27.053|0.000|31.360;7:30.266|0.000|32.260;8:29.249|0.000|33.222;9:29.894|0.000|35.162;10:27.716|0.000|27.340;11:27.220|0.000|29.485;12:28.381|0.000|30.547;13:27.130|0.000|32.687;14:30.191|0.000|30.409;15:27.744|0.000|71.195;16:31.143|0.000|59.864;17:31.057|0.000|61.089;18:28.629|0.000|58.453;19:29.982|0.000|58.732;20:30.733|0.000|63.836;21:29.995|0.000|65.133;22:29.680|0.000|57.146;23:29.549|0.000|62.003;24:28.443|0.000|57.096;25:29.238|0.000|59.805;26:30.802|0.000|62.490;27:30.163|0.000|60.399;28:30.824|0.000|57.139;29:31.049|0.000|58.209"
23.620,"auto_weak_robot_repulsion",32.1025,0.0400,34.0189,0.0000,0.2920,20.0660,35.0036,33.9529,1.5962,1.5962,0,30,"0:29.937|0.000|28.478;1:28.025|0.000|34.557;2:30.520|0.000|33.807;3:28.561|0.000|28.960;4:28.226|0.000|32.369;5:29.234|0.000|31.758;6:27.056|0.000|31.408;7:30.271|0.000|32.312;8:29.246|0.000|33.270;9:29.896|0.000|35.208;10:27.719|0.000|27.385;11:27.218|0.000|29.534;12:28.380|0.000|30.594;13:27.128|0.000|32.732;14:30.187|0.000|30.455;15:27.751|0.000|71.242;16:31.144|0.000|59.823;17:31.057|0.000|61.047;18:28.630|0.000|58.407;19:29.986|0.000|58.686;20:30.732|0.000|63.791;21:30.005|0.000|65.093;22:29.681|0.000|57.096;23:29.552|0.000|61.958;24:28.442|0.000|57.051;25:29.236|0.000|59.757;26:30.805|0.000|62.449;27:30.163|0.000|60.353;28:30.827|0.000|57.092;29:31.050|0.000|58.167"
23.722,"auto_weak_robot_repulsion",32.1025,0.0400,34.0189,0.0000,0.2920,20.0660,35.0036,33.9529,1.5895,1.5895,0,30,"0:29.933|0.000|28.532;1:28.027|0.000|34.607;2:30.521|0.000|33.862;3:28.563|0.000|29.010;4:28.225|0.000|32.423;5:29.233|0.000|31.811;6:27.058|0.000|31.461;7:30.278|0.000|32.368;8:29.243|0.000|33.322;9:29.896|0.000|35.260;10:27.722|0.000|27.434;11:27.215|0.000|29.586;12:28.379|0.000|30.645;13:27.124|0.000|32.778;14:30.181|0.000|30.511;15:27.760|0.000|71.297;16:31.145|0.000|59.777;17:31.055|0.000|60.999;18:28.631|0.000|58.357;19:29.991|0.000|58.636;20:30.729|0.000|63.743;21:30.017|0.000|65.050;22:29.682|0.000|57.041;23:29.556|0.000|61.905;24:28.442|0.000|56.998;25:29.234|0.000|59.702;26:30.810|0.000|62.400;27:30.164|0.000|60.302;28:30.830|0.000|57.043;29:31.050|0.000|58.121"
23.832,"auto_weak_robot_repulsion",32.1025,0.0400,34.0189,0.0000,0.2920,20.0660,35.0036,33.9529,1.5859,1.5859,0,30,"0:29.928|0.000|28.585;1:28.027|0.000|34.658;2:30.520|0.000|33.917;3:28.564|0.000|29.061;4:28.224|0.000|32.474;5:29.231|0.000|31.865;6:27.058|0.000|31.511;7:30.286|0.000|32.421;8:29.242|0.000|33.372;9:29.897|0.000|35.313;10:27.725|0.000|27.482;11:27.211|0.000|29.638;12:28.379|0.000|30.692;13:27.118|0.000|32.827;14:30.177|0.000|30.568;15:27.769|0.000|71.351;16:31.144|0.000|59.733;17:31.053|0.000|60.952;18:28.634|0.000|58.307;19:29.997|0.000|58.586;20:30.727|0.000|63.696;21:30.031|0.000|65.009;22:29.682|0.000|56.988;23:29.561|0.000|61.852;24:28.443|0.000|56.943;25:29.232|0.000|59.650;26:30.814|0.000|62.348;27:30.166|0.000|60.252;28:30.832|0.000|56.997;29:31.050|0.000|58.072"
23.936,"auto_weak_robot_repulsion",32.1025,0.0400,34.0189,0.0000,0.2920,20.0660,35.0036,33.9529,1.5858,1.5858,0,30,"0:29.923|0.000|28.631;1:28.028|0.000|34.707;2:30.517|0.000|33.970;3:28.565|0.000|29.110;4:28.222|0.000|32.522;5:29.228|0.000|31.912;6:27.056|0.000|31.553;7:30.295|0.000|32.469;8:29.242|0.000|33.422;9:29.896|0.000|35.363;10:27.727|0.000|27.525;11:27.207|0.000|29.684;12:28.379|0.000|30.737;13:27.112|0.000|32.872;14:30.173|0.000|30.619;15:27.775|0.000|71.400;16:31.143|0.000|59.687;17:31.050|0.000|60.905;18:28.636|0.000|58.263;19:30.001|0.000|58.543;20:30.724|0.000|63.654;21:30.043|0.000|64.973;22:29.683|0.000|56.939;23:29.563|0.000|61.801;24:28.444|0.000|56.892;25:29.229|0.000|59.604;26:30.817|0.000|62.298;27:30.168|0.000|60.205;28:30.832|0.000|56.954;29:31.050|0.000|58.024"
24.064,"auto_strong_robot_repulsion",32.1031,0.0400,34.0127,0.0000,0.2920,20.0660,35.0018,33.9467,1.5858,1.5910,0,30,"0:29.916|0.000|28.684;1:28.029|0.000|34.771;2:30.512|0.000|34.030;3:28.564|0.000|29.172;4:28.218|0.000|32.584;5:29.224|0.000|31.970;6:27.053|0.000|31.609;7:30.307|0.000|32.521;8:29.241|0.000|33.483;9:29.896|0.000|35.428;10:27.730|0.000|27.576;11:27.203|0.000|29.740;12:28.380|0.000|30.795;13:27.107|0.000|32.921;14:30.170|0.000|30.681;15:27.783|0.000|71.458;16:31.142|0.000|59.627;17:31.048|0.000|60.847;18:28.637|0.000|58.210;19:30.003|0.000|58.495;20:30.721|0.000|63.606;21:30.057|0.000|64.934;22:29.682|0.000|56.879;23:29.566|0.000|61.740;24:28.446|0.000|56.829;25:29.226|0.000|59.544;26:30.820|0.000|62.237;27:30.171|0.000|60.145;28:30.831|0.000|56.902;29:31.051|0.000|57.962"
24.177,"auto_strong_robot_repulsion",32.1031,0.0400,33.9957,0.0000,0.2920,20.0660,34.9950,33.9297,1.5858,1.5991,0,30,"0:29.908|0.000|28.731;1:28.031|0.000|34.830;2:30.506|0.000|34.080;3:28.563|0.000|29.227;4:28.215|0.000|32.638;5:29.219|0.000|32.024;6:27.049|0.000|31.657;7:30.318|0.000|32.560;8:29.241|0.000|33.538;9:29.896|0.000|35.486;10:27.730|0.000|27.624;11:27.197|0.000|29.789;12:28.382|0.000|30.846;13:27.106|0.000|32.966;14:30.168|0.000|30.732;15:27.790|0.000|71.507;16:31.141|0.000|59.573;17:31.046|0.000|60.795;18:28.637|0.000|58.163;19:30.003|0.000|58.454;20:30.719|0.000|63.561;21:30.071|0.000|64.900;22:29.682|0.000|56.830;23:29.568|0.000|61.688;24:28.448|0.000|56.775;25:29.224|0.000|59.491;26:30.824|0.000|62.185;27:30.172|0.000|60.097;28:30.829|0.000|56.852;29:31.051|0.000|57.908"
24.287,"auto_strong_robot_repulsion",32.1031,0.0400,33.9787,0.0000,0.2920,20.0660,34.9882,33.9127,1.5858,1.6089,0,30,"0:29.900|0.000|28.775;1:28.032|0.000|34.890;2:30.502|0.000|34.139;3:28.561|0.000|29.280;4:28.212|0.000|32.694;5:29.216|0.000|32.077;6:27.046|0.000|31.703;7:30.331|0.000|32.602;8:29.242|0.000|33.593;9:29.896|0.000|35.542;10:27.731|0.000|27.674;11:27.194|0.000|29.834;12:28.383|0.000|30.899;13:27.103|0.000|33.017;14:30.167|0.000|30.782;15:27.800|0.000|71.552;16:31.139|0.000|59.518;17:31.043|0.000|60.742;18:28.637|0.000|58.112;19:30.002|0.000|58.407;20:30.719|0.000|63.515;21:30.085|0.000|64.866;22:29.682|0.000|56.778;23:29.572|0.000|61.636;24:28.449|0.000|56.722;25:29.223|0.000|59.435;26:30.829|0.000|62.133;27:30.171|0.000|60.049;28:30.828|0.000|56.799;29:31.049|0.000|57.854"
24.401,"auto_strong_robot_repulsion",32.1031,0.0400,33.9602,0.0000,0.2920,20.0660,34.9809,33.8942,1.5858,1.6214,0,30,"0:29.893|0.000|28.822;1:28.033|0.000|34.952;2:30.499|0.000|34.199;3:28.560|0.000|29.337;4:28.209|0.000|32.755;5:29.214|0.000|32.137;6:27.046|0.000|31.755;7:30.345|0.000|32.648;8:29.244|0.000|33.653;9:29.896|0.000|35.603;10:27.732|0.000|27.730;11:27.193|0.000|29.885;12:28.383|0.000|30.956;13:27.100|0.000|33.074;14:30.165|0.000|30.834;15:27.813|0.000|71.598;16:31.136|0.000|59.459;17:31.039|0.000|60.687;18:28.637|0.000|58.053;19:30.002|0.000|58.351;20:30.719|0.000|63.462;21:30.098|0.000|64.834;22:29.684|0.000|56.721;23:29.577|0.000|61.581;24:28.449|0.000|56.665;25:29.222|0.000|59.374;26:30.835|0.000|62.079;27:30.167|0.000|59.997;28:30.827|0.000|56.739;29:31.047|0.000|57.796"
24.504,"auto_strong_robot_repulsion",32.1031,0.0400,33.9448,0.0000,0.2920,20.0660,34.9747,33.8788,1.5858,1.6338,0,30,"0:29.888|0.000|28.860;1:28.035|0.000|35.004;2:30.498|0.000|34.248;3:28.559|0.000|29.385;4:28.207|0.000|32.806;5:29.212|0.000|32.192;6:27.046|0.000|31.801;7:30.354|0.000|32.682;8:29.244|0.000|33.701;9:29.897|0.000|35.653;10:27.732|0.000|27.778;11:27.192|0.000|29.928;12:28.384|0.000|31.004;13:27.099|0.000|33.123;14:30.161|0.000|30.873;15:27.827|0.000|71.637;16:31.134|0.000|59.411;17:31.037|0.000|60.641;18:28.637|0.000|58.002;19:30.001|0.000|58.301;20:30.721|0.000|63.417;21:30.107|0.000|64.807;22:29.686|0.000|56.671;23:29.581|0.000|61.537;24:28.449|0.000|56.620;25:29.222|0.000|59.324;26:30.841|0.000|62.036;27:30.163|0.000|59.952;28:30.825|0.000|56.690;29:31.047|0.000|57.748"
24.606,"auto_strong_robot_repulsion",32.1031,0.0400,33.9293,0.0000,0.2920,20.0660,34.9686,33.8633,1.5858,1.6494,0,30,"0:29.883|0.000|28.904;1:28.036|0.000|35.055;2:30.495|0.000|34.297;3:28.558|0.000|29.433;4:28.204|0.000|32.858;5:29.210|0.000|32.246;6:27.045|0.000|31.849;7:30.361|0.000|32.717;8:29.244|0.000|33.752;9:29.898|0.000|35.703;10:27.733|0.000|27.825;11:27.191|0.000|29.976;12:28.386|0.000|31.053;13:27.098|0.000|33.173;14:30.156|0.000|30.912;15:27.842|0.000|71.673;16:31.133|0.000|59.363;17:31.035|0.000|60.596;18:28.636|0.000|57.949;19:30.000|0.000|58.250;20:30.722|0.000|63.371;21:30.117|0.000|64.779;22:29.689|0.000|56.618;23:29.587|0.000|61.491;24:28.447|0.000|56.577;25:29.220|0.000|59.275;26:30.848|0.000|61.990;27:30.160|0.000|59.904;28:30.823|0.000|56.640;29:31.048|0.000|57.703"
24.706,"auto_strong_robot_repulsion",32.1031,0.0400,33.9139,0.0000,0.2920,20.0660,34.9625,33.8479,1.5858,1.6660,0,30,"0:29.877|0.000|28.949;1:28.036|0.000|35.104;2:30.494|0.000|34.344;3:28.559|0.000|29.479;4:28.203|0.000|32.907;5:29.209|0.000|32.296;6:27.046|0.000|31.897;7:30.367|0.000|32.753;8:29.243|0.000|33.799;9:29.899|0.000|35.751;10:27.734|0.000|27.871;11:27.189|0.000|30.026;12:28.388|0.000|31.100;13:27.097|0.000|33.222;14:30.148|0.000|30.953;15:27.855|0.000|71.698;16:31.134|0.000|59.319;17:31.035|0.000|60.554;18:28.634|0.000|57.898;19:29.998|0.000|58.199;20:30.723|0.000|63.327;21:30.126|0.000|64.748;22:29.692|0.000|56.566;23:29.592|0.000|61.450;24:28.446|0.000|56.532;25:29.219|0.000|59.227;26:30.853|0.000|61.949;27:30.157|0.000|59.856;28:30.821|0.000|56.592;29:31.051|0.000|57.662"
24.815,"auto_strong_robot_repulsion",32.1031,0.0400,33.8969,0.0000,0.2920,20.0660,34.9558,33.8309,1.5858,1.6884,0,30,"0:29.871|0.000|29.003;1:28.037|0.000|35.157;2:30.491|0.000|34.398;3:28.560|0.000|29.529;4:28.201|0.000|32.962;5:29.207|0.000|32.352;6:27.047|0.000|31.951;7:30.374|0.000|32.798;8:29.242|0.000|33.852;9:29.900|0.000|35.805;10:27.735|0.000|27.922;11:27.187|0.000|30.081;12:28.389|0.000|31.152;13:27.095|0.000|33.275;14:30.138|0.000|30.999;15:27.865|0.000|71.732;16:31.138|0.000|59.272;17:31.036|0.000|60.507;18:28.631|0.000|57.843;19:29.994|0.000|58.144;20:30.723|0.000|63.278;21:30.138|0.000|64.707;22:29.695|0.000|56.510;23:29.596|0.000|61.404;24:28.445|0.000|56.480;25:29.217|0.000|59.175;26:30.856|0.000|61.906;27:30.155|0.000|59.802;28:30.820|0.000|56.542;29:31.056|0.000|57.612"
24.920,"auto_strong_robot_repulsion",32.1031,0.0400,33.8799,0.0000,0.2920,20.0660,34.9490,33.8139,1.5858,1.7135,0,30,"0:29.865|0.000|29.060;1:28.038|0.000|35.210;2:30.488|0.000|34.453;3:28.561|0.000|29.578;4:28.200|0.000|33.016;5:29.205|0.000|32.405;6:27.048|0.000|32.004;7:30.381|0.000|32.849;8:29.241|0.000|33.906;9:29.901|0.000|35.859;10:27.737|0.000|27.971;11:27.186|0.000|30.137;12:28.389|0.000|31.203;13:27.091|0.000|33.327;14:30.128|0.000|31.045;15:27.876|0.000|71.770;16:31.143|0.000|59.221;17:31.038|0.000|60.456;18:28.630|0.000|57.789;19:29.992|0.000|58.089;20:30.724|0.000|63.229;21:30.151|0.000|64.660;22:29.697|0.000|56.455;23:29.599|0.000|61.358;24:28.446|0.000|56.427;25:29.216|0.000|59.124;26:30.857|0.000|61.866;27:30.153|0.000|59.750;28:30.821|0.000|56.495;29:31.062|0.000|57.562"
25.029,"auto_strong_robot_repulsion",32.1031,0.0400,33.8644,0.0000,0.2920,20.0660,34.9429,33.7984,1.5858,1.7380,0,30,"0:29.861|0.000|29.112;1:28.040|0.000|35.258;2:30.486|0.000|34.501;3:28.561|0.000|29.622;4:28.198|0.000|33.066;5:29.202|0.000|32.453;6:27.048|0.000|32.052;7:30.387|0.000|32.899;8:29.240|0.000|33.952;9:29.902|0.000|35.908;10:27.739|0.000|28.017;11:27.186|0.000|30.187;12:28.389|0.000|31.245;13:27.088|0.000|33.372;14:30.120|0.000|31.089;15:27.888|0.000|71.811;16:31.147|0.000|59.177;17:31.040|0.000|60.411;18:28.632|0.000|57.743;19:29.993|0.000|58.042;20:30.723|0.000|63.185;21:30.164|0.000|64.614;22:29.699|0.000|56.405;23:29.601|0.000|61.315;24:28.448|0.000|56.379;25:29.216|0.000|59.080;26:30.857|0.000|61.826;27:30.153|0.000|59.704;28:30.824|0.000|56.452;29:31.067|0.000|57.520"
25.129,"auto_strong_robot_repulsion",32.1031,0.0400,33.8490,0.0000,0.2920,20.0660,34.9368,33.7830,1.5858,1.7625,0,30,"0:29.857|0.000|29.162;1:28.044|0.000|35.304;2:30.485|0.000|34.547;3:28.563|0.000|29.661;4:28.196|0.000|33.115;5:29.200|0.000|32.499;6:27.048|0.000|32.099;7:30.393|0.000|32.949;8:29.241|0.000|33.997;9:29.903|0.000|35.959;10:27.740|0.000|28.061;11:27.186|0.000|30.235;12:28.388|0.000|31.290;13:27.083|0.000|33.416;14:30.112|0.000|31.137;15:27.900|0.000|71.855;16:31.148|0.000|59.137;17:31.040|0.000|60.366;18:28.635|0.000|57.700;19:29.996|0.000|57.998;20:30.723|0.000|63.142;21:30.175|0.000|64.567;22:29.701|0.000|56.358;23:29.603|0.000|61.269;24:28.450|0.000|56.330;25:29.217|0.000|59.035;26:30.856|0.000|61.782;27:30.153|0.000|59.660;28:30.828|0.000|56.407;29:31.067|0.000|57.479"
25.236,"auto_strong_robot_repulsion",32.1031,0.0400,33.8320,0.0000,0.2920,20.0660,34.9301,33.7660,1.5858,1.7925,0,30,"0:29.853|0.000|29.216;1:28.049|0.000|35.356;2:30.484|0.000|34.601;3:28.561|0.000|29.705;4:28.195|0.000|33.169;5:29.197|0.000|32.547;6:27.047|0.000|32.149;7:30.397|0.000|33.003;8:29.243|0.000|34.047;9:29.904|0.000|36.011;10:27.742|0.000|28.110;11:27.185|0.000|30.288;12:28.386|0.000|31.342;13:27.078|0.000|33.464;14:30.101|0.000|31.189;15:27.911|0.000|71.906;16:31.147|0.000|59.090;17:31.040|0.000|60.316;18:28.640|0.000|57.651;19:30.000|0.000|57.949;20:30.723|0.000|63.095;21:30.187|0.000|64.516;22:29.704|0.000|56.306;23:29.606|0.000|61.216;24:28.453|0.000|56.277;25:29.219|0.000|58.984;26:30.856|0.000|61.731;27:30.154|0.000|59.615;28:30.833|0.000|56.358;29:31.068|0.000|57.431"
25.342,"auto_strong_robot_repulsion",32.1031,0.0400,33.8150,0.0000,0.2920,20.0660,34.9234,33.7490,1.5858,1.8224,0,30,"0:29.846|0.000|29.267;1:28.055|0.000|35.402;2:30.484|0.000|34.652;3:28.556|0.000|29.749;4:28.195|0.000|33.220;5:29.197|0.000|32.593;6:27.045|0.000|32.195;7:30.402|0.000|33.055;8:29.245|0.000|34.097;9:29.907|0.000|36.059;10:27.743|0.000|28.156;11:27.182|0.000|30.334;12:28.384|0.000|31.392;13:27.073|0.000|33.506;14:30.092|0.000|31.243;15:27.923|0.000|71.957;16:31.148|0.000|59.042;17:31.040|0.000|60.267;18:28.646|0.000|57.603;19:30.005|0.000|57.900;20:30.723|0.000|63.050;21:30.199|0.000|64.469;22:29.706|0.000|56.256;23:29.608|0.000|61.163;24:28.456|0.000|56.225;25:29.222|0.000|58.933;26:30.856|0.000|61.679;27:30.153|0.000|59.577;28:30.835|0.000|56.314;29:31.070|0.000|57.382"
25.444,"auto_strong_robot_repulsion",32.1031,0.0400,33.7995,0.0000,0.2920,20.0660,34.9174,33.7335,1.5858,1.8324,0,30,"0:29.839|0.000|29.309;1:28.062|0.000|35.445;2:30.484|0.000|34.702;3:28.552|0.000|29.794;4:28.194|0.000|33.264;5:29.199|0.000|32.636;6:27.043|0.000|32.241;7:30.408|0.000|33.103;8:29.247|0.000|34.147;9:29.910|0.000|36.109;10:27.748|0.000|28.198;11:27.177|0.000|30.378;12:28.382|0.000|31.441;13:27.071|0.000|33.546;14:30.084|0.000|31.294;15:27.935|0.000|72.005;16:31.148|0.000|58.994;17:31.040|0.000|60.219;18:28.649|0.000|57.561;19:30.009|0.000|57.859;20:30.722|0.000|63.008;21:30.212|0.000|64.428;22:29.707|0.000|56.209;23:29.609|0.000|61.113;24:28.459|0.000|56.176;25:29.224|0.000|58.883;26:30.855|0.000|61.629;27:30.152|0.000|59.540;28:30.836|0.000|56.268;29:31.071|0.000|57.333"
25.548,"auto_strong_robot_repulsion",32.1031,0.0400,33.7841,0.0000,0.2920,20.0660,34.9113,33.7181,1.5858,1.8012,0,30,"0:29.829|0.000|29.351;1:28.067|0.000|35.492;2:30.483|0.000|34.754;3:28.547|0.000|29.840;4:28.193|0.000|33.309;5:29.202|0.000|32.680;6:27.041|0.000|32.285;7:30.418|0.000|33.149;8:29.249|0.000|34.199;9:29.913|0.000|36.160;10:27.750|0.000|28.239;11:27.172|0.000|30.424;12:28.381|0.000|31.491;13:27.070|0.000|33.585;14:30.076|0.000|31.344;15:27.949|0.000|72.051;16:31.147|0.000|58.944;17:31.039|0.000|60.170;18:28.651|0.000|57.518;19:30.009|0.000|57.817;20:30.722|0.000|62.964;21:30.226|0.000|64.390;22:29.706|0.000|56.161;23:29.610|0.000|61.063;24:28.462|0.000|56.127;25:29.227|0.000|58.830;26:30.853|0.000|61.579;27:30.148|0.000|59.498;28:30.837|0.000|56.221;29:31.072|0.000|57.283"
25.650,"auto_strong_robot_repulsion",32.1031,0.0400,33.7686,0.0000,0.2920,20.0660,34.9052,33.7026,1.5858,1.7691,0,30,"0:29.818|0.000|29.396;1:28.072|0.000|35.540;2:30.482|0.000|34.805;3:28.542|0.000|29.888;4:28.191|0.000|33.359;5:29.208|0.000|32.720;6:27.041|0.000|32.326;7:30.430|0.000|33.194;8:29.251|0.000|34.250;9:29.915|0.000|36.212;10:27.751|0.000|28.278;11:27.167|0.000|30.470;12:28.380|0.000|31.539;13:27.069|0.000|33.627;14:30.067|0.000|31.392;15:27.962|0.000|72.096;16:31.145|0.000|58.895;17:31.038|0.000|60.123;18:28.652|0.000|57.471;19:30.009|0.000|57.771;20:30.722|0.000|62.921;21:30.242|0.000|64.354;22:29.705|0.000|56.113;23:29.611|0.000|61.015;24:28.465|0.000|56.079;25:29.230|0.000|58.779;26:30.851|0.000|61.530;27:30.142|0.000|59.454;28:30.839|0.000|56.173;29:31.072|0.000|57.235"
25.756,"auto_strong_robot_repulsion",32.1031,0.0400,33.7516,0.0000,0.2920,20.0660,34.8985,33.6856,1.5858,1.7363,0,30,"0:29.806|0.000|29.439;1:28.077|0.000|35.596;2:30.481|0.000|34.861;3:28.536|0.000|29.943;4:28.189|0.000|33.413;5:29.213|0.000|32.765;6:27.042|0.000|32.371;7:30.443|0.000|33.243;8:29.254|0.000|34.306;9:29.918|0.000|36.269;10:27.752|0.000|28.325;11:27.163|0.000|30.519;12:28.379|0.000|31.592;13:27.069|0.000|33.677;14:30.057|0.000|31.443;15:27.977|0.000|72.138;16:31.143|0.000|58.842;17:31.037|0.000|60.072;18:28.655|0.000|57.417;19:30.011|0.000|57.719;20:30.721|0.000|62.878;21:30.260|0.000|64.314;22:29.703|0.000|56.064;23:29.613|0.000|60.965;24:28.468|0.000|56.027;25:29.232|0.000|58.724;26:30.851|0.000|61.478;27:30.134|0.000|59.404;28:30.839|0.000|56.119;29:31.072|0.000|57.182"
25.858,"auto_strong_robot_repulsion",32.1031,0.0400,33.7362,0.0000,0.2920,20.0660,34.8925,33.6702,1.5858,1.7112,0,30,"0:29.800|0.000|29.475;1:28.081|0.000|35.648;2:30.481|0.000|34.911;3:28.531|0.000|29.994;4:28.188|0.000|33.463;5:29.217|0.000|32.809;6:27.043|0.000|32.417;7:30.454|0.000|33.278;8:29.257|0.000|34.357;9:29.920|0.000|36.320;10:27.751|0.000|28.371;11:27.160|0.000|30.566;12:28.379|0.000|31.640;13:27.068|0.000|33.726;14:30.046|0.000|31.486;15:27.991|0.000|72.173;16:31.143|0.000|58.793;17:31.036|0.000|60.026;18:28.656|0.000|57.367;19:30.012|0.000|57.669;20:30.720|0.000|62.837;21:30.276|0.000|64.286;22:29.701|0.000|56.020;23:29.617|0.000|60.922;24:28.469|0.000|55.980;25:29.233|0.000|58.674;26:30.853|0.000|61.434;27:30.128|0.000|59.357;28:30.839|0.000|56.069;29:31.073|0.000|57.134"
25.963,"auto_strong_robot_repulsion",32.1031,0.0400,33.7192,0.0000,0.2920,20.0660,34.8858,33.6532,1.5858,1.6934,0,30,"0:29.794|0.000|29.520;1:28.084|0.000|35.706;2:30.480|0.000|34.967;3:28.526|0.000|30.051;4:28.186|0.000|33.520;5:29.220|0.000|32.861;6:27.043|0.000|32.468;7:30.461|0.000|33.307;8:29.260|0.000|34.411;9:29.923|0.000|36.375;10:27.750|0.000|28.423;11:27.156|0.000|30.619;12:28.379|0.000|31.691;13:27.067|0.000|33.781;14:30.033|0.000|31.534;15:28.006|0.000|72.215;16:31.143|0.000|58.741;17:31.036|0.000|59.975;18:28.657|0.000|57.311;19:30.011|0.000|57.613;20:30.718|0.000|62.790;21:30.288|0.000|64.257;22:29.700|0.000|55.969;23:29.623|0.000|60.880;24:28.468|0.000|55.929;25:29.234|0.000|58.621;26:30.856|0.000|61.386;27:30.123|0.000|59.306;28:30.839|0.000|56.016;29:31.075|0.000|57.083"
26.073,"auto_strong_robot_repulsion",32.1031,0.0400,33.7022,0.0000,0.2920,20.0660,34.8792,33.6362,1.5858,1.6769,0,30,"0:29.786|0.000|29.569;1:28.087|0.000|35.762;2:30.479|0.000|35.021;3:28.523|0.000|30.107;4:28.184|0.000|33.576;5:29.223|0.000|32.915;6:27.044|0.000|32.521;7:30.465|0.000|33.344;8:29.261|0.000|34.464;9:29.926|0.000|36.430;10:27.748|0.000|28.477;11:27.152|0.000|30.673;12:28.379|0.000|31.742;13:27.067|0.000|33.836;14:30.017|0.000|31.583;15:28.021|0.000|72.257;16:31.144|0.000|58.690;17:31.037|0.000|59.925;18:28.657|0.000|57.255;19:30.010|0.000|57.557;20:30.717|0.000|62.742;21:30.300|0.000|64.222;22:29.700|0.000|55.917;23:29.632|0.000|60.832;24:28.467|0.000|55.876;25:29.234|0.000|58.568;26:30.860|0.000|61.336;27:30.118|0.000|59.253;28:30.840|0.000|55.964;29:31.078|0.000|57.033"
26.180,"auto_strong_robot_repulsion",32.1031,0.0400,33.6852,0.0000,0.2920,20.0660,34.8725,33.6192,1.5858,1.6600,0,30,"0:29.777|0.000|29.621;1:28.091|0.000|35.818;2:30.478|0.000|35.072;3:28.520|0.000|30.161;4:28.183|0.000|33.633;5:29.225|0.000|32.971;6:27.045|0.000|32.576;7:30.470|0.000|33.389;8:29.262|0.000|34.513;9:29.929|0.000|36.485;10:27.746|0.000|28.534;11:27.150|0.000|30.728;12:28.378|0.000|31.793;13:27.069|0.000|33.890;14:30.003|0.000|31.630;15:28.033|0.000|72.293;16:31.146|0.000|58.638;17:31.038|0.000|59.875;18:28.659|0.000|57.201;19:30.010|0.000|57.502;20:30.716|0.000|62.693;21:30.314|0.000|64.183;22:29.701|0.000|55.862;23:29.641|0.000|60.786;24:28.464|0.000|55.828;25:29.236|0.000|58.515;26:30.864|0.000|61.287;27:30.113|0.000|59.198;28:30.841|0.000|55.911;29:31.081|0.000|56.981"
26.293,"auto_strong_robot_repulsion",32.1031,0.0400,33.6682,0.0000,0.2920,20.0660,34.8659,33.6022,1.5858,1.6446,0,30,"0:29.770|0.000|29.676;1:28.096|0.000|35.872;2:30.474|0.000|35.124;3:28.516|0.000|30.213;4:28.183|0.000|33.688;5:29.226|0.000|33.027;6:27.047|0.000|32.630;7:30.475|0.000|33.439;8:29.260|0.000|34.562;9:29.931|0.000|36.539;10:27.745|0.000|28.590;11:27.148|0.000|30.781;12:28.379|0.000|31.841;13:27.069|0.000|33.943;14:29.995|0.000|31.670;15:28.042|0.000|72.329;16:31.147|0.000|58.587;17:31.039|0.000|59.825;18:28.661|0.000|57.147;19:30.012|0.000|57.449;20:30.715|0.000|62.643;21:30.330|0.000|64.142;22:29.702|0.000|55.807;23:29.646|0.000|60.745;24:28.461|0.000|55.781;25:29.238|0.000|58.463;26:30.866|0.000|61.241;27:30.110|0.000|59.144;28:30.843|0.000|55.861;29:31.085|0.000|56.932"
26.397,"auto_strong_robot_repulsion",32.1031,0.0400,33.6528,0.0000,0.2920,20.0660,34.8599,33.5868,1.5858,1.6336,0,30,"0:29.764|0.000|29.727;1:28.101|0.000|35.920;2:30.471|0.000|35.173;3:28.510|0.000|30.255;4:28.183|0.000|33.739;5:29.227|0.000|33.077;6:27.050|0.000|32.680;7:30.478|0.000|33.489;8:29.258|0.000|34.611;9:29.933|0.000|36.585;10:27.745|0.000|28.640;11:27.147|0.000|30.830;12:28.380|0.000|31.885;13:27.067|0.000|33.989;14:29.991|0.000|31.705;15:28.049|0.000|72.367;16:31.147|0.000|58.543;17:31.039|0.000|59.782;18:28.665|0.000|57.101;19:30.014|0.000|57.401;20:30.714|0.000|62.598;21:30.344|0.000|64.098;22:29.703|0.000|55.757;23:29.649|0.000|60.703;24:28.460|0.000|55.735;25:29.241|0.000|58.415;26:30.866|0.000|61.195;27:30.107|0.000|59.094;28:30.846|0.000|55.815;29:31.086|0.000|56.889"
26.501,"auto_strong_robot_repulsion",32.1031,0.0400,33.6358,0.0000,0.2920,20.0660,34.8533,33.5698,1.5858,1.6250,0,30,"0:29.757|0.000|29.781;1:28.107|0.000|35.966;2:30.467|0.000|35.227;3:28.501|0.000|30.298;4:28.181|0.000|33.793;5:29.230|0.000|33.130;6:27.053|0.000|32.731;7:30.481|0.000|33.545;8:29.255|0.000|34.662;9:29.934|0.000|36.636;10:27.746|0.000|28.692;11:27.144|0.000|30.882;12:28.379|0.000|31.934;13:27.063|0.000|34.034;14:29.987|0.000|31.745;15:28.057|0.000|72.410;16:31.146|0.000|58.497;17:31.037|0.000|59.735;18:28.669|0.000|57.052;19:30.017|0.000|57.353;20:30.712|0.000|62.550;21:30.360|0.000|64.050;22:29.704|0.000|55.704;23:29.654|0.000|60.655;24:28.460|0.000|55.684;25:29.243|0.000|58.361;26:30.867|0.000|61.145;27:30.104|0.000|59.041;28:30.849|0.000|55.766;29:31.085|0.000|56.844"
26.610,"auto_strong_robot_repulsion",32.1031,0.0400,33.6188,0.0000,0.2920,20.0660,34.8467,33.5528,1.5858,1.6188,0,30,"0:29.748|0.000|29.834;1:28.114|0.000|36.014;2:30.463|0.000|35.282;3:28.489|0.000|30.343;4:28.178|0.000|33.843;5:29.234|0.000|33.183;6:27.053|0.000|32.783;7:30.484|0.000|33.602;8:29.254|0.000|34.713;9:29.934|0.000|36.689;10:27.746|0.000|28.743;11:27.140|0.000|30.934;12:28.377|0.000|31.980;13:27.057|0.000|34.082;14:29.983|0.000|31.790;15:28.065|0.000|72.460;16:31.143|0.000|58.451;17:31.034|0.000|59.689;18:28.674|0.000|57.002;19:30.021|0.000|57.303;20:30.710|0.000|62.502;21:30.375|0.000|64.001;22:29.705|0.000|55.650;23:29.660|0.000|60.603;24:28.461|0.000|55.630;25:29.245|0.000|58.310;26:30.868|0.000|61.093;27:30.098|0.000|58.987;28:30.851|0.000|55.721;29:31.083|0.000|56.797"
26.720,"auto_strong_robot_repulsion",32.1031,0.0400,33.6033,0.0000,0.2920,20.0660,34.8406,33.5373,1.5858,1.6150,0,30,"0:29.740|0.000|29.880;1:28.121|0.000|36.059;2:30.460|0.000|35.332;3:28.478|0.000|30.384;4:28.174|0.000|33.888;5:29.238|0.000|33.225;6:27.052|0.000|32.825;7:30.489|0.000|33.651;8:29.254|0.000|34.763;9:29.934|0.000|36.738;10:27.744|0.000|28.785;11:27.137|0.000|30.978;12:28.377|0.000|32.021;13:27.051|0.000|34.127;14:29.979|0.000|31.835;15:28.072|0.000|72.507;16:31.140|0.000|58.406;17:31.030|0.000|59.646;18:28.678|0.000|56.960;19:30.025|0.000|57.261;20:30.708|0.000|62.460;21:30.391|0.000|63.959;22:29.705|0.000|55.603;23:29.663|0.000|60.556;24:28.462|0.000|55.580;25:29.245|0.000|58.267;26:30.868|0.000|61.046;27:30.091|0.000|58.940;28:30.851|0.000|55.679;29:31.081|0.000|56.753"
26.824,"auto_strong_robot_repulsion",32.1031,0.0400,33.5863,0.0000,0.2920,20.0660,34.8341,33.5203,1.5858,1.6124,0,30,"0:29.730|0.000|29.928;1:28.128|0.000|36.111;2:30.457|0.000|35.389;3:28.471|0.000|30.422;4:28.169|0.000|33.942;5:29.244|0.000|33.270;6:27.049|0.000|32.874;7:30.495|0.000|33.707;8:29.253|0.000|34.818;9:29.933|0.000|36.796;10:27.740|0.000|28.828;11:27.133|0.000|31.029;12:28.376|0.000|32.070;13:27.045|0.000|34.171;14:29.975|0.000|31.888;15:28.079|0.000|72.560;16:31.137|0.000|58.353;17:31.026|0.000|59.595;18:28.681|0.000|56.915;19:30.028|0.000|57.216;20:30.707|0.000|62.412;21:30.409|0.000|63.913;22:29.705|0.000|55.551;23:29.666|0.000|60.501;24:28.464|0.000|55.524;25:29.243|0.000|58.215;26:30.867|0.000|60.992;27:30.080|0.000|58.884;28:30.850|0.000|55.632;29:31.079|0.000|56.700"
26.924,"auto_strong_robot_repulsion",32.1031,0.0400,33.5709,0.0000,0.2920,20.0660,34.8281,33.5049,1.5858,1.6115,0,30,"0:29.718|0.000|29.973;1:28.132|0.000|36.156;2:30.454|0.000|35.439;3:28.466|0.000|30.459;4:28.165|0.000|33.989;5:29.250|0.000|33.313;6:27.046|0.000|32.919;7:30.502|0.000|33.753;8:29.253|0.000|34.869;9:29.933|0.000|36.849;10:27.734|0.000|28.867;11:27.128|0.000|31.073;12:28.376|0.000|32.116;13:27.044|0.000|34.210;14:29.971|0.000|31.937;15:28.084|0.000|72.608;16:31.134|0.000|58.303;17:31.023|0.000|59.549;18:28.682|0.000|56.877;19:30.028|0.000|57.177;20:30.707|0.000|62.373;21:30.424|0.000|63.875;22:29.704|0.000|55.507;23:29.669|0.000|60.453;24:28.466|0.000|55.475;25:29.239|0.000|58.170;26:30.867|0.000|60.945;27:30.071|0.000|58.836;28:30.849|0.000|55.587;29:31.077|0.000|56.652"
27.026,"auto_strong_robot_repulsion",32.1031,0.0400,33.5554,0.0000,0.2920,20.0660,34.8221,33.4894,1.5858,1.6116,0,30,"0:29.707|0.000|30.019;1:28.135|0.000|36.204;2:30.451|0.000|35.491;3:28.460|0.000|30.503;4:28.162|0.000|34.037;5:29.256|0.000|33.358;6:27.043|0.000|32.963;7:30.510|0.000|33.796;8:29.253|0.000|34.921;9:29.933|0.000|36.902;10:27.726|0.000|28.909;11:27.125|0.000|31.116;12:28.377|0.000|32.163;13:27.042|0.000|34.254;14:29.969|0.000|31.987;15:28.090|0.000|72.657;16:31.131|0.000|58.253;17:31.019|0.000|59.501;18:28.682|0.000|56.834;19:30.027|0.000|57.136;20:30.708|0.000|62.333;21:30.440|0.000|63.839;22:29.705|0.000|55.459;23:29.673|0.000|60.404;24:28.467|0.000|55.425;25:29.235|0.000|58.122;26:30.867|0.000|60.898;27:30.065|0.000|58.794;28:30.848|0.000|55.538;29:31.076|0.000|56.602"
27.138,"auto_strong_robot_repulsion",32.1031,0.0400,33.5384,0.0000,0.2920,20.0660,34.8155,33.4724,1.5858,1.6146,0,30,"0:29.698|0.000|30.064;1:28.139|0.000|36.258;2:30.448|0.000|35.546;3:28.453|0.000|30.554;4:28.160|0.000|34.091;5:29.261|0.000|33.406;6:27.042|0.000|33.010;7:30.518|0.000|33.846;8:29.255|0.000|34.976;9:29.933|0.000|36.958;10:27.716|0.000|28.951;11:27.123|0.000|31.164;12:28.377|0.000|32.217;13:27.040|0.000|34.305;14:29.966|0.000|32.041;15:28.098|0.000|72.707;16:31.126|0.000|58.198;17:31.015|0.000|59.449;18:28.682|0.000|56.783;19:30.027|0.000|57.086;20:30.710|0.000|62.286;21:30.458|0.000|63.799;22:29.706|0.000|55.405;23:29.679|0.000|60.350;24:28.467|0.000|55.372;25:29.232|0.000|58.066;26:30.867|0.000|60.846;27:30.062|0.000|58.750;28:30.847|0.000|55.483;29:31.073|0.000|56.548"
27.244,"auto_strong_robot_repulsion",32.1031,0.0400,33.5214,0.0000,0.2920,20.0660,34.8089,33.4554,1.5858,1.6217,0,30,"0:29.692|0.000|30.104;1:28.142|0.000|36.313;2:30.446|0.000|35.600;3:28.446|0.000|30.607;4:28.158|0.000|34.144;5:29.262|0.000|33.450;6:27.042|0.000|33.059;7:30.525|0.000|33.897;8:29.256|0.000|35.030;9:29.934|0.000|37.014;10:27.710|0.000|28.993;11:27.121|0.000|31.211;12:28.377|0.000|32.270;13:27.039|0.000|34.356;14:29.961|0.000|32.094;15:28.110|0.000|72.754;16:31.121|0.000|58.144;17:31.011|0.000|59.398;18:28.682|0.000|56.728;19:30.026|0.000|57.032;20:30.712|0.000|62.240;21:30.475|0.000|63.761;22:29.708|0.000|55.350;23:29.684|0.000|60.300;24:28.467|0.000|55.321;25:29.231|0.000|58.011;26:30.869|0.000|60.798;27:30.061|0.000|58.707;28:30.845|0.000|55.428;29:31.069|0.000|56.496"
27.364,"auto_strong_robot_repulsion",32.1031,0.0400,33.5029,0.0000,0.2920,20.0660,34.8018,33.4369,1.5858,1.6348,0,30,"0:29.689|0.000|30.147;1:28.145|0.000|36.374;2:30.444|0.000|35.658;3:28.439|0.000|30.668;4:28.156|0.000|34.202;5:29.263|0.000|33.503;6:27.042|0.000|33.115;7:30.530|0.000|33.947;8:29.255|0.000|35.089;9:29.935|0.000|37.073;10:27.704|0.000|29.044;11:27.120|0.000|31.267;12:28.378|0.000|32.328;13:27.039|0.000|34.414;14:29.955|0.000|32.149;15:28.124|0.000|72.806;16:31.117|0.000|58.087;17:31.008|0.000|59.342;18:28.682|0.000|56.666;19:30.025|0.000|56.971;20:30.713|0.000|62.188;21:30.488|0.000|63.726;22:29.711|0.000|55.287;23:29.691|0.000|60.246;24:28.465|0.000|55.269;25:29.229|0.000|57.951;26:30.871|0.000|60.745;27:30.060|0.000|58.654;28:30.843|0.000|55.369;29:31.067|0.000|56.439"
27.472,"auto_strong_robot_repulsion",32.1031,0.0400,33.4859,0.0000,0.2920,20.0660,34.7952,33.4199,1.5858,1.6521,0,30,"0:29.687|0.000|30.192;1:28.147|0.000|36.429;2:30.441|0.000|35.712;3:28.433|0.000|30.723;4:28.155|0.000|34.256;5:29.263|0.000|33.555;6:27.042|0.000|33.168;7:30.530|0.000|33.991;8:29.255|0.000|35.141;9:29.937|0.000|37.127;10:27.697|0.000|29.092;11:27.119|0.000|31.321;12:28.379|0.000|32.382;13:27.039|0.000|34.468;14:29.947|0.000|32.198;15:28.137|0.000|72.851;16:31.116|0.000|58.038;17:31.005|0.000|59.292;18:28.680|0.000|56.609;19:30.023|0.000|56.913;20:30.715|0.000|62.138;21:30.498|0.000|63.695;22:29.714|0.000|55.230;23:29.697|0.000|60.197;24:28.464|0.000|55.219;25:29.228|0.000|57.898;26:30.874|0.000|60.696;27:30.059|0.000|58.602;28:30.840|0.000|55.316;29:31.066|0.000|56.391"
27.583,"auto_strong_robot_repulsion",32.1031,0.0400,33.4689,0.0000,0.2920,20.0660,34.7886,33.4029,1.5858,1.6738,0,30,"0:29.684|0.000|30.242;1:28.149|0.000|36.484;2:30.439|0.000|35.764;3:28.426|0.000|30.777;4:28.153|0.000|34.309;5:29.263|0.000|33.608;6:27.044|0.000|33.221;7:30.529|0.000|34.038;8:29.254|0.000|35.191;9:29.938|0.000|37.180;10:27.691|0.000|29.144;11:27.117|0.000|31.376;12:28.380|0.000|32.434;13:27.037|0.000|34.521;14:29.939|0.000|32.249;15:28.148|0.000|72.880;16:31.116|0.000|57.992;17:31.002|0.000|59.247;18:28.678|0.000|56.554;19:30.019|0.000|56.857;20:30.716|0.000|62.089;21:30.508|0.000|63.662;22:29.717|0.000|55.174;23:29.701|0.000|60.153;24:28.463|0.000|55.168;25:29.226|0.000|57.846;26:30.875|0.000|60.652;27:30.059|0.000|58.551;28:30.839|0.000|55.265;29:31.067|0.000|56.345"
27.692,"auto_strong_robot_repulsion",32.1031,0.0400,33.4519,0.0000,0.2920,20.0660,34.7821,33.3859,1.5858,1.6998,0,30,"0:29.680|0.000|30.295;1:28.151|0.000|36.539;2:30.436|0.000|35.819;3:28.418|0.000|30.830;4:28.151|0.000|34.362;5:29.263|0.000|33.661;6:27.045|0.000|33.273;7:30.527|0.000|34.089;8:29.251|0.000|35.243;9:29.939|0.000|37.233;10:27.686|0.000|29.197;11:27.117|0.000|31.431;12:28.380|0.000|32.484;13:27.034|0.000|34.577;14:29.933|0.000|32.298;15:28.153|0.000|72.913;16:31.118|0.000|57.942;17:31.001|0.000|59.197;18:28.677|0.000|56.499;19:30.017|0.000|56.802;20:30.717|0.000|62.041;21:30.518|0.000|63.625;22:29.719|0.000|55.120;23:29.704|0.000|60.107;24:28.463|0.000|55.115;25:29.224|0.000|57.793;26:30.876|0.000|60.606;27:30.057|0.000|58.500;28:30.839|0.000|55.219;29:31.069|0.000|56.296"
27.797,"auto_strong_robot_repulsion",32.1031,0.0400,33.4365,0.0000,0.2920,20.0660,34.7762,33.3705,1.5858,1.7273,0,30,"0:29.678|0.000|30.346;1:28.156|0.000|36.587;2:30.434|0.000|35.867;3:28.410|0.000|30.876;4:28.149|0.000|34.412;5:29.262|0.000|33.711;6:27.046|0.000|33.322;7:30.526|0.000|34.140;8:29.249|0.000|35.288;9:29.940|0.000|37.283;10:27.682|0.000|29.246;11:27.117|0.000|31.481;12:28.379|0.000|32.528;13:27.028|0.000|34.633;14:29.929|0.000|32.341;15:28.158|0.000|72.950;16:31.119|0.000|57.895;17:30.999|0.000|59.150;18:28.678|0.000|56.451;19:30.016|0.000|56.753;20:30.717|0.000|61.995;21:30.528|0.000|63.585;22:29.721|0.000|55.070;23:29.706|0.000|60.065;24:28.465|0.000|55.067;25:29.222|0.000|57.749;26:30.876|0.000|60.564;27:30.054|0.000|58.453;28:30.842|0.000|55.176;29:31.072|0.000|56.250"
27.899,"auto_strong_robot_repulsion",32.1031,0.0400,33.4210,0.0000,0.2920,20.0660,34.7702,33.3550,1.5858,1.7569,0,30,"0:29.677|0.000|30.395;1:28.162|0.000|36.634;2:30.433|0.000|35.912;3:28.401|0.000|30.920;4:28.150|0.000|34.459;5:29.261|0.000|33.759;6:27.045|0.000|33.370;7:30.524|0.000|34.190;8:29.248|0.000|35.330;9:29.941|0.000|37.333;10:27.677|0.000|29.294;11:27.117|0.000|31.528;12:28.377|0.000|32.572;13:27.022|0.000|34.685;14:29.927|0.000|32.384;15:28.164|0.000|72.991;16:31.120|0.000|57.852;17:30.998|0.000|59.103;18:28.681|0.000|56.407;19:30.018|0.000|56.710;20:30.717|0.000|61.952;21:30.539|0.000|63.543;22:29.724|0.000|55.023;23:29.708|0.000|60.020;24:28.468|0.000|55.019;25:29.221|0.000|57.703;26:30.875|0.000|60.519;27:30.052|0.000|58.409;28:30.846|0.000|55.131;29:31.074|0.000|56.206"
28.010,"auto_strong_robot_repulsion",32.1031,0.0400,33.4040,0.0000,0.2920,20.0660,34.7637,33.3380,1.5858,1.7927,0,30,"0:29.676|0.000|30.449;1:28.170|0.000|36.689;2:30.431|0.000|35.967;3:28.391|0.000|30.971;4:28.151|0.000|34.510;5:29.261|0.000|33.813;6:27.045|0.000|33.424;7:30.521|0.000|34.246;8:29.249|0.000|35.379;9:29.942|0.000|37.385;10:27.670|0.000|29.346;11:27.116|0.000|31.580;12:28.374|0.000|32.623;13:27.019|0.000|34.715;14:29.924|0.000|32.434;15:28.170|0.000|73.042;16:31.119|0.000|57.801;17:30.998|0.000|59.046;18:28.686|0.000|56.356;19:30.022|0.000|56.661;20:30.717|0.000|61.904;21:30.550|0.000|63.492;22:29.727|0.000|54.971;23:29.709|0.000|59.968;24:28.471|0.000|54.966;25:29.220|0.000|57.650;26:30.874|0.000|60.467;27:30.049|0.000|58.361;28:30.851|0.000|55.082;29:31.074|0.000|56.156"
28.118,"auto_strong_robot_repulsion",32.1031,0.0400,33.3870,0.0000,0.2920,20.0660,34.7572,33.3210,1.5858,1.8310,0,30,"0:29.674|0.000|30.504;1:28.179|0.000|36.738;2:30.431|0.000|36.022;3:28.383|0.000|31.015;4:28.150|0.000|34.563;5:29.264|0.000|33.865;6:27.047|0.000|33.475;7:30.517|0.000|34.302;8:29.249|0.000|35.430;9:29.945|0.000|37.436;10:27.663|0.000|29.396;11:27.112|0.000|31.629;12:28.370|0.000|32.673;13:27.023|0.000|34.747;14:29.921|0.000|32.484;15:28.174|0.000|73.096;16:31.118|0.000|57.748;17:31.000|0.000|58.986;18:28.691|0.000|56.304;19:30.026|0.000|56.609;20:30.717|0.000|61.857;21:30.560|0.000|63.442;22:29.729|0.000|54.918;23:29.712|0.000|59.913;24:28.474|0.000|54.912;25:29.220|0.000|57.595;26:30.874|0.000|60.412;27:30.048|0.000|58.316;28:30.853|0.000|55.035;29:31.075|0.000|56.104"
28.227,"auto_strong_robot_repulsion",32.1031,0.0400,33.3700,0.0000,0.2920,20.0660,34.7507,33.3040,1.5858,1.8696,0,30,"0:29.669|0.000|30.555;1:28.187|0.000|36.782;2:30.431|0.000|36.077;3:28.377|0.000|31.058;4:28.150|0.000|34.614;5:29.270|0.000|33.916;6:27.049|0.000|33.525;7:30.515|0.000|34.357;8:29.250|0.000|35.483;9:29.948|0.000|37.491;10:27.654|0.000|29.443;11:27.107|0.000|31.677;12:28.368|0.000|32.723;13:27.043|0.000|34.792;14:29.918|0.000|32.534;15:28.179|0.000|73.151;16:31.117|0.000|57.695;17:31.001|0.000|58.930;18:28.696|0.000|56.258;19:30.031|0.000|56.563;20:30.718|0.000|61.810;21:30.569|0.000|63.393;22:29.729|0.000|54.868;23:29.713|0.000|59.857;24:28.478|0.000|54.858;25:29.221|0.000|57.538;26:30.873|0.000|60.358;27:30.048|0.000|58.270;28:30.854|0.000|54.987;29:31.075|0.000|56.051"
28.336,"auto_strong_robot_repulsion",32.1031,0.0400,33.3530,0.0000,0.2920,20.0660,34.7442,33.2870,1.5858,1.9069,0,30,"0:29.663|0.000|30.604;1:28.192|0.000|36.829;2:30.430|0.000|36.134;3:28.373|0.000|31.100;4:28.150|0.000|34.665;5:29.275|0.000|33.969;6:27.050|0.000|33.574;7:30.516|0.000|34.410;8:29.251|0.000|35.539;9:29.952|0.000|37.547;10:27.646|0.000|29.490;11:27.101|0.000|31.727;12:28.366|0.000|32.776;13:27.063|0.000|34.841;14:29.916|0.000|32.585;15:28.185|0.000|73.206;16:31.115|0.000|57.640;17:31.001|0.000|58.874;18:28.696|0.000|56.211;19:30.031|0.000|56.518;20:30.718|0.000|61.763;21:30.579|0.000|63.344;22:29.728|0.000|54.815;23:29.713|0.000|59.802;24:28.481|0.000|54.805;25:29.223|0.000|57.482;26:30.871|0.000|60.304;27:30.050|0.000|58.220;28:30.855|0.000|54.936;29:31.075|0.000|55.997"
28.437,"auto_strong_robot_repulsion",32.1031,0.0400,33.3376,0.0000,0.2920,20.0660,34.7383,33.2716,1.5858,1.9402,0,30,"0:29.657|0.000|30.649;1:28.196|0.000|36.874;2:30.429|0.000|36.185;3:28.370|0.000|31.142;4:28.153|0.000|34.713;5:29.280|0.000|34.010;6:27.053|0.000|33.616;7:30.519|0.000|34.458;8:29.251|0.000|35.591;9:29.955|0.000|37.598;10:27.638|0.000|29.530;11:27.096|0.000|31.771;12:28.364|0.000|32.825;13:27.080|0.000|34.882;14:29.914|0.000|32.630;15:28.191|0.000|73.254;16:31.112|0.000|57.591;17:31.000|0.000|58.826;18:28.696|0.000|56.166;19:30.031|0.000|56.474;20:30.719|0.000|61.721;21:30.590|0.000|63.304;22:29.727|0.000|54.768;23:29.713|0.000|59.754;24:28.484|0.000|54.758;25:29.224|0.000|57.433;26:30.869|0.000|60.257;27:30.052|0.000|58.174;28:30.856|0.000|54.888;29:31.075|0.000|55.949"
28.544,"auto_strong_robot_repulsion",32.1031,0.0400,33.3206,0.0000,0.2920,20.0660,34.7318,33.2546,1.5858,1.9784,0,30,"0:29.650|0.000|30.699;1:28.201|0.000|36.927;2:30.428|0.000|36.240;3:28.366|0.000|31.192;4:28.159|0.000|34.773;5:29.284|0.000|34.053;6:27.057|0.000|33.665;7:30.523|0.000|34.511;8:29.253|0.000|35.647;9:29.957|0.000|37.654;10:27.632|0.000|29.571;11:27.092|0.000|31.817;12:28.363|0.000|32.877;13:27.100|0.000|34.926;14:29.911|0.000|32.680;15:28.198|0.000|73.304;16:31.110|0.000|57.539;17:30.998|0.000|58.775;18:28.697|0.000|56.114;19:30.032|0.000|56.423;20:30.720|0.000|61.674;21:30.604|0.000|63.264;22:29.724|0.000|54.721;23:29.715|0.000|59.702;24:28.487|0.000|54.706;25:29.226|0.000|57.380;26:30.868|0.000|60.206;27:30.053|0.000|58.124;28:30.856|0.000|54.835;29:31.073|0.000|55.897"
28.653,"auto_strong_robot_repulsion",32.1031,0.0400,33.3036,0.0000,0.2920,20.0660,34.7253,33.2376,1.5858,2.0137,0,30,"0:29.645|0.000|30.744;1:28.205|0.000|36.982;2:30.427|0.000|36.294;3:28.362|0.000|31.246;4:28.164|0.000|34.838;5:29.285|0.000|34.096;6:27.061|0.000|33.714;7:30.528|0.000|34.558;8:29.256|0.000|35.701;9:29.960|0.000|37.709;10:27.629|0.000|29.608;11:27.089|0.000|31.867;12:28.362|0.000|32.929;13:27.122|0.000|34.970;14:29.908|0.000|32.730;15:28.206|0.000|73.349;16:31.108|0.000|57.487;17:30.997|0.000|58.726;18:28.698|0.000|56.059;19:30.032|0.000|56.369;20:30.721|0.000|61.630;21:30.619|0.000|63.223;22:29.722|0.000|54.672;23:29.718|0.000|59.654;24:28.488|0.000|54.656;25:29.226|0.000|57.327;26:30.869|0.000|60.159;27:30.054|0.000|58.071;28:30.855|0.000|54.782;29:31.073|0.000|55.846"
28.760,"auto_strong_robot_repulsion",32.1031,0.0400,33.2866,0.0000,0.2920,20.0660,34.7188,33.2206,1.5858,2.0489,0,30,"0:29.643|0.000|30.789;1:28.207|0.000|37.039;2:30.427|0.000|36.347;3:28.358|0.000|31.302;4:28.170|0.000|34.906;5:29.285|0.000|34.145;6:27.065|0.000|33.767;7:30.532|0.000|34.601;8:29.258|0.000|35.756;9:29.963|0.000|37.765;10:27.625|0.000|29.650;11:27.085|0.000|31.920;12:28.362|0.000|32.981;13:27.143|0.000|35.013;14:29.904|0.000|32.780;15:28.215|0.000|73.393;16:31.107|0.000|57.436;17:30.996|0.000|58.676;18:28.697|0.000|56.004;19:30.031|0.000|56.313;20:30.721|0.000|61.587;21:30.634|0.000|63.182;22:29.722|0.000|54.621;23:29.724|0.000|59.607;24:28.487|0.000|54.605;25:29.226|0.000|57.275;26:30.872|0.000|60.114;27:30.055|0.000|58.020;28:30.855|0.000|54.729;29:31.073|0.000|55.795"
28.863,"auto_strong_robot_repulsion",32.1031,0.0400,33.2712,0.0000,0.2920,20.0660,34.7129,33.2052,1.5858,2.0858,0,30,"0:29.641|0.000|30.834;1:28.210|0.000|37.091;2:30.426|0.000|36.397;3:28.356|0.000|31.354;4:28.173|0.000|34.966;5:29.284|0.000|34.191;6:27.068|0.000|33.816;7:30.532|0.000|34.643;8:29.258|0.000|35.805;9:29.966|0.000|37.815;10:27.623|0.000|29.692;11:27.082|0.000|31.970;12:28.361|0.000|33.029;13:27.166|0.000|35.053;14:29.901|0.000|32.825;15:28.223|0.000|73.437;16:31.106|0.000|57.390;17:30.996|0.000|58.631;18:28.696|0.000|55.953;19:30.030|0.000|56.261;20:30.719|0.000|61.545;21:30.643|0.000|63.157;22:29.722|0.000|54.572;23:29.729|0.000|59.560;24:28.485|0.000|54.557;25:29.226|0.000|57.228;26:30.876|0.000|60.069;27:30.056|0.000|57.972;28:30.856|0.000|54.680;29:31.074|0.000|55.749"
28.973,"auto_strong_robot_repulsion",32.1031,0.0400,33.2542,0.0000,0.2920,20.0660,34.7065,33.1882,1.5858,2.1313,0,30,"0:29.638|0.000|30.886;1:28.215|0.000|37.147;2:30.423|0.000|36.449;3:28.355|0.000|31.410;4:28.176|0.000|35.026;5:29.282|0.000|34.242;6:27.071|0.000|33.870;7:30.531|0.000|34.693;8:29.256|0.000|35.854;9:29.969|0.000|37.870;10:27.619|0.000|29.744;11:27.080|0.000|32.024;12:28.362|0.000|33.078;13:27.192|0.000|35.094;14:29.898|0.000|32.877;15:28.230|0.000|73.482;16:31.107|0.000|57.341;17:30.996|0.000|58.584;18:28.697|0.000|55.898;19:30.029|0.000|56.206;20:30.718|0.000|61.498;21:30.649|0.000|63.124;22:29.723|0.000|54.516;23:29.736|0.000|59.511;24:28.483|0.000|54.509;25:29.225|0.000|57.176;26:30.881|0.000|60.021;27:30.056|0.000|57.920;28:30.857|0.000|54.628;29:31.075|0.000|55.700"
29.082,"auto_strong_robot_repulsion",32.1031,0.0400,33.2372,0.0000,0.2920,20.0660,34.7000,33.1712,1.5858,2.1808,0,30,"0:29.636|0.000|30.938;1:28.220|0.000|37.203;2:30.420|0.000|36.501;3:28.351|0.000|31.465;4:28.180|0.000|35.075;5:29.281|0.000|34.294;6:27.074|0.000|33.924;7:30.530|0.000|34.748;8:29.252|0.000|35.906;9:29.971|0.000|37.924;10:27.616|0.000|29.798;11:27.078|0.000|32.078;12:28.362|0.000|33.125;13:27.220|0.000|35.135;14:29.897|0.000|32.924;15:28.233|0.000|73.523;16:31.108|0.000|57.291;17:30.997|0.000|58.535;18:28.698|0.000|55.843;19:30.030|0.000|56.152;20:30.717|0.000|61.449;21:30.657|0.000|63.087;22:29.724|0.000|54.461;23:29.740|0.000|59.464;24:28.480|0.000|54.461;25:29.225|0.000|57.125;26:30.885|0.000|59.975;27:30.056|0.000|57.869;28:30.859|0.000|54.577;29:31.078|0.000|55.649"
29.206,"auto_strong_robot_repulsion",32.1031,0.0400,33.2186,0.0000,0.2920,20.0660,34.6930,33.1526,1.5858,2.2180,0,30,"0:29.635|0.000|30.993;1:28.226|0.000|37.259;2:30.416|0.000|36.557;3:28.345|0.000|31.519;4:28.187|0.000|35.117;5:29.280|0.000|34.348;6:27.079|0.000|33.977;7:30.528|0.000|34.807;8:29.247|0.000|35.961;9:29.972|0.000|37.975;10:27.614|0.000|29.856;11:27.076|0.000|32.134;12:28.361|0.000|33.170;13:27.252|0.000|35.177;14:29.899|0.000|32.973;15:28.234|0.000|73.565;16:31.108|0.000|57.244;17:30.998|0.000|58.487;18:28.699|0.000|55.789;19:30.031|0.000|56.097;20:30.716|0.000|61.399;21:30.666|0.000|63.047;22:29.726|0.000|54.404;23:29.744|0.000|59.412;24:28.480|0.000|54.410;25:29.224|0.000|57.072;26:30.886|0.000|59.928;27:30.056|0.000|57.817;28:30.862|0.000|54.525;29:31.080|0.000|55.601"
29.311,"auto_strong_robot_repulsion",32.1031,0.0400,33.2016,0.0000,0.2920,20.0660,34.6865,33.1356,1.5858,2.2095,0,30,"0:29.634|0.000|31.044;1:28.233|0.000|37.308;2:30.412|0.000|36.612;3:28.338|0.000|31.565;4:28.197|0.000|35.147;5:29.281|0.000|34.400;6:27.083|0.000|34.025;7:30.526|0.000|34.863;8:29.244|0.000|36.010;9:29.973|0.000|38.027;10:27.613|0.000|29.909;11:27.073|0.000|32.185;12:28.359|0.000|33.214;13:27.282|0.000|35.217;14:29.901|0.000|33.023;15:28.234|0.000|73.610;16:31.107|0.000|57.198;17:30.998|0.000|58.443;18:28.702|0.000|55.739;19:30.034|0.000|56.047;20:30.715|0.000|61.350;21:30.675|0.000|63.003;22:29.727|0.000|54.352;23:29.747|0.000|59.361;24:28.480|0.000|54.358;25:29.224|0.000|57.021;26:30.888|0.000|59.878;27:30.056|0.000|57.767;28:30.865|0.000|54.477;29:31.080|0.000|55.556"
29.421,"auto_strong_robot_repulsion",32.1031,0.0400,33.1846,0.0000,0.2920,20.0660,34.6801,33.1186,1.5858,2.2041,0,30,"0:29.632|0.000|31.094;1:28.239|0.000|37.358;2:30.407|0.000|36.668;3:28.329|0.000|31.614;4:28.208|0.000|35.166;5:29.282|0.000|34.451;6:27.086|0.000|34.071;7:30.524|0.000|34.918;8:29.244|0.000|36.058;9:29.973|0.000|38.080;10:27.611|0.000|29.961;11:27.070|0.000|32.234;12:28.354|0.000|33.255;13:27.321|0.000|35.269;14:29.902|0.000|33.075;15:28.233|0.000|73.658;16:31.105|0.000|57.153;17:30.998|0.000|58.398;18:28.705|0.000|55.690;19:30.037|0.000|55.997;20:30.713|0.000|61.303;21:30.683|0.000|62.958;22:29.727|0.000|54.300;23:29.751|0.000|59.310;24:28.481|0.000|54.305;25:29.223|0.000|56.975;26:30.891|0.000|59.827;27:30.056|0.000|57.718;28:30.866|0.000|54.433;29:31.079|0.000|55.512"
29.533,"auto_strong_robot_repulsion",32.1031,0.0400,33.1676,0.0000,0.2920,20.0660,34.6737,33.1016,1.5858,2.2013,0,30,"0:29.630|0.000|31.145;1:28.245|0.000|37.412;2:30.403|0.000|36.726;3:28.320|0.000|31.663;4:28.216|0.000|35.177;5:29.283|0.000|34.499;6:27.086|0.000|34.113;7:30.523|0.000|34.973;8:29.243|0.000|36.112;9:29.973|0.000|38.136;10:27.607|0.000|30.012;11:27.066|0.000|32.284;12:28.349|0.000|33.299;13:27.374|0.000|35.363;14:29.902|0.000|33.129;15:28.231|0.000|73.710;16:31.103|0.000|57.101;17:30.997|0.000|58.349;18:28.707|0.000|55.643;19:30.040|0.000|55.949;20:30.711|0.000|61.255;21:30.690|0.000|62.911;22:29.727|0.000|54.247;23:29.753|0.000|59.255;24:28.483|0.000|54.249;25:29.222|0.000|56.923;26:30.892|0.000|59.773;27:30.056|0.000|57.667;28:30.866|0.000|54.387;29:31.079|0.000|55.462"
29.646,"auto_strong_robot_repulsion",32.1031,0.0400,33.1507,0.0000,0.2920,20.0660,34.6673,33.0847,1.5858,2.2020,0,30,"0:29.626|0.000|31.196;1:28.248|0.000|37.465;2:30.399|0.000|36.783;3:28.313|0.000|31.708;4:28.227|0.000|35.185;5:29.282|0.000|34.545;6:27.083|0.000|34.165;7:30.523|0.000|35.028;8:29.241|0.000|36.167;9:29.973|0.000|38.195;10:27.602|0.000|30.058;11:27.062|0.000|32.334;12:28.343|0.000|33.344;13:27.392|0.000|35.439;14:29.901|0.000|33.182;15:28.228|0.000|73.764;16:31.101|0.000|57.048;17:30.996|0.000|58.298;18:28.708|0.000|55.596;19:30.041|0.000|55.904;20:30.710|0.000|61.207;21:30.699|0.000|62.864;22:29.726|0.000|54.198;23:29.755|0.000|59.202;24:28.485|0.000|54.194;25:29.222|0.000|56.869;26:30.892|0.000|59.720;27:30.056|0.000|57.615;28:30.865|0.000|54.340;29:31.078|0.000|55.410"
29.748,"auto_strong_robot_repulsion",32.1031,0.0400,33.1352,0.0000,0.2920,20.0660,34.6614,33.0692,1.5858,2.2051,0,30,"0:29.624|0.000|31.241;1:28.249|0.000|37.513;2:30.396|0.000|36.835;3:28.307|0.000|31.755;4:28.250|0.000|35.200;5:29.279|0.000|34.592;6:27.080|0.000|34.215;7:30.524|0.000|35.075;8:29.241|0.000|36.219;9:29.973|0.000|38.248;10:27.595|0.000|30.098;11:27.058|0.000|32.378;12:28.337|0.000|33.388;13:27.384|0.000|35.500;14:29.900|0.000|33.231;15:28.225|0.000|73.813;16:31.100|0.000|56.997;17:30.995|0.000|58.249;18:28.707|0.000|55.554;19:30.039|0.000|55.863;20:30.709|0.000|61.163;21:30.708|0.000|62.822;22:29.726|0.000|54.150;23:29.757|0.000|59.152;24:28.487|0.000|54.144;25:29.221|0.000|56.818;26:30.892|0.000|59.671;27:30.055|0.000|57.569;28:30.863|0.000|54.293;29:31.078|0.000|55.360"
29.848,"auto_strong_robot_repulsion",32.1031,0.0400,33.1198,0.0000,0.2920,20.0660,34.6556,33.0538,1.5858,2.2096,0,30,"0:29.620|0.000|31.289;1:28.249|0.000|37.563;2:30.393|0.000|36.885;3:28.300|0.000|31.803;4:28.279|0.000|35.217;5:29.276|0.000|34.639;6:27.078|0.000|34.260;7:30.526|0.000|35.118;8:29.241|0.000|36.270;9:29.973|0.000|38.299;10:27.587|0.000|30.140;11:27.055|0.000|32.420;12:28.332|0.000|33.434;13:27.379|0.000|35.555;14:29.899|0.000|33.279;15:28.223|0.000|73.862;16:31.097|0.000|56.946;17:30.994|0.000|58.200;18:28.705|0.000|55.508;19:30.038|0.000|55.820;20:30.709|0.000|61.122;21:30.717|0.000|62.780;22:29.727|0.000|54.102;23:29.760|0.000|59.105;24:28.488|0.000|54.096;25:29.221|0.000|56.768;26:30.894|0.000|59.623;27:30.053|0.000|57.526;28:30.862|0.000|54.243;29:31.077|0.000|55.310"
29.960,"auto_strong_robot_repulsion",32.1031,0.0400,33.1012,0.0000,0.2920,20.0660,34.6486,33.0352,1.5858,2.2168,0,30,"0:29.617|0.000|31.339;1:28.250|0.000|37.621;2:30.391|0.000|36.943;3:28.291|0.000|31.861;4:28.315|0.000|35.239;5:29.275|0.000|34.699;6:27.081|0.000|34.309;7:30.529|0.000|35.174;8:29.242|0.000|36.330;9:29.974|0.000|38.360;10:27.577|0.000|30.185;11:27.053|0.000|32.470;12:28.325|0.000|33.491;13:27.379|0.000|35.609;14:29.899|0.000|33.333;15:28.221|0.000|73.919;16:31.093|0.000|56.888;17:30.992|0.000|58.143;18:28.703|0.000|55.451;19:30.036|0.000|55.764;20:30.709|0.000|61.075;21:30.728|0.000|62.734;22:29.728|0.000|54.044;23:29.765|0.000|59.049;24:28.488|0.000|54.039;25:29.221|0.000|56.708;26:30.897|0.000|59.568;27:30.049|0.000|57.470;28:30.861|0.000|54.184;29:31.075|0.000|55.252"
30.066,"auto_strong_robot_repulsion",32.1031,0.0400,33.0858,0.0000,0.2920,20.0660,34.6428,33.0198,1.5858,2.2244,0,30,"0:29.615|0.000|31.381;1:28.250|0.000|37.671;2:30.389|0.000|36.992;3:28.284|0.000|31.911;4:28.342|0.000|35.259;5:29.278|0.000|34.757;6:27.085|0.000|34.349;7:30.530|0.000|35.221;8:29.242|0.000|36.378;9:29.975|0.000|38.409;10:27.572|0.000|30.222;11:27.050|0.000|32.517;12:28.319|0.000|33.541;13:27.381|0.000|35.651;14:29.898|0.000|33.379;15:28.223|0.000|73.965;16:31.089|0.000|56.840;17:30.989|0.000|58.096;18:28.702|0.000|55.401;19:30.034|0.000|55.714;20:30.711|0.000|61.034;21:30.737|0.000|62.697;22:29.731|0.000|53.993;23:29.769|0.000|59.004;24:28.487|0.000|53.994;25:29.220|0.000|56.658;26:30.900|0.000|59.524;27:30.045|0.000|57.422;28:30.859|0.000|54.134;29:31.073|0.000|55.203"
30.168,"auto_strong_robot_repulsion",32.1031,0.0400,33.0703,0.0000,0.2920,20.0660,34.6370,33.0043,1.5858,2.2334,0,30,"0:29.615|0.000|31.425;1:28.250|0.000|37.722;2:30.387|0.000|37.041;3:28.279|0.000|31.963;4:28.368|0.000|35.282;5:29.285|0.000|34.820;6:27.090|0.000|34.390;7:30.530|0.000|35.269;8:29.241|0.000|36.427;9:29.976|0.000|38.458;10:27.567|0.000|30.263;11:27.048|0.000|32.566;12:28.314|0.000|33.591;13:27.384|0.000|35.695;14:29.898|0.000|33.424;15:28.226|0.000|74.013;16:31.087|0.000|56.793;17:30.987|0.000|58.048;18:28.700|0.000|55.348;19:30.033|0.000|55.662;20:30.713|0.000|60.990;21:30.747|0.000|62.657;22:29.734|0.000|53.940;23:29.774|0.000|58.958;24:28.485|0.000|53.951;25:29.219|0.000|56.609;26:30.904|0.000|59.480;27:30.042|0.000|57.372;28:30.856|0.000|54.085;29:31.071|0.000|55.155"
30.274,"auto_strong_robot_repulsion",32.1031,0.0400,33.0533,0.0000,0.2920,20.0660,34.6307,32.9873,1.5858,2.2434,0,30,"0:29.616|0.000|31.472;1:28.251|0.000|37.776;2:30.384|0.000|37.094;3:28.272|0.000|32.019;4:28.392|0.000|35.311;5:29.295|0.000|34.886;6:27.097|0.000|34.441;7:30.529|0.000|35.320;8:29.239|0.000|36.478;9:29.977|0.000|38.512;10:27.559|0.000|30.312;11:27.044|0.000|32.622;12:28.310|0.000|33.645;13:27.386|0.000|35.744;14:29.899|0.000|33.469;15:28.229|0.000|74.063;16:31.087|0.000|56.745;17:30.987|0.000|57.998;18:28.697|0.000|55.291;19:30.029|0.000|55.604;20:30.715|0.000|60.943;21:30.757|0.000|62.618;22:29.737|0.000|53.883;23:29.779|0.000|58.909;24:28.484|0.000|53.899;25:29.218|0.000|56.555;26:30.909|0.000|59.431;27:30.040|0.000|57.317;28:30.854|0.000|54.032;29:31.071|0.000|55.104"
30.375,"auto_strong_robot_repulsion",32.1031,0.0400,33.0379,0.0000,0.2920,20.0660,34.6249,32.9719,1.5858,2.2527,0,30,"0:29.615|0.000|31.520;1:28.251|0.000|37.826;2:30.383|0.000|37.142;3:28.266|0.000|32.066;4:28.411|0.000|35.340;5:29.306|0.000|34.942;6:27.102|0.000|34.492;7:30.526|0.000|35.368;8:29.238|0.000|36.521;9:29.978|0.000|38.561;10:27.552|0.000|30.358;11:27.040|0.000|32.672;12:28.307|0.000|33.692;13:27.387|0.000|35.789;14:29.902|0.000|33.516;15:28.233|0.000|74.103;16:31.089|0.000|56.703;17:30.988|0.000|57.957;18:28.693|0.000|55.241;19:30.026|0.000|55.554;20:30.716|0.000|60.898;21:30.761|0.000|62.587;22:29.739|0.000|53.833;23:29.782|0.000|58.868;24:28.483|0.000|53.852;25:29.217|0.000|56.508;26:30.912|0.000|59.391;27:30.039|0.000|57.269;28:30.853|0.000|53.986;29:31.072|0.000|55.063"
30.484,"auto_strong_robot_repulsion",32.1031,0.0400,33.0209,0.0000,0.2920,20.0660,34.6185,32.9549,1.5858,2.2673,0,30,"0:29.613|0.000|31.574;1:28.253|0.000|37.881;2:30.380|0.000|37.196;3:28.257|0.000|32.118;4:28.429|0.000|35.379;5:29.319|0.000|34.996;6:27.107|0.000|34.545;7:30.523|0.000|35.423;8:29.234|0.000|36.572;9:29.979|0.000|38.615;10:27.546|0.000|30.412;11:27.038|0.000|32.728;12:28.301|0.000|33.739;13:27.387|0.000|35.835;14:29.903|0.000|33.570;15:28.234|0.000|74.143;16:31.093|0.000|56.653;17:30.991|0.000|57.909;18:28.691|0.000|55.186;19:30.022|0.000|55.500;20:30.717|0.000|60.848;21:30.764|0.000|62.555;22:29.741|0.000|53.778;23:29.785|0.000|58.822;24:28.484|0.000|53.800;25:29.218|0.000|56.458;26:30.914|0.000|59.347;27:30.037|0.000|57.217;28:30.854|0.000|53.939;29:31.076|0.000|55.014"
30.586,"auto_strong_robot_repulsion",32.1031,0.0400,33.0054,0.0000,0.2920,20.0660,34.6127,32.9394,1.5858,2.2848,0,30,"0:29.612|0.000|31.624;1:28.255|0.000|37.932;2:30.378|0.000|37.243;3:28.248|0.000|32.161;4:28.443|0.000|35.423;5:29.331|0.000|35.038;6:27.110|0.000|34.590;7:30.520|0.000|35.475;8:29.230|0.000|36.615;9:29.981|0.000|38.665;10:27.541|0.000|30.461;11:27.037|0.000|32.777;12:28.295|0.000|33.776;13:27.386|0.000|35.875;14:29.902|0.000|33.617;15:28.231|0.000|74.181;16:31.096|0.000|56.609;17:30.995|0.000|57.863;18:28.690|0.000|55.137;19:30.021|0.000|55.451;20:30.718|0.000|60.803;21:30.766|0.000|62.523;22:29.744|0.000|53.729;23:29.786|0.000|58.779;24:28.486|0.000|53.751;25:29.219|0.000|56.414;26:30.914|0.000|59.308;27:30.035|0.000|57.169;28:30.857|0.000|53.896;29:31.080|0.000|54.968"
30.696,"auto_strong_robot_repulsion",32.1031,0.0400,32.9884,0.0000,0.2920,20.0660,34.6064,32.9224,1.5858,2.3105,0,30,"0:29.611|0.000|31.679;1:28.259|0.000|37.987;2:30.377|0.000|37.295;3:28.238|0.000|32.207;4:28.456|0.000|35.487;5:29.345|0.000|35.079;6:27.112|0.000|34.636;7:30.517|0.000|35.531;8:29.228|0.000|36.661;9:29.982|0.000|38.720;10:27.535|0.000|30.514;11:27.035|0.000|32.829;12:28.285|0.000|33.813;13:27.388|0.000|35.914;14:29.896|0.000|33.670;15:28.229|0.000|74.230;16:31.098|0.000|56.563;17:30.998|0.000|57.815;18:28.692|0.000|55.088;19:30.022|0.000|55.403;20:30.719|0.000|60.754;21:30.768|0.000|62.484;22:29.746|0.000|53.677;23:29.787|0.000|58.728;24:28.489|0.000|53.698;25:29.222|0.000|56.362;26:30.914|0.000|59.261;27:30.033|0.000|57.118;28:30.861|0.000|53.845;29:31.084|0.000|54.920"
30.806,"auto_strong_robot_repulsion",32.1031,0.0400,32.9714,0.0000,0.2920,20.0660,34.6000,32.9054,1.5858,2.3402,0,30,"0:29.611|0.000|31.732;1:28.263|0.000|38.044;2:30.377|0.000|37.349;3:28.227|0.000|32.252;4:28.471|0.000|35.561;5:29.362|0.000|35.116;6:27.112|0.000|34.673;7:30.513|0.000|35.587;8:29.227|0.000|36.706;9:29.984|0.000|38.771;10:27.527|0.000|30.565;11:27.032|0.000|32.878;12:28.270|0.000|33.859;13:27.394|0.000|35.953;14:29.889|0.000|33.729;15:28.225|0.000|74.282;16:31.097|0.000|56.515;17:30.999|0.000|57.769;18:28.694|0.000|55.037;19:30.026|0.000|55.353;20:30.719|0.000|60.705;21:30.770|0.000|62.440;22:29.749|0.000|53.625;23:29.789|0.000|58.674;24:28.493|0.000|53.644;25:29.225|0.000|56.309;26:30.914|0.000|59.209;27:30.029|0.000|57.067;28:30.865|0.000|53.797;29:31.086|0.000|54.874"
30.915,"auto_strong_robot_repulsion",32.1031,0.0400,32.9544,0.0000,0.2920,20.0660,34.5937,32.8884,1.5858,2.3711,0,30,"0:29.612|0.000|31.783;1:28.267|0.000|38.095;2:30.376|0.000|37.404;3:28.216|0.000|32.294;4:28.489|0.000|35.638;5:29.383|0.000|35.148;6:27.116|0.000|34.701;7:30.509|0.000|35.641;8:29.227|0.000|36.754;9:29.987|0.000|38.824;10:27.518|0.000|30.615;11:27.027|0.000|32.921;12:28.256|0.000|33.897;13:27.403|0.000|35.995;14:29.883|0.000|33.787;15:28.220|0.000|74.337;16:31.097|0.000|56.464;17:30.999|0.000|57.720;18:28.698|0.000|54.984;19:30.030|0.000|55.302;20:30.719|0.000|60.657;21:30.772|0.000|62.393;22:29.751|0.000|53.573;23:29.791|0.000|58.619;24:28.496|0.000|53.590;25:29.228|0.000|56.256;26:30.915|0.000|59.155;27:30.026|0.000|57.020;28:30.867|0.000|53.750;29:31.086|0.000|54.825"
31.015,"auto_strong_robot_repulsion",32.1031,0.0400,32.9390,0.0000,0.2920,20.0660,34.5879,32.8730,1.5858,2.3992,0,30,"0:29.611|0.000|31.828;1:28.271|0.000|38.142;2:30.376|0.000|37.455;3:28.207|0.000|32.329;4:28.501|0.000|35.704;5:29.403|0.000|35.173;6:27.123|0.000|34.722;7:30.506|0.000|35.688;8:29.228|0.000|36.801;9:29.990|0.000|38.874;10:27.510|0.000|30.656;11:27.019|0.000|32.959;12:28.248|0.000|33.928;13:27.415|0.000|36.031;14:29.878|0.000|33.836;15:28.215|0.000|74.386;16:31.097|0.000|56.416;17:30.999|0.000|57.675;18:28.700|0.000|54.939;19:30.034|0.000|55.259;20:30.719|0.000|60.615;21:30.773|0.000|62.349;22:29.750|0.000|53.526;23:29.791|0.000|58.569;24:28.499|0.000|53.542;25:29.229|0.000|56.207;26:30.914|0.000|59.106;27:30.025|0.000|56.981;28:30.868|0.000|53.705;29:31.087|0.000|54.779"
31.118,"auto_strong_robot_repulsion",32.1031,0.0400,32.9235,0.0000,0.2920,20.0660,34.5822,32.8575,1.5858,2.4277,0,30,"0:29.608|0.000|31.869;1:28.274|0.000|38.192;2:30.374|0.000|37.507;3:28.201|0.000|32.364;4:28.509|0.000|35.765;5:29.424|0.000|35.197;6:27.132|0.000|34.743;7:30.506|0.000|35.733;8:29.228|0.000|36.851;9:29.993|0.000|38.926;10:27.500|0.000|30.695;11:27.010|0.000|33.000;12:28.240|0.000|33.964;13:27.426|0.000|36.064;14:29.874|0.000|33.886;15:28.211|0.000|74.435;16:31.096|0.000|56.367;17:30.999|0.000|57.628;18:28.700|0.000|54.894;19:30.035|0.000|55.219;20:30.719|0.000|60.572;21:30.774|0.000|62.304;22:29.750|0.000|53.477;23:29.791|0.000|58.520;24:28.502|0.000|53.493;25:29.231|0.000|56.157;26:30.913|0.000|59.056;27:30.025|0.000|56.937;28:30.869|0.000|53.658;29:31.088|0.000|54.731"
31.221,"auto_strong_robot_repulsion",32.1031,0.0400,32.9066,0.0000,0.2920,20.0660,34.5759,32.8406,1.5858,2.4590,0,30,"0:29.603|0.000|31.912;1:28.277|0.000|38.248;2:30.372|0.000|37.563;3:28.193|0.000|32.405;4:28.514|0.000|35.820;5:29.451|0.000|35.225;6:27.152|0.000|34.767;7:30.508|0.000|35.782;8:29.229|0.000|36.907;9:29.997|0.000|38.982;10:27.490|0.000|30.739;11:26.999|0.000|33.042;12:28.229|0.000|34.007;13:27.434|0.000|36.103;14:29.871|0.000|33.938;15:28.208|0.000|74.489;16:31.094|0.000|56.313;17:30.998|0.000|57.576;18:28.699|0.000|54.842;19:30.035|0.000|55.171;20:30.720|0.000|60.525;21:30.774|0.000|62.256;22:29.748|0.000|53.426;23:29.791|0.000|58.466;24:28.506|0.000|53.441;25:29.233|0.000|56.103;26:30.911|0.000|59.003;27:30.027|0.000|56.887;28:30.871|0.000|53.605;29:31.088|0.000|54.677"
31.332,"auto_strong_robot_repulsion",32.1031,0.0400,32.8896,0.0000,0.2920,20.0660,34.5696,32.8236,1.5858,2.4905,0,30,"0:29.597|0.000|31.957;1:28.279|0.000|38.303;2:30.372|0.000|37.618;3:28.186|0.000|32.450;4:28.515|0.000|35.870;5:29.476|0.000|35.248;6:27.174|0.000|34.790;7:30.511|0.000|35.830;8:29.231|0.000|36.963;9:29.999|0.000|39.038;10:27.480|0.000|30.778;11:26.991|0.000|33.081;12:28.218|0.000|34.053;13:27.443|0.000|36.146;14:29.868|0.000|33.989;15:28.205|0.000|74.541;16:31.093|0.000|56.260;17:30.997|0.000|57.525;18:28.700|0.000|54.788;19:30.035|0.000|55.120;20:30.720|0.000|60.479;21:30.775|0.000|62.207;22:29.745|0.000|53.379;23:29.792|0.000|58.414;24:28.508|0.000|53.390;25:29.234|0.000|56.050;26:30.910|0.000|58.951;27:30.029|0.000|56.835;28:30.870|0.000|53.552;29:31.088|0.000|54.624"
31.444,"auto_strong_robot_repulsion",32.1031,0.0400,32.8726,0.0000,0.2920,20.0660,34.5633,32.8066,1.5858,2.5236,0,30,"0:29.588|0.000|32.003;1:28.281|0.000|38.360;2:30.371|0.000|37.674;3:28.177|0.000|32.502;4:28.516|0.000|35.925;5:29.499|0.000|35.271;6:27.194|0.000|34.812;7:30.518|0.000|35.876;8:29.233|0.000|37.019;9:30.002|0.000|39.094;10:27.473|0.000|30.815;11:26.984|0.000|33.126;12:28.207|0.000|34.104;13:27.452|0.000|36.196;14:29.865|0.000|34.039;15:28.203|0.000|74.591;16:31.092|0.000|56.207;17:30.996|0.000|57.473;18:28.699|0.000|54.732;19:30.035|0.000|55.066;20:30.721|0.000|60.432;21:30.778|0.000|62.159;22:29.744|0.000|53.328;23:29.796|0.000|58.366;24:28.509|0.000|53.338;25:29.235|0.000|55.996;26:30.911|0.000|58.901;27:30.031|0.000|56.780;28:30.870|0.000|53.497;29:31.087|0.000|54.571"
31.547,"auto_strong_robot_repulsion",32.1031,0.0400,32.8571,0.0000,0.2920,20.0660,34.5575,32.7911,1.5858,2.5552,0,30,"0:29.581|0.000|32.044;1:28.283|0.000|38.411;2:30.371|0.000|37.724;3:28.168|0.000|32.552;4:28.518|0.000|35.979;5:29.517|0.000|35.294;6:27.214|0.000|34.832;7:30.523|0.000|35.915;8:29.235|0.000|37.071;9:30.005|0.000|39.145;10:27.468|0.000|30.849;11:26.976|0.000|33.170;12:28.198|0.000|34.151;13:27.460|0.000|36.244;14:29.862|0.000|34.084;15:28.202|0.000|74.634;16:31.092|0.000|56.159;17:30.996|0.000|57.426;18:28.698|0.000|54.681;19:30.034|0.000|55.014;20:30.722|0.000|60.389;21:30.782|0.000|62.119;22:29.744|0.000|53.280;23:29.801|0.000|58.321;24:28.508|0.000|53.291;25:29.235|0.000|55.947;26:30.914|0.000|58.858;27:30.032|0.000|56.730;28:30.869|0.000|53.448;29:31.088|0.000|54.523"
31.647,"auto_strong_robot_repulsion",32.1031,0.0400,32.8417,0.0000,0.2920,20.0660,34.5518,32.7757,1.5858,2.5870,0,30,"0:29.576|0.000|32.086;1:28.285|0.000|38.461;2:30.369|0.000|37.774;3:28.162|0.000|32.602;4:28.520|0.000|36.034;5:29.532|0.000|35.316;6:27.236|0.000|34.851;7:30.525|0.000|35.955;8:29.234|0.000|37.120;9:30.008|0.000|39.195;10:27.463|0.000|30.887;11:26.968|0.000|33.216;12:28.189|0.000|34.199;13:27.466|0.000|36.294;14:29.858|0.000|34.126;15:28.201|0.000|74.679;16:31.093|0.000|56.114;17:30.996|0.000|57.379;18:28.696|0.000|54.630;19:30.032|0.000|54.963;20:30.722|0.000|60.350;21:30.787|0.000|62.076;22:29.744|0.000|53.230;23:29.806|0.000|58.275;24:28.507|0.000|53.243;25:29.236|0.000|55.899;26:30.918|0.000|58.814;27:30.034|0.000|56.682;28:30.870|0.000|53.400;29:31.089|0.000|54.476"
31.769,"auto_strong_robot_repulsion",32.1031,0.0400,32.8231,0.0000,0.2920,20.0660,34.5450,32.7571,1.5858,2.6246,0,30,"0:29.569|0.000|32.141;1:28.287|0.000|38.520;2:30.366|0.000|37.828;3:28.155|0.000|32.662;4:28.522|0.000|36.103;5:29.548|0.000|35.341;6:27.263|0.000|34.876;7:30.527|0.000|36.008;8:29.232|0.000|37.175;9:30.011|0.000|39.254;10:27.456|0.000|30.938;11:26.959|0.000|33.274;12:28.177|0.000|34.254;13:27.475|0.000|36.354;14:29.852|0.000|34.175;15:28.199|0.000|74.734;16:31.096|0.000|56.061;17:30.997|0.000|57.325;18:28.695|0.000|54.571;19:30.031|0.000|54.903;20:30.721|0.000|60.301;21:30.793|0.000|62.025;22:29.745|0.000|53.170;23:29.813|0.000|58.223;24:28.504|0.000|53.192;25:29.237|0.000|55.842;26:30.924|0.000|58.760;27:30.035|0.000|56.624;28:30.872|0.000|53.343;29:31.091|0.000|54.421"
31.878,"auto_strong_robot_repulsion",32.1031,0.0400,32.8061,0.0000,0.2920,20.0660,34.5387,32.7401,1.5858,2.6146,0,30,"0:29.561|0.000|32.194;1:28.290|0.000|38.576;2:30.363|0.000|37.882;3:28.147|0.000|32.719;4:28.522|0.000|36.164;5:29.562|0.000|35.367;6:27.291|0.000|34.906;7:30.529|0.000|36.062;8:29.228|0.000|37.228;9:30.013|0.000|39.307;10:27.450|0.000|30.989;11:26.952|0.000|33.328;12:28.163|0.000|34.308;13:27.485|0.000|36.409;14:29.845|0.000|34.221;15:28.195|0.000|74.784;16:31.098|0.000|56.012;17:30.999|0.000|57.275;18:28.695|0.000|54.517;19:30.031|0.000|54.849;20:30.719|0.000|60.254;21:30.797|0.000|61.981;22:29.747|0.000|53.116;23:29.818|0.000|58.175;24:28.502|0.000|53.144;25:29.238|0.000|55.790;26:30.928|0.000|58.715;27:30.035|0.000|56.572;28:30.874|0.000|53.293;29:31.094|0.000|54.370"
31.987,"auto_strong_robot_repulsion",32.1031,0.0400,32.7891,0.0000,0.2920,20.0660,34.5324,32.7231,1.5858,2.6048,0,30,"0:29.555|0.000|32.251;1:28.293|0.000|38.629;2:30.359|0.000|37.936;3:28.138|0.000|32.774;4:28.521|0.000|36.221;5:29.576|0.000|35.402;6:27.323|0.000|34.942;7:30.529|0.000|36.119;8:29.224|0.000|37.281;9:30.014|0.000|39.357;10:27.444|0.000|31.044;11:26.944|0.000|33.381;12:28.147|0.000|34.364;13:27.497|0.000|36.466;14:29.838|0.000|34.264;15:28.188|0.000|74.832;16:31.100|0.000|55.967;17:30.999|0.000|57.228;18:28.695|0.000|54.465;19:30.033|0.000|54.796;20:30.718|0.000|60.205;21:30.798|0.000|61.938;22:29.748|0.000|53.061;23:29.821|0.000|58.125;24:28.502|0.000|53.093;25:29.240|0.000|55.738;26:30.929|0.000|58.669;27:30.035|0.000|56.520;28:30.877|0.000|53.242;29:31.097|0.000|54.319"
32.089,"auto_strong_robot_repulsion",32.1031,0.0400,32.7737,0.0000,0.2920,20.0660,34.5268,32.7077,1.5858,2.5970,0,30,"0:29.549|0.000|32.302;1:28.294|0.000|38.675;2:30.355|0.000|37.986;3:28.128|0.000|32.821;4:28.521|0.000|36.266;5:29.590|0.000|35.440;6:27.353|0.000|34.980;7:30.528|0.000|36.171;8:29.221|0.000|37.327;9:30.015|0.000|39.406;10:27.440|0.000|31.093;11:26.935|0.000|33.429;12:28.130|0.000|34.424;13:27.510|0.000|36.517;14:29.832|0.000|34.304;15:28.182|0.000|74.878;16:31.100|0.000|55.925;17:30.999|0.000|57.187;18:28.696|0.000|54.418;19:30.034|0.000|54.749;20:30.717|0.000|60.161;21:30.799|0.000|61.897;22:29.749|0.000|53.012;23:29.824|0.000|58.078;24:28.503|0.000|53.044;25:29.242|0.000|55.690;26:30.930|0.000|58.624;27:30.035|0.000|56.474;28:30.879|0.000|53.197;29:31.098|0.000|54.277"
32.191,"auto_strong_robot_repulsion",32.1031,0.0400,32.7567,0.0000,0.2920,20.0660,34.5205,32.6907,1.5858,2.5906,0,30,"0:29.544|0.000|32.357;1:28.296|0.000|38.730;2:30.351|0.000|38.044;3:28.115|0.000|32.872;4:28.520|0.000|36.311;5:29.607|0.000|35.491;6:27.393|0.000|35.034;7:30.528|0.000|36.229;8:29.220|0.000|37.378;9:30.015|0.000|39.461;10:27.436|0.000|31.147;11:26.924|0.000|33.481;12:28.109|0.000|34.493;13:27.526|0.000|36.575;14:29.826|0.000|34.348;15:28.173|0.000|74.929;16:31.098|0.000|55.880;17:30.999|0.000|57.139;18:28.699|0.000|54.366;19:30.037|0.000|54.698;20:30.716|0.000|60.111;21:30.800|0.000|61.851;22:29.750|0.000|52.958;23:29.828|0.000|58.023;24:28.504|0.000|52.989;25:29.242|0.000|55.642;26:30.932|0.000|58.572;27:30.035|0.000|56.424;28:30.881|0.000|53.151;29:31.097|0.000|54.230"
32.302,"auto_strong_robot_repulsion",32.1031,0.0400,32.7397,0.0000,0.2920,20.0660,34.5143,32.6737,1.5858,2.5877,0,30,"0:29.536|0.000|32.411;1:28.296|0.000|38.786;2:30.347|0.000|38.101;3:28.103|0.000|32.924;4:28.520|0.000|36.343;5:29.623|0.000|35.545;6:27.442|0.000|35.111;7:30.529|0.000|36.285;8:29.220|0.000|37.432;9:30.015|0.000|39.519;10:27.430|0.000|31.202;11:26.914|0.000|33.529;12:28.110|0.000|34.516;13:27.539|0.000|36.638;14:29.819|0.000|34.396;15:28.165|0.000|74.982;16:31.097|0.000|55.830;17:30.998|0.000|57.090;18:28.700|0.000|54.318;19:30.041|0.000|54.648;20:30.715|0.000|60.062;21:30.801|0.000|61.804;22:29.749|0.000|52.905;23:29.830|0.000|57.968;24:28.506|0.000|52.933;25:29.242|0.000|55.591;26:30.934|0.000|58.517;27:30.036|0.000|56.375;28:30.880|0.000|53.104;29:31.094|0.000|54.184"
32.403,"auto_strong_robot_repulsion",32.1031,0.0400,32.7242,0.0000,0.2920,20.0660,34.5086,32.6582,1.5858,2.5881,0,30,"0:29.529|0.000|32.458;1:28.296|0.000|38.840;2:30.344|0.000|38.152;3:28.094|0.000|32.963;4:28.523|0.000|36.364;5:29.639|0.000|35.598;6:27.482|0.000|35.192;7:30.531|0.000|36.335;8:29.219|0.000|37.483;9:30.015|0.000|39.573;10:27.424|0.000|31.247;11:26.902|0.000|33.576;12:28.136|0.000|34.566;13:27.545|0.000|36.692;14:29.813|0.000|34.442;15:28.157|0.000|75.031;16:31.095|0.000|55.781;17:30.996|0.000|57.045;18:28.700|0.000|54.274;19:30.042|0.000|54.606;20:30.713|0.000|60.016;21:30.801|0.000|61.759;22:29.749|0.000|52.859;23:29.832|0.000|57.918;24:28.508|0.000|52.882;25:29.241|0.000|55.543;26:30.934|0.000|58.467;27:30.037|0.000|56.329;28:30.879|0.000|53.061;29:31.093|0.000|54.138"
32.513,"auto_strong_robot_repulsion",32.1031,0.0400,32.7073,0.0000,0.2920,20.0660,34.5024,32.6413,1.5858,2.5907,0,30,"0:29.520|0.000|32.506;1:28.295|0.000|38.901;2:30.341|0.000|38.207;3:28.087|0.000|33.003;4:28.530|0.000|36.387;5:29.656|0.000|35.655;6:27.502|0.000|35.245;7:30.534|0.000|36.386;8:29.218|0.000|37.540;9:30.015|0.000|39.631;10:27.415|0.000|31.292;11:26.889|0.000|33.627;12:28.165|0.000|34.615;13:27.545|0.000|36.750;14:29.805|0.000|34.495;15:28.148|0.000|75.084;16:31.093|0.000|55.727;17:30.995|0.000|56.992;18:28.699|0.000|54.226;19:30.041|0.000|54.561;20:30.711|0.000|59.968;21:30.802|0.000|61.709;22:29.749|0.000|52.807;23:29.834|0.000|57.865;24:28.510|0.000|52.827;25:29.241|0.000|55.488;26:30.935|0.000|58.412;27:30.040|0.000|56.278;28:30.877|0.000|53.009;29:31.091|0.000|54.085"
32.629,"auto_strong_robot_repulsion",32.1031,0.0400,32.6903,0.0000,0.2920,20.0660,34.4961,32.6243,1.5858,2.5960,0,30,"0:29.511|0.000|32.551;1:28.293|0.000|38.961;2:30.339|0.000|38.263;3:28.081|0.000|33.048;4:28.545|0.000|36.417;5:29.672|0.000|35.709;6:27.505|0.000|35.276;7:30.539|0.000|36.430;8:29.219|0.000|37.596;9:30.015|0.000|39.688;10:27.404|0.000|31.338;11:26.882|0.000|33.672;12:28.190|0.000|34.646;13:27.543|0.000|36.812;14:29.797|0.000|34.551;15:28.140|0.000|75.137;16:31.090|0.000|55.671;17:30.993|0.000|56.939;18:28.697|0.000|54.176;19:30.039|0.000|54.516;20:30.709|0.000|59.920;21:30.802|0.000|61.659;22:29.750|0.000|52.753;23:29.837|0.000|57.811;24:28.510|0.000|52.774;25:29.241|0.000|55.433;26:30.936|0.000|58.360;27:30.041|0.000|56.232;28:30.876|0.000|52.955;29:31.089|0.000|54.031"
32.730,"auto_strong_robot_repulsion",32.1031,0.0400,32.6733,0.0000,0.2920,20.0660,34.4899,32.6073,1.5858,2.6043,0,30,"0:29.500|0.000|32.596;1:28.293|0.000|39.018;2:30.336|0.000|38.317;3:28.074|0.000|33.096;4:28.565|0.000|36.451;5:29.686|0.000|35.767;6:27.501|0.000|35.322;7:30.544|0.000|36.477;8:29.220|0.000|37.652;9:30.016|0.000|39.744;10:27.393|0.000|31.383;11:26.881|0.000|33.711;12:28.214|0.000|34.666;13:27.543|0.000|36.870;14:29.791|0.000|34.606;15:28.132|0.000|75.190;16:31.087|0.000|55.617;17:30.991|0.000|56.885;18:28.695|0.000|54.122;19:30.037|0.000|54.465;20:30.708|0.000|59.873;21:30.804|0.000|61.610;22:29.752|0.000|52.698;23:29.841|0.000|57.760;24:28.511|0.000|52.721;25:29.241|0.000|55.377;26:30.939|0.000|58.307;27:30.040|0.000|56.184;28:30.875|0.000|52.900;29:31.087|0.000|53.976"
32.837,"auto_strong_robot_repulsion",32.1031,0.0400,32.6578,0.0000,0.2920,20.0660,34.4843,32.5918,1.5858,2.6132,0,30,"0:29.490|0.000|32.635;1:28.292|0.000|39.069;2:30.334|0.000|38.366;3:28.067|0.000|33.142;4:28.581|0.000|36.479;5:29.692|0.000|35.818;6:27.498|0.000|35.364;7:30.549|0.000|36.521;8:29.220|0.000|37.701;9:30.017|0.000|39.793;10:27.385|0.000|31.415;11:26.883|0.000|33.744;12:28.238|0.000|34.682;13:27.544|0.000|36.919;14:29.787|0.000|34.657;15:28.127|0.000|75.237;16:31.083|0.000|55.568;17:30.989|0.000|56.837;18:28.694|0.000|54.071;19:30.035|0.000|54.416;20:30.708|0.000|59.833;21:30.805|0.000|61.566;22:29.755|0.000|52.646;23:29.845|0.000|57.714;24:28.510|0.000|52.676;25:29.241|0.000|55.327;26:30.942|0.000|58.262;27:30.038|0.000|56.140;28:30.873|0.000|52.850;29:31.084|0.000|53.927"
32.937,"auto_strong_robot_repulsion",32.1031,0.0400,32.6424,0.0000,0.2920,20.0660,34.4786,32.5764,1.5858,2.6216,0,30,"0:29.482|0.000|32.671;1:28.292|0.000|39.119;2:30.331|0.000|38.416;3:28.061|0.000|33.191;4:28.595|0.000|36.508;5:29.692|0.000|35.862;6:27.499|0.000|35.406;7:30.554|0.000|36.565;8:29.220|0.000|37.750;9:30.018|0.000|39.843;10:27.380|0.000|31.450;11:26.885|0.000|33.783;12:28.265|0.000|34.702;13:27.545|0.000|36.967;14:29.782|0.000|34.705;15:28.123|0.000|75.285;16:31.080|0.000|55.520;17:30.986|0.000|56.789;18:28.692|0.000|54.019;19:30.034|0.000|54.364;20:30.709|0.000|59.792;21:30.807|0.000|61.523;22:29.758|0.000|52.593;23:29.850|0.000|57.668;24:28.509|0.000|52.633;25:29.239|0.000|55.277;26:30.946|0.000|58.216;27:30.036|0.000|56.094;28:30.870|0.000|52.800;29:31.081|0.000|53.879"
33.055,"auto_strong_robot_repulsion",32.1031,0.0400,32.6238,0.0000,0.2920,20.0660,34.4719,32.5578,1.5858,2.6310,0,30,"0:29.474|0.000|32.714;1:28.293|0.000|39.177;2:30.329|0.000|38.473;3:28.054|0.000|33.249;4:28.612|0.000|36.544;5:29.682|0.000|35.912;6:27.500|0.000|35.458;7:30.557|0.000|36.614;8:29.218|0.000|37.806;9:30.020|0.000|39.901;10:27.374|0.000|31.498;11:26.887|0.000|33.834;12:28.303|0.000|34.727;13:27.547|0.000|37.024;14:29.775|0.000|34.759;15:28.152|0.000|75.332;16:31.080|0.000|55.468;17:30.984|0.000|56.734;18:28.688|0.000|53.957;19:30.030|0.000|54.301;20:30.711|0.000|59.742;21:30.810|0.000|61.472;22:29.761|0.000|52.532;23:29.856|0.000|57.614;24:28.508|0.000|52.577;25:29.238|0.000|55.219;26:30.951|0.000|58.162;27:30.033|0.000|56.039;28:30.867|0.000|52.742;29:31.078|0.000|53.822"
33.156,"auto_strong_robot_repulsion",32.1031,0.0400,32.6084,0.0000,0.2920,20.0660,34.4663,32.5424,1.5858,2.6401,0,30,"0:29.467|0.000|32.753;1:28.293|0.000|39.226;2:30.327|0.000|38.522;3:28.048|0.000|33.298;4:28.627|0.000|36.580;5:29.669|0.000|35.960;6:27.501|0.000|35.503;7:30.558|0.000|36.658;8:29.217|0.000|37.851;9:30.021|0.000|39.951;10:27.367|0.000|31.542;11:26.889|0.000|33.879;12:28.339|0.000|34.750;13:27.548|0.000|37.072;14:29.767|0.000|34.800;15:28.150|0.000|75.375;16:31.082|0.000|55.426;17:30.984|0.000|56.690;18:28.685|0.000|53.906;19:30.027|0.000|54.250;20:30.713|0.000|59.698;21:30.815|0.000|61.429;22:29.764|0.000|52.481;23:29.859|0.000|57.573;24:28.508|0.000|52.529;25:29.237|0.000|55.171;26:30.956|0.000|58.119;27:30.031|0.000|55.991;28:30.866|0.000|52.695;29:31.077|0.000|53.777"
33.271,"auto_strong_robot_repulsion",32.1031,0.0400,32.5898,0.0000,0.2920,20.0660,34.4595,32.5238,1.5858,2.6530,0,30,"0:29.459|0.000|32.805;1:28.294|0.000|39.285;2:30.323|0.000|38.581;3:28.040|0.000|33.354;4:28.646|0.000|36.628;5:29.660|0.000|36.021;6:27.504|0.000|35.557;7:30.559|0.000|36.714;8:29.213|0.000|37.906;9:30.022|0.000|40.010;10:27.360|0.000|31.598;11:26.891|0.000|33.935;12:28.384|0.000|34.777;13:27.549|0.000|37.130;14:29.755|0.000|34.849;15:28.151|0.000|75.424;16:31.086|0.000|55.372;17:30.985|0.000|56.640;18:28.682|0.000|53.846;19:30.022|0.000|54.191;20:30.714|0.000|59.646;21:30.820|0.000|61.380;22:29.767|0.000|52.422;23:29.862|0.000|57.522;24:28.509|0.000|52.472;25:29.238|0.000|55.117;26:30.958|0.000|58.072;27:30.029|0.000|55.934;28:30.867|0.000|52.645;29:31.078|0.000|53.727"
33.371,"auto_strong_robot_repulsion",32.1031,0.0400,32.5744,0.0000,0.2920,20.0660,34.4539,32.5084,1.5858,2.6659,0,30,"0:29.452|0.000|32.853;1:28.295|0.000|39.334;2:30.321|0.000|38.628;3:28.032|0.000|33.401;4:28.660|0.000|36.671;5:29.654|0.000|36.069;6:27.506|0.000|35.604;7:30.559|0.000|36.764;8:29.210|0.000|37.949;9:30.024|0.000|40.061;10:27.354|0.000|31.647;11:26.893|0.000|33.983;12:28.423|0.000|34.800;13:27.551|0.000|37.176;14:29.743|0.000|34.894;15:28.153|0.000|75.465;16:31.090|0.000|55.328;17:30.988|0.000|56.595;18:28.682|0.000|53.799;19:30.021|0.000|54.141;20:30.716|0.000|59.601;21:30.824|0.000|61.338;22:29.769|0.000|52.373;23:29.863|0.000|57.479;24:28.512|0.000|52.424;25:29.240|0.000|55.073;26:30.958|0.000|58.033;27:30.027|0.000|55.886;28:30.870|0.000|52.601;29:31.080|0.000|53.682"
33.482,"auto_strong_robot_repulsion",32.1031,0.0400,32.5574,0.0000,0.2920,20.0660,34.4477,32.4914,1.5858,2.6827,0,30,"0:29.444|0.000|32.909;1:28.296|0.000|39.390;2:30.321|0.000|38.681;3:28.023|0.000|33.449;4:28.674|0.000|36.721;5:29.649|0.000|36.120;6:27.506|0.000|35.658;7:30.559|0.000|36.821;8:29.208|0.000|37.996;9:30.025|0.000|40.114;10:27.349|0.000|31.701;11:26.891|0.000|34.036;12:28.463|0.000|34.824;13:27.553|0.000|37.228;14:29.731|0.000|34.936;15:28.155|0.000|75.514;16:31.091|0.000|55.283;17:30.991|0.000|56.545;18:28.683|0.000|53.749;19:30.022|0.000|54.092;20:30.717|0.000|59.550;21:30.828|0.000|61.291;22:29.772|0.000|52.320;23:29.864|0.000|57.427;24:28.515|0.000|52.370;25:29.243|0.000|55.020;26:30.958|0.000|57.985;27:30.025|0.000|55.834;28:30.874|0.000|52.550;29:31.083|0.000|53.631"
33.588,"auto_strong_robot_repulsion",32.1031,0.0400,32.5419,0.0000,0.2920,20.0660,34.4421,32.4759,1.5858,2.6981,0,30,"0:29.438|0.000|32.961;1:28.297|0.000|39.439;2:30.320|0.000|38.731;3:28.014|0.000|33.490;4:28.685|0.000|36.770;5:29.645|0.000|36.165;6:27.506|0.000|35.703;7:30.558|0.000|36.872;8:29.207|0.000|38.038;9:30.028|0.000|40.161;10:27.342|0.000|31.750;11:26.889|0.000|34.078;12:28.496|0.000|34.845;13:27.555|0.000|37.276;14:29.724|0.000|34.974;15:28.158|0.000|75.562;16:31.091|0.000|55.239;17:30.993|0.000|56.501;18:28.685|0.000|53.703;19:30.025|0.000|54.048;20:30.718|0.000|59.505;21:30.832|0.000|61.245;22:29.774|0.000|52.273;23:29.866|0.000|57.377;24:28.518|0.000|52.321;25:29.247|0.000|54.972;26:30.958|0.000|57.939;27:30.024|0.000|55.787;28:30.879|0.000|52.506;29:31.085|0.000|53.586"
33.690,"auto_strong_robot_repulsion",32.1031,0.0400,32.5265,0.0000,0.2920,20.0660,34.4365,32.4605,1.5858,2.7140,0,30,"0:29.433|0.000|33.010;1:28.299|0.000|39.485;2:30.320|0.000|38.780;3:28.004|0.000|33.533;4:28.698|0.000|36.823;5:29.641|0.000|36.209;6:27.505|0.000|35.741;7:30.557|0.000|36.922;8:29.207|0.000|38.082;9:30.031|0.000|40.210;10:27.335|0.000|31.796;11:26.887|0.000|34.115;12:28.526|0.000|34.866;13:27.558|0.000|37.323;14:29.718|0.000|35.013;15:28.160|0.000|75.610;16:31.091|0.000|55.193;17:30.993|0.000|56.459;18:28.689|0.000|53.656;19:30.029|0.000|54.003;20:30.718|0.000|59.461;21:30.835|0.000|61.199;22:29.776|0.000|52.226;23:29.867|0.000|57.328;24:28.522|0.000|52.272;25:29.249|0.000|54.926;26:30.958|0.000|57.891;27:30.022|0.000|55.743;28:30.880|0.000|52.464;29:31.085|0.000|53.542"
33.806,"auto_strong_robot_repulsion",32.1031,0.0400,32.5080,0.0000,0.2920,20.0660,34.4298,32.4420,1.5858,2.7356,0,30,"0:29.426|0.000|33.069;1:28.301|0.000|39.545;2:30.319|0.000|38.842;3:27.994|0.000|33.580;4:28.718|0.000|36.889;5:29.636|0.000|36.261;6:27.506|0.000|35.784;7:30.556|0.000|36.983;8:29.207|0.000|38.139;9:30.035|0.000|40.272;10:27.326|0.000|31.849;11:26.886|0.000|34.154;12:28.560|0.000|34.896;13:27.564|0.000|37.377;14:29.709|0.000|35.066;15:28.163|0.000|75.670;16:31.092|0.000|55.135;17:30.993|0.000|56.402;18:28.692|0.000|53.602;19:30.034|0.000|53.949;20:30.718|0.000|59.408;21:30.840|0.000|61.139;22:29.775|0.000|52.169;23:29.868|0.000|57.267;24:28.525|0.000|52.213;25:29.252|0.000|54.866;26:30.958|0.000|57.831;27:30.022|0.000|55.692;28:30.881|0.000|52.410;29:31.086|0.000|53.484"
33.909,"auto_strong_robot_repulsion",32.1031,0.0400,32.4925,0.0000,0.2920,20.0660,34.4243,32.4265,1.5858,2.7564,0,30,"0:29.418|0.000|33.115;1:28.304|0.000|39.597;2:30.317|0.000|38.894;3:27.988|0.000|33.616;4:28.737|0.000|36.949;5:29.630|0.000|36.305;6:27.509|0.000|35.820;7:30.557|0.000|37.032;8:29.207|0.000|38.190;9:30.038|0.000|40.324;10:27.317|0.000|31.892;11:26.887|0.000|34.189;12:28.582|0.000|34.920;13:27.568|0.000|37.426;14:29.702|0.000|35.112;15:28.167|0.000|75.720;16:31.091|0.000|55.085;17:30.993|0.000|56.355;18:28.692|0.000|53.556;19:30.034|0.000|53.909;20:30.718|0.000|59.364;21:30.843|0.000|61.088;22:29.775|0.000|52.119;23:29.868|0.000|57.217;24:28.529|0.000|52.164;25:29.254|0.000|54.816;26:30.957|0.000|57.781;27:30.022|0.000|55.646;28:30.882|0.000|52.363;29:31.086|0.000|53.436"
34.019,"auto_strong_robot_repulsion",32.1031,0.0400,32.4755,0.0000,0.2920,20.0660,34.4181,32.4095,1.5858,2.7811,0,30,"0:29.408|0.000|33.160;1:28.306|0.000|39.654;2:30.316|0.000|38.950;3:27.984|0.000|33.653;4:28.756|0.000|37.018;5:29.623|0.000|36.352;6:27.515|0.000|35.858;7:30.563|0.000|37.083;8:29.207|0.000|38.247;9:30.041|0.000|40.381;10:27.307|0.000|31.937;11:26.892|0.000|34.231;12:28.596|0.000|34.938;13:27.572|0.000|37.479;14:29.696|0.000|35.163;15:28.171|0.000|75.774;16:31.089|0.000|55.031;17:30.993|0.000|56.303;18:28.692|0.000|53.504;19:30.034|0.000|53.863;20:30.718|0.000|59.317;21:30.845|0.000|61.033;22:29.773|0.000|52.070;23:29.868|0.000|57.164;24:28.532|0.000|52.112;25:29.256|0.000|54.762;26:30.955|0.000|57.727;27:30.023|0.000|55.596;28:30.883|0.000|52.310;29:31.086|0.000|53.383"
34.128,"auto_strong_robot_repulsion",32.1025,0.0400,32.4724,0.0000,0.2920,20.0660,34.4164,32.4064,1.5858,2.8055,0,30,"0:29.395|0.000|33.206;1:28.308|0.000|39.711;2:30.315|0.000|39.006;3:27.980|0.000|33.694;4:28.768|0.000|37.071;5:29.614|0.000|36.404;6:27.528|0.000|35.898;7:30.569|0.000|37.137;8:29.209|0.000|38.304;9:30.044|0.000|40.437;10:27.297|0.000|31.981;11:26.899|0.000|34.278;12:28.607|0.000|34.957;13:27.576|0.000|37.534;14:29.691|0.000|35.215;15:28.174|0.000|75.828;16:31.088|0.000|54.977;17:30.992|0.000|56.250;18:28.692|0.000|53.449;19:30.034|0.000|53.810;20:30.718|0.000|59.270;21:30.847|0.000|60.980;22:29.771|0.000|52.021;23:29.869|0.000|57.111;24:28.535|0.000|52.060;25:29.257|0.000|54.707;26:30.953|0.000|57.674;27:30.024|0.000|55.543;28:30.883|0.000|52.256;29:31.085|0.000|53.329"
34.247,"auto_strong_robot_repulsion",32.1025,0.0400,32.4724,0.0000,0.2920,20.0660,34.4164,32.4064,1.5858,2.8340,0,30,"0:29.379|0.000|33.257;1:28.309|0.000|39.773;2:30.315|0.000|39.066;3:27.976|0.000|33.745;4:28.767|0.000|37.110;5:29.604|0.000|36.464;6:27.546|0.000|35.947;7:30.577|0.000|37.189;8:29.211|0.000|38.365;9:30.047|0.000|40.498;10:27.290|0.000|32.024;11:26.907|0.000|34.329;12:28.613|0.000|34.975;13:27.580|0.000|37.596;14:29.685|0.000|35.272;15:28.176|0.000|75.883;16:31.088|0.000|54.920;17:30.990|0.000|56.194;18:28.691|0.000|53.388;19:30.034|0.000|53.751;20:30.719|0.000|59.218;21:30.850|0.000|60.923;22:29.770|0.000|51.965;23:29.873|0.000|57.058;24:28.535|0.000|52.004;25:29.258|0.000|54.649;26:30.954|0.000|57.619;27:30.025|0.000|55.484;28:30.882|0.000|52.197;29:31.084|0.000|53.271"
34.351,"auto_strong_robot_repulsion",32.1025,0.0400,32.4724,0.0000,0.2920,20.0660,34.4164,32.4064,1.5858,2.8546,0,30,"0:29.368|0.000|33.291;1:28.311|0.000|39.828;2:30.314|0.000|39.119;3:27.971|0.000|33.795;4:28.759|0.000|37.138;5:29.601|0.000|36.506;6:27.560|0.000|35.991;7:30.583|0.000|37.227;8:29.212|0.000|38.419;9:30.050|0.000|40.552;10:27.285|0.000|32.060;11:26.915|0.000|34.378;12:28.617|0.000|34.991;13:27.582|0.000|37.651;14:29.677|0.000|35.326;15:28.176|0.000|75.930;16:31.088|0.000|54.869;17:30.990|0.000|56.144;18:28.690|0.000|53.333;19:30.033|0.000|53.696;20:30.720|0.000|59.171;21:30.856|0.000|60.876;22:29.771|0.000|51.913;23:29.878|0.000|57.009;24:28.534|0.000|51.952;25:29.259|0.000|54.597;26:30.957|0.000|57.573;27:30.026|0.000|55.431;28:30.881|0.000|52.145;29:31.083|0.000|53.220"
34.461,"auto_strong_robot_repulsion",32.1025,0.0400,32.4724,0.0000,0.2920,20.0660,34.4164,32.4064,1.5858,2.8734,0,30,"0:29.360|0.000|33.331;1:28.314|0.000|39.883;2:30.312|0.000|39.171;3:27.967|0.000|33.849;4:28.747|0.000|37.198;5:29.605|0.000|36.554;6:27.575|0.000|36.040;7:30.584|0.000|37.268;8:29.211|0.000|38.471;9:30.053|0.000|40.607;10:27.281|0.000|32.101;11:26.922|0.000|34.430;12:28.619|0.000|35.010;13:27.585|0.000|37.706;14:29.668|0.000|35.384;15:28.175|0.000|75.982;16:31.090|0.000|54.819;17:30.990|0.000|56.092;18:28.689|0.000|53.277;19:30.031|0.000|53.640;20:30.721|0.000|59.121;21:30.865|0.000|60.828;22:29.771|0.000|51.857;23:29.884|0.000|56.957;24:28.532|0.000|51.902;25:29.260|0.000|54.544;26:30.962|0.000|57.524;27:30.027|0.000|55.377;28:30.882|0.000|52.091;29:31.083|0.000|53.168"
34.570,"auto_strong_robot_repulsion",32.1025,0.0400,32.4724,0.0000,0.2920,20.0660,34.4164,32.4064,1.5858,2.8930,0,30,"0:29.353|0.000|33.371;1:28.316|0.000|39.933;2:30.309|0.000|39.219;3:27.965|0.000|33.899;4:28.739|0.000|37.259;5:29.608|0.000|36.601;6:27.590|0.000|36.086;7:30.584|0.000|37.312;8:29.208|0.000|38.515;9:30.056|0.000|40.657;10:27.278|0.000|32.143;11:26.930|0.000|34.480;12:28.622|0.000|35.030;13:27.588|0.000|37.754;14:29.659|0.000|35.432;15:28.174|0.000|76.029;16:31.093|0.000|54.774;17:30.990|0.000|56.047;18:28.688|0.000|53.227;19:30.029|0.000|53.589;20:30.721|0.000|59.079;21:30.873|0.000|60.782;22:29.773|0.000|51.806;23:29.890|0.000|56.913;24:28.530|0.000|51.858;25:29.262|0.000|54.496;26:30.966|0.000|57.479;27:30.027|0.000|55.329;28:30.884|0.000|52.044;29:31.084|0.000|53.122"
34.674,"auto_strong_robot_repulsion",32.1025,0.0400,32.4724,0.0000,0.2920,20.0660,34.4164,32.4064,1.5858,2.9179,0,30,"0:29.342|0.000|33.418;1:28.317|0.000|39.988;2:30.305|0.000|39.272;3:27.963|0.000|33.953;4:28.733|0.000|37.318;5:29.611|0.000|36.653;6:27.605|0.000|36.139;7:30.585|0.000|37.365;8:29.203|0.000|38.566;9:30.058|0.000|40.708;10:27.274|0.000|32.194;11:26.938|0.000|34.535;12:28.624|0.000|35.054;13:27.593|0.000|37.805;14:29.654|0.000|35.475;15:28.150|0.000|76.143;16:31.096|0.000|54.725;17:30.991|0.000|55.997;18:28.688|0.000|53.173;19:30.029|0.000|53.534;20:30.720|0.000|59.033;21:30.883|0.000|60.734;22:29.774|0.000|51.751;23:29.894|0.000|56.865;24:28.529|0.000|51.809;25:29.263|0.000|54.445;26:30.971|0.000|57.433;27:30.027|0.000|55.278;28:30.886|0.000|51.994;29:31.085|0.000|53.072"
34.776,"auto_strong_robot_repulsion",32.1025,0.0400,32.4724,0.0000,0.2920,20.0660,34.4164,32.4064,1.5858,2.9425,0,30,"0:29.332|0.000|33.465;1:28.318|0.000|40.033;2:30.301|0.000|39.322;3:27.960|0.000|34.001;4:28.729|0.000|37.371;5:29.614|0.000|36.701;6:27.619|0.000|36.186;7:30.585|0.000|37.416;8:29.199|0.000|38.613;9:30.059|0.000|40.755;10:27.270|0.000|32.243;11:26.945|0.000|34.583;12:28.625|0.000|35.078;13:27.596|0.000|37.850;14:29.654|0.000|35.512;15:28.135|0.000|76.188;16:31.097|0.000|54.684;17:30.993|0.000|55.952;18:28.690|0.000|53.126;19:30.030|0.000|53.486;20:30.719|0.000|58.990;21:30.887|0.000|60.696;22:29.775|0.000|51.701;23:29.896|0.000|56.820;24:28.529|0.000|51.762;25:29.266|0.000|54.397;26:30.972|0.000|57.392;27:30.027|0.000|55.231;28:30.888|0.000|51.947;29:31.087|0.000|53.026"
34.893,"auto_strong_robot_repulsion",32.1025,0.0400,32.4724,0.0000,0.2920,20.0660,34.4164,32.4064,1.5858,2.9727,0,30,"0:29.322|0.000|33.524;1:28.318|0.000|40.089;2:30.297|0.000|39.382;3:27.955|0.000|34.057;4:28.727|0.000|37.431;5:29.615|0.000|36.758;6:27.637|0.000|36.241;7:30.583|0.000|37.478;8:29.194|0.000|38.664;9:30.060|0.000|40.814;10:27.267|0.000|32.303;11:26.953|0.000|34.635;12:28.626|0.000|35.108;13:27.599|0.000|37.897;14:29.659|0.000|35.558;15:28.137|0.000|76.222;16:31.097|0.000|54.636;17:30.993|0.000|55.902;18:28.692|0.000|53.071;19:30.032|0.000|53.431;20:30.717|0.000|58.936;21:30.891|0.000|60.647;22:29.776|0.000|51.643;23:29.900|0.000|56.762;24:28.530|0.000|51.703;25:29.269|0.000|54.342;26:30.973|0.000|57.339;27:30.027|0.000|55.177;28:30.892|0.000|51.895;29:31.088|0.000|52.974"
35.002,"auto_strong_robot_repulsion",32.1025,0.0400,32.4724,0.0000,0.2920,20.0660,34.4164,32.4064,1.5858,3.0006,0,30,"0:29.313|0.000|33.578;1:28.318|0.000|40.144;2:30.293|0.000|39.439;3:27.949|0.000|34.103;4:28.725|0.000|37.484;5:29.615|0.000|36.810;6:27.655|0.000|36.289;7:30.582|0.000|37.535;8:29.194|0.000|38.711;9:30.060|0.000|40.870;10:27.265|0.000|32.357;11:26.961|0.000|34.678;12:28.626|0.000|35.137;13:27.599|0.000|37.940;14:29.665|0.000|35.606;15:28.140|0.000|76.254;16:31.094|0.000|54.593;17:30.992|0.000|55.856;18:28.694|0.000|53.021;19:30.035|0.000|53.380;20:30.715|0.000|58.886;21:30.896|0.000|60.598;22:29.777|0.000|51.590;23:29.902|0.000|56.709;24:28.532|0.000|51.648;25:29.269|0.000|54.295;26:30.975|0.000|57.288;27:30.027|0.000|55.126;28:30.892|0.000|51.849;29:31.089|0.000|52.929"
35.112,"auto_strong_robot_repulsion",32.1025,0.0400,32.4724,0.0000,0.2920,20.0660,34.4164,32.4064,1.5858,3.0302,0,30,"0:29.303|0.000|33.631;1:28.317|0.000|40.200;2:30.288|0.000|39.497;3:27.940|0.000|34.152;4:28.722|0.000|37.537;5:29.615|0.000|36.862;6:27.673|0.000|36.335;7:30.582|0.000|37.591;8:29.193|0.000|38.763;9:30.060|0.000|40.929;10:27.263|0.000|32.411;11:26.970|0.000|34.712;12:28.626|0.000|35.173;13:27.597|0.000|37.987;14:29.670|0.000|35.656;15:28.146|0.000|76.291;16:31.092|0.000|54.544;17:30.990|0.000|55.809;18:28.696|0.000|52.974;19:30.038|0.000|53.330;20:30.714|0.000|58.835;21:30.901|0.000|60.546;22:29.776|0.000|51.538;23:29.904|0.000|56.654;24:28.534|0.000|51.592;25:29.269|0.000|54.244;26:30.976|0.000|57.234;27:30.027|0.000|55.076;28:30.891|0.000|51.803;29:31.088|0.000|52.881"
35.216,"auto_strong_robot_repulsion",32.1025,0.0400,32.4724,0.0000,0.2920,20.0660,34.4164,32.4064,1.5858,3.0586,0,30,"0:29.292|0.000|33.679;1:28.316|0.000|40.254;2:30.285|0.000|39.548;3:27.932|0.000|34.198;4:28.716|0.000|37.581;5:29.616|0.000|36.908;6:27.690|0.000|36.371;7:30.583|0.000|37.643;8:29.191|0.000|38.813;9:30.060|0.000|40.984;10:27.259|0.000|32.459;11:26.980|0.000|34.735;12:28.626|0.000|35.211;13:27.593|0.000|38.032;14:29.675|0.000|35.705;15:28.155|0.000|76.329;16:31.091|0.000|54.495;17:30.988|0.000|55.763;18:28.697|0.000|52.930;19:30.039|0.000|53.287;20:30.713|0.000|58.787;21:30.904|0.000|60.497;22:29.776|0.000|51.492;23:29.906|0.000|56.604;24:28.536|0.000|51.541;25:29.269|0.000|54.197;26:30.976|0.000|57.184;27:30.026|0.000|55.029;28:30.890|0.000|51.759;29:31.087|0.000|52.836"
35.317,"auto_strong_robot_repulsion",32.1025,0.0400,32.4724,0.0000,0.2920,20.0660,34.4164,32.4064,1.5858,3.0868,0,30,"0:29.281|0.000|33.724;1:28.315|0.000|40.308;2:30.283|0.000|39.599;3:27.926|0.000|34.237;4:28.710|0.000|37.622;5:29.618|0.000|36.952;6:27.707|0.000|36.402;7:30.586|0.000|37.691;8:29.191|0.000|38.864;9:30.060|0.000|41.035;10:27.254|0.000|32.502;11:26.996|0.000|34.760;12:28.629|0.000|35.255;13:27.589|0.000|38.079;14:29.679|0.000|35.755;15:28.165|0.000|76.367;16:31.089|0.000|54.445;17:30.986|0.000|55.716;18:28.696|0.000|52.888;19:30.038|0.000|53.246;20:30.712|0.000|58.741;21:30.907|0.000|60.448;22:29.777|0.000|51.445;23:29.907|0.000|56.556;24:28.538|0.000|51.492;25:29.268|0.000|54.149;26:30.975|0.000|57.135;27:30.026|0.000|54.982;28:30.888|0.000|51.712;29:31.086|0.000|52.789"
35.420,"auto_strong_robot_repulsion",32.1025,0.0400,32.4724,0.0000,0.2920,20.0660,34.4164,32.4064,1.5858,3.1169,0,30,"0:29.268|0.000|33.770;1:28.313|0.000|40.365;2:30.280|0.000|39.654;3:27.924|0.000|34.275;4:28.700|0.000|37.672;5:29.621|0.000|36.998;6:27.727|0.000|36.440;7:30.589|0.000|37.738;8:29.191|0.000|38.920;9:30.061|0.000|41.092;10:27.245|0.000|32.548;11:27.017|0.000|34.788;12:28.633|0.000|35.301;13:27.585|0.000|38.133;14:29.682|0.000|35.811;15:28.176|0.000|76.409;16:31.086|0.000|54.390;17:30.984|0.000|55.662;18:28.694|0.000|52.838;19:30.036|0.000|53.201;20:30.710|0.000|58.690;21:30.910|0.000|60.394;22:29.778|0.000|51.391;23:29.910|0.000|56.503;24:28.539|0.000|51.439;25:29.268|0.000|54.094;26:30.976|0.000|57.083;27:30.025|0.000|54.934;28:30.887|0.000|51.657;29:31.085|0.000|52.736"
35.528,"auto_strong_robot_repulsion",32.1025,0.0400,32.4724,0.0000,0.2920,20.0660,34.4164,32.4064,1.5858,3.1465,0,30,"0:29.255|0.000|33.812;1:28.313|0.000|40.417;2:30.279|0.000|39.703;3:27.926|0.000|34.311;4:28.690|0.000|37.717;5:29.625|0.000|37.037;6:27.746|0.000|36.476;7:30.593|0.000|37.784;8:29.192|0.000|38.971;9:30.062|0.000|41.142;10:27.236|0.000|32.594;11:27.037|0.000|34.809;12:28.632|0.000|35.336;13:27.581|0.000|38.184;14:29.685|0.000|35.862;15:28.186|0.000|76.449;16:31.082|0.000|54.340;17:30.982|0.000|55.613;18:28.693|0.000|52.789;19:30.034|0.000|53.154;20:30.708|0.000|58.644;21:30.913|0.000|60.346;22:29.780|0.000|51.339;23:29.913|0.000|56.456;24:28.539|0.000|51.391;25:29.268|0.000|54.043;26:30.978|0.000|57.035;27:30.023|0.000|54.889;28:30.886|0.000|51.607;29:31.084|0.000|52.686"
35.647,"auto_strong_robot_repulsion",32.1025,0.0400,32.4724,0.0000,0.2920,20.0660,34.4164,32.4064,1.5858,3.1846,0,30,"0:29.239|0.000|33.866;1:28.313|0.000|40.477;2:30.276|0.000|39.762;3:27.929|0.000|34.354;4:28.682|0.000|37.766;5:29.632|0.000|37.083;6:27.763|0.000|36.512;7:30.598|0.000|37.840;8:29.192|0.000|39.031;9:30.063|0.000|41.202;10:27.228|0.000|32.639;11:27.059|0.000|34.837;12:28.628|0.000|35.384;13:27.576|0.000|38.246;14:29.688|0.000|35.923;15:28.198|0.000|76.496;16:31.078|0.000|54.281;17:30.979|0.000|55.555;18:28.692|0.000|52.727;19:30.032|0.000|53.095;20:30.707|0.000|58.590;21:30.919|0.000|60.288;22:29.784|0.000|51.276;23:29.917|0.000|56.402;24:28.538|0.000|51.339;25:29.267|0.000|53.983;26:30.980|0.000|56.980;27:30.020|0.000|54.833;28:30.883|0.000|51.546;29:31.081|0.000|52.626"
35.753,"auto_strong_robot_repulsion",32.1025,0.0400,32.4724,0.0000,0.2920,20.0660,34.4164,32.4064,1.5858,3.2091,0,30,"0:29.231|0.000|33.904;1:28.313|0.000|40.531;2:30.273|0.000|39.815;3:27.934|0.000|34.389;4:28.677|0.000|37.813;5:29.642|0.000|37.134;6:27.775|0.000|36.544;7:30.600|0.000|37.889;8:29.190|0.000|39.084;9:30.065|0.000|41.255;10:27.227|0.000|32.672;11:27.076|0.000|34.862;12:28.624|0.000|35.427;13:27.573|0.000|38.301;14:29.691|0.000|35.973;15:28.208|0.000|76.536;16:31.075|0.000|54.229;17:30.975|0.000|55.505;18:28.690|0.000|52.671;19:30.030|0.000|53.039;20:30.707|0.000|58.544;21:30.926|0.000|60.237;22:29.787|0.000|51.220;23:29.922|0.000|56.353;24:28.537|0.000|51.290;25:29.266|0.000|53.930;26:30.984|0.000|56.932;27:30.017|0.000|54.781;28:30.880|0.000|51.493;29:31.078|0.000|52.573"
35.854,"auto_strong_robot_repulsion",32.1025,0.0400,32.4724,0.0000,0.2920,20.0660,34.4164,32.4064,1.5858,3.2255,0,30,"0:29.228|0.000|33.935;1:28.314|0.000|40.579;2:30.271|0.000|39.863;3:27.943|0.000|34.438;4:28.672|0.000|37.859;5:29.647|0.000|37.178;6:27.786|0.000|36.577;7:30.599|0.000|37.932;8:29.188|0.000|39.129;9:30.066|0.000|41.303;10:27.227|0.000|32.710;11:27.092|0.000|34.886;12:28.619|0.000|35.468;13:27.571|0.000|38.350;14:29.694|0.000|36.018;15:28.218|0.000|76.572;16:31.076|0.000|54.186;17:30.973|0.000|55.459;18:28.687|0.000|52.620;19:30.027|0.000|52.988;20:30.708|0.000|58.502;21:30.932|0.000|60.189;22:29.790|0.000|51.170;23:29.926|0.000|56.309;24:28.537|0.000|51.243;25:29.265|0.000|53.882;26:30.987|0.000|56.887;27:30.015|0.000|54.733;28:30.878|0.000|51.446;29:31.076|0.000|52.526"
35.956,"auto_strong_robot_repulsion",32.1025,0.0400,32.4724,0.0000,0.2920,20.0660,34.4164,32.4064,1.5858,3.2414,0,30,"0:29.226|0.000|33.967;1:28.314|0.000|40.628;2:30.269|0.000|39.911;3:27.950|0.000|34.488;4:28.666|0.000|37.907;5:29.650|0.000|37.218;6:27.797|0.000|36.615;7:30.598|0.000|37.977;8:29.186|0.000|39.175;9:30.067|0.000|41.352;10:27.222|0.000|32.757;11:27.108|0.000|34.914;12:28.614|0.000|35.510;13:27.569|0.000|38.399;14:29.700|0.000|36.059;15:28.229|0.000|76.610;16:31.077|0.000|54.145;17:30.972|0.000|55.415;18:28.683|0.000|52.570;19:30.023|0.000|52.937;20:30.709|0.000|58.456;21:30.938|0.000|60.138;22:29.793|0.000|51.120;23:29.929|0.000|56.268;24:28.537|0.000|51.196;25:29.265|0.000|53.834;26:30.990|0.000|56.845;27:30.013|0.000|54.684;28:30.877|0.000|51.400;29:31.075|0.000|52.479"
36.062,"auto_faster_pedestrians",32.1030,0.0400,32.4709,0.0000,0.2920,20.0660,34.4163,32.4049,1.5858,3.2624,0,30,"0:29.225|0.000|34.008;1:28.314|0.000|40.681;2:30.266|0.000|39.963;3:27.955|0.000|34.535;4:28.661|0.000|37.962;5:29.651|0.000|37.261;6:27.809|0.000|36.661;7:30.595|0.000|38.028;8:29.182|0.000|39.225;9:30.069|0.000|41.406;10:27.216|0.000|32.811;11:27.125|0.000|34.949;12:28.609|0.000|35.558;13:27.564|0.000|38.449;14:29.706|0.000|36.096;15:28.241|0.000|76.649;16:31.081|0.000|54.097;17:30.973|0.000|55.370;18:28.681|0.000|52.515;19:30.019|0.000|52.882;20:30.711|0.000|58.406;21:30.941|0.000|60.089;22:29.795|0.000|51.066;23:29.931|0.000|56.223;24:28.539|0.000|51.144;25:29.266|0.000|53.785;26:30.992|0.000|56.802;27:30.011|0.000|54.632;28:30.878|0.000|51.354;29:31.075|0.000|52.433"
36.175,"auto_faster_pedestrians",32.1031,0.0400,32.4539,0.0000,0.2920,20.0660,34.4103,32.3879,1.5858,3.2876,0,30,"0:29.231|0.000|34.053;1:28.310|0.000|40.747;2:30.263|0.000|40.025;3:27.960|0.000|34.576;4:28.658|0.000|38.014;5:29.635|0.000|37.290;6:27.817|0.000|36.720;7:30.576|0.000|38.065;8:29.174|0.000|39.292;9:30.069|0.000|41.471;10:27.216|0.000|32.863;11:27.145|0.000|35.000;12:28.619|0.000|35.597;13:27.542|0.000|38.526;14:29.715|0.000|36.135;15:28.256|0.000|76.679;16:31.083|0.000|54.014;17:30.975|0.000|55.319;18:28.688|0.000|52.435;19:30.025|0.000|52.791;20:30.709|0.000|58.352;21:30.937|0.000|60.036;22:29.798|0.000|51.008;23:29.916|0.000|56.195;24:28.554|0.000|51.104;25:29.275|0.000|53.707;26:30.992|0.000|56.758;27:30.009|0.000|54.580;28:30.897|0.000|51.241;29:31.078|0.000|52.386"
36.279,"auto_faster_pedestrians",32.1031,0.0400,32.4384,0.0000,0.2920,20.0660,34.4048,32.3724,1.5858,3.3204,0,30,"0:29.232|0.000|34.106;1:28.311|0.000|40.807;2:30.263|0.000|40.086;3:27.969|0.000|34.610;4:28.649|0.000|38.071;5:29.624|0.000|37.335;6:27.826|0.000|36.784;7:30.571|0.000|38.128;8:29.178|0.000|39.345;9:30.072|0.000|41.528;10:27.213|0.000|32.920;11:27.162|0.000|35.058;12:28.622|0.000|35.651;13:27.523|0.000|38.605;14:29.726|0.000|36.174;15:28.273|0.000|76.696;16:31.084|0.000|53.939;17:30.977|0.000|55.271;18:28.694|0.000|52.364;19:30.032|0.000|52.706;20:30.712|0.000|58.290;21:30.935|0.000|59.978;22:29.800|0.000|50.948;23:29.909|0.000|56.146;24:28.557|0.000|51.042;25:29.276|0.000|53.651;26:30.991|0.000|56.716;27:30.007|0.000|54.534;28:30.899|0.000|51.170;29:31.081|0.000|52.335"
36.389,"auto_faster_pedestrians",32.1031,0.0400,32.4214,0.0000,0.2920,20.0660,34.3987,32.3554,1.5858,3.3629,0,30,"0:29.232|0.000|34.172;1:28.313|0.000|40.871;2:30.263|0.000|40.159;3:27.985|0.000|34.638;4:28.641|0.000|38.137;5:29.622|0.000|37.403;6:27.842|0.000|36.865;7:30.566|0.000|38.203;8:29.183|0.000|39.412;9:30.078|0.000|41.600;10:27.207|0.000|32.991;11:27.192|0.000|35.141;12:28.618|0.000|35.723;13:27.509|0.000|38.696;14:29.739|0.000|36.217;15:28.302|0.000|76.725;16:31.086|0.000|53.849;17:30.979|0.000|55.221;18:28.697|0.000|52.289;19:30.029|0.000|52.635;20:30.716|0.000|58.221;21:30.932|0.000|59.909;22:29.801|0.000|50.874;23:29.912|0.000|56.074;24:28.561|0.000|50.968;25:29.278|0.000|53.580;26:30.990|0.000|56.663;27:30.005|0.000|54.483;28:30.902|0.000|51.079;29:31.084|0.000|52.281"
36.491,"auto_faster_pedestrians",32.1031,0.0400,32.4044,0.0000,0.2920,20.0660,34.3926,32.3384,1.5858,3.4113,0,30,"0:29.230|0.000|34.243;1:28.317|0.000|40.946;2:30.263|0.000|40.237;3:28.008|0.000|34.661;4:28.635|0.000|38.209;5:29.620|0.000|37.473;6:27.866|0.000|36.958;7:30.559|0.000|38.285;8:29.185|0.000|39.488;9:30.083|0.000|41.682;10:27.196|0.000|33.069;11:27.231|0.000|35.244;12:28.612|0.000|35.799;13:27.507|0.000|38.771;14:29.749|0.000|36.258;15:28.341|0.000|76.765;16:31.086|0.000|53.763;17:30.978|0.000|55.170;18:28.697|0.000|52.216;19:30.027|0.000|52.555;20:30.720|0.000|58.150;21:30.929|0.000|59.837;22:29.802|0.000|50.792;23:29.915|0.000|55.998;24:28.564|0.000|50.891;25:29.280|0.000|53.501;26:30.989|0.000|56.605;27:30.003|0.000|54.434;28:30.908|0.000|50.988;29:31.080|0.000|52.232"
36.593,"auto_faster_pedestrians",32.1031,0.0400,32.3890,0.0000,0.2920,20.0660,34.3870,32.3230,1.5858,3.4603,0,30,"0:29.226|0.000|34.311;1:28.320|0.000|41.019;2:30.262|0.000|40.309;3:28.039|0.000|34.686;4:28.630|0.000|38.278;5:29.617|0.000|37.539;6:27.883|0.000|37.035;7:30.553|0.000|38.363;8:29.185|0.000|39.559;9:30.088|0.000|41.760;10:27.187|0.000|33.145;11:27.242|0.000|35.315;12:28.605|0.000|35.872;13:27.506|0.000|38.851;14:29.756|0.000|36.299;15:28.383|0.000|76.812;16:31.086|0.000|53.686;17:30.976|0.000|55.120;18:28.698|0.000|52.143;19:30.025|0.000|52.473;20:30.723|0.000|58.085;21:30.927|0.000|59.770;22:29.802|0.000|50.718;23:29.918|0.000|55.927;24:28.567|0.000|50.816;25:29.283|0.000|53.430;26:30.988|0.000|56.551;27:30.002|0.000|54.386;28:30.912|0.000|50.909;29:31.075|0.000|52.185"
36.697,"auto_faster_pedestrians",32.1031,0.0400,32.3735,0.0000,0.2920,20.0660,34.3815,32.3075,1.5858,3.5116,0,30,"0:29.221|0.000|34.379;1:28.323|0.000|41.094;2:30.262|0.000|40.383;3:28.078|0.000|34.710;4:28.624|0.000|38.349;5:29.614|0.000|37.604;6:27.896|0.000|37.108;7:30.547|0.000|38.444;8:29.186|0.000|39.631;9:30.091|0.000|41.839;10:27.183|0.000|33.218;11:27.251|0.000|35.391;12:28.598|0.000|35.942;13:27.504|0.000|38.932;14:29.763|0.000|36.347;15:28.430|0.000|76.865;16:31.085|0.000|53.611;17:30.976|0.000|55.066;18:28.700|0.000|52.070;19:30.023|0.000|52.388;20:30.727|0.000|58.018;21:30.924|0.000|59.702;22:29.801|0.000|50.642;23:29.921|0.000|55.854;24:28.570|0.000|50.741;25:29.285|0.000|53.361;26:30.985|0.000|56.495;27:30.003|0.000|54.333;28:30.915|0.000|50.833;29:31.078|0.000|52.117"
36.801,"auto_faster_pedestrians",32.1031,0.0400,32.3565,0.0000,0.2920,20.0660,34.3754,32.2905,1.5858,3.5601,0,30,"0:29.218|0.000|34.442;1:28.325|0.000|41.175;2:30.263|0.000|40.463;3:28.120|0.000|34.742;4:28.620|0.000|38.427;5:29.612|0.000|37.676;6:27.911|0.000|37.186;7:30.541|0.000|38.524;8:29.187|0.000|39.708;9:30.096|0.000|41.925;10:27.182|0.000|33.291;11:27.263|0.000|35.479;12:28.588|0.000|36.021;13:27.501|0.000|39.019;14:29.771|0.000|36.407;15:28.482|0.000|76.925;16:31.083|0.000|53.529;17:30.977|0.000|55.004;18:28.701|0.000|51.993;19:30.021|0.000|52.300;20:30.731|0.000|57.944;21:30.919|0.000|59.628;22:29.799|0.000|50.554;23:29.925|0.000|55.778;24:28.572|0.000|50.657;25:29.287|0.000|53.288;26:30.983|0.000|56.434;27:30.003|0.000|54.278;28:30.919|0.000|50.752;29:31.081|0.000|52.042"
36.906,"auto_faster_pedestrians",32.1031,0.0400,32.3411,0.0000,0.2920,20.0660,34.3699,32.2751,1.5858,3.6082,0,30,"0:29.216|0.000|34.505;1:28.327|0.000|41.250;2:30.263|0.000|40.539;3:28.156|0.000|34.775;4:28.616|0.000|38.508;5:29.610|0.000|37.742;6:27.924|0.000|37.266;7:30.535|0.000|38.605;8:29.188|0.000|39.779;9:30.100|0.000|42.003;10:27.183|0.000|33.364;11:27.284|0.000|35.572;12:28.577|0.000|36.096;13:27.498|0.000|39.097;14:29.779|0.000|36.469;15:28.530|0.000|76.984;16:31.080|0.000|53.454;17:30.980|0.000|54.944;18:28.701|0.000|51.922;19:30.017|0.000|52.222;20:30.734|0.000|57.875;21:30.916|0.000|59.559;22:29.799|0.000|50.474;23:29.930|0.000|55.706;24:28.573|0.000|50.582;25:29.289|0.000|53.222;26:30.983|0.000|56.376;27:30.004|0.000|54.221;28:30.922|0.000|50.676;29:31.083|0.000|51.971"
37.017,"auto_faster_pedestrians",32.1031,0.0400,32.3241,0.0000,0.2920,20.0660,34.3638,32.2581,1.5858,3.6637,0,30,"0:29.214|0.000|34.576;1:28.330|0.000|41.333;2:30.264|0.000|40.619;3:28.190|0.000|34.810;4:28.609|0.000|38.598;5:29.610|0.000|37.812;6:27.936|0.000|37.354;7:30.528|0.000|38.696;8:29.189|0.000|39.857;9:30.104|0.000|42.088;10:27.183|0.000|33.449;11:27.305|0.000|35.668;12:28.562|0.000|36.186;13:27.495|0.000|39.181;14:29.788|0.000|36.538;15:28.580|0.000|77.050;16:31.076|0.000|53.370;17:30.983|0.000|54.875;18:28.701|0.000|51.845;19:30.014|0.000|52.137;20:30.737|0.000|57.795;21:30.913|0.000|59.487;22:29.800|0.000|50.387;23:29.937|0.000|55.622;24:28.572|0.000|50.499;25:29.290|0.000|53.148;26:30.984|0.000|56.312;27:30.006|0.000|54.153;28:30.925|0.000|50.593;29:31.086|0.000|51.891"
37.122,"auto_faster_pedestrians",32.1031,0.0400,32.3071,0.0000,0.2920,20.0660,34.3578,32.2411,1.5858,3.7218,0,30,"0:29.212|0.000|34.651;1:28.332|0.000|41.415;2:30.262|0.000|40.704;3:28.220|0.000|34.854;4:28.602|0.000|38.685;5:29.610|0.000|37.887;6:27.945|0.000|37.439;7:30.518|0.000|38.785;8:29.189|0.000|39.934;9:30.108|0.000|42.168;10:27.182|0.000|33.533;11:27.323|0.000|35.757;12:28.548|0.000|36.273;13:27.493|0.000|39.263;14:29.796|0.000|36.607;15:28.631|0.000|77.115;16:31.069|0.000|53.290;17:30.986|0.000|54.804;18:28.700|0.000|51.769;19:30.010|0.000|52.054;20:30.739|0.000|57.722;21:30.911|0.000|59.409;22:29.800|0.000|50.303;23:29.947|0.000|55.533;24:28.571|0.000|50.412;25:29.291|0.000|53.075;26:30.985|0.000|56.248;27:30.007|0.000|54.085;28:30.928|0.000|50.510;29:31.088|0.000|51.810"
37.228,"auto_faster_pedestrians",32.1031,0.0400,32.2917,0.0000,0.2920,20.0660,34.3523,32.2257,1.5858,3.7739,0,30,"0:29.213|0.000|34.719;1:28.333|0.000|41.486;2:30.260|0.000|40.787;3:28.244|0.000|34.903;4:28.595|0.000|38.764;5:29.609|0.000|37.957;6:27.953|0.000|37.516;7:30.509|0.000|38.864;8:29.188|0.000|40.010;9:30.110|0.000|42.246;10:27.181|0.000|33.609;11:27.335|0.000|35.834;12:28.537|0.000|36.348;13:27.490|0.000|39.335;14:29.806|0.000|36.668;15:28.679|0.000|77.173;16:31.062|0.000|53.210;17:30.989|0.000|54.735;18:28.699|0.000|51.696;19:30.005|0.000|51.976;20:30.741|0.000|57.647;21:30.911|0.000|59.332;22:29.800|0.000|50.227;23:29.956|0.000|55.454;24:28.571|0.000|50.331;25:29.290|0.000|53.005;26:30.986|0.000|56.190;27:30.009|0.000|54.022;28:30.928|0.000|50.437;29:31.089|0.000|51.733"
37.332,"auto_faster_pedestrians",32.1031,0.0400,32.2747,0.0000,0.2920,20.0660,34.3462,32.2087,1.5858,3.8278,0,30,"0:29.220|0.000|34.792;1:28.333|0.000|41.571;2:30.255|0.000|40.881;3:28.267|0.000|34.962;4:28.588|0.000|38.849;5:29.608|0.000|38.033;6:27.959|0.000|37.599;7:30.498|0.000|38.949;8:29.186|0.000|40.100;9:30.111|0.000|42.338;10:27.181|0.000|33.690;11:27.347|0.000|35.913;12:28.525|0.000|36.429;13:27.486|0.000|39.417;14:29.823|0.000|36.733;15:28.734|0.000|77.241;16:31.055|0.000|53.122;17:30.992|0.000|54.657;18:28.696|0.000|51.614;19:30.000|0.000|51.889;20:30.744|0.000|57.563;21:30.912|0.000|59.244;22:29.801|0.000|50.147;23:29.964|0.000|55.370;24:28.572|0.000|50.245;25:29.289|0.000|52.934;26:30.985|0.000|56.127;27:30.010|0.000|53.953;28:30.928|0.000|50.349;29:31.090|0.000|51.647"
37.452,"auto_faster_pedestrians",32.1031,0.0400,32.2561,0.0000,0.2920,20.0660,34.3396,32.1901,1.5858,3.8854,0,30,"0:29.238|0.000|34.880;1:28.332|0.000|41.671;2:30.250|0.000|40.979;3:28.293|0.000|35.033;4:28.580|0.000|38.941;5:29.605|0.000|38.114;6:27.964|0.000|37.688;7:30.487|0.000|39.042;8:29.182|0.000|40.199;9:30.110|0.000|42.441;10:27.181|0.000|33.778;11:27.363|0.000|35.991;12:28.513|0.000|36.517;13:27.480|0.000|39.512;14:29.844|0.000|36.805;15:28.793|0.000|77.314;16:31.049|0.000|53.028;17:30.993|0.000|54.576;18:28.692|0.000|51.528;19:29.992|0.000|51.799;20:30.748|0.000|57.472;21:30.912|0.000|59.152;22:29.803|0.000|50.059;23:29.973|0.000|55.282;24:28.573|0.000|50.153;25:29.285|0.000|52.850;26:30.984|0.000|56.051;27:30.010|0.000|53.877;28:30.930|0.000|50.253;29:31.089|0.000|51.555"
37.557,"auto_faster_pedestrians",32.1031,0.0400,32.2407,0.0000,0.2920,20.0660,34.3342,32.1747,1.5858,3.9332,0,30,"0:29.248|0.000|34.946;1:28.330|0.000|41.757;2:30.247|0.000|41.058;3:28.331|0.000|35.119;4:28.573|0.000|39.015;5:29.604|0.000|38.181;6:27.966|0.000|37.760;7:30.477|0.000|39.115;8:29.180|0.000|40.279;9:30.111|0.000|42.522;10:27.181|0.000|33.849;11:27.385|0.000|36.052;12:28.504|0.000|36.591;13:27.473|0.000|39.597;14:29.860|0.000|36.854;15:28.843|0.000|77.373;16:31.044|0.000|52.950;17:30.994|0.000|54.498;18:28.687|0.000|51.451;19:29.985|0.000|51.716;20:30.752|0.000|57.397;21:30.913|0.000|59.077;22:29.807|0.000|49.981;23:29.980|0.000|55.208;24:28.573|0.000|50.077;25:29.283|0.000|52.776;26:30.984|0.000|55.987;27:30.010|0.000|53.810;28:30.932|0.000|50.173;29:31.089|0.000|51.472"
37.664,"auto_faster_pedestrians",32.1031,0.0400,32.2237,0.0000,0.2920,20.0660,34.3281,32.1577,1.5858,3.9846,0,30,"0:29.256|0.000|35.012;1:28.328|0.000|41.846;2:30.244|0.000|41.143;3:28.333|0.000|35.184;4:28.563|0.000|39.102;5:29.602|0.000|38.253;6:27.966|0.000|37.845;7:30.464|0.000|39.200;8:29.178|0.000|40.363;9:30.112|0.000|42.608;10:27.180|0.000|33.928;11:27.413|0.000|36.114;12:28.496|0.000|36.675;13:27.466|0.000|39.685;14:29.868|0.000|36.900;15:28.896|0.000|77.434;16:31.038|0.000|52.867;17:30.997|0.000|54.411;18:28.681|0.000|51.362;19:29.978|0.000|51.625;20:30.756|0.000|57.317;21:30.912|0.000|58.997;22:29.812|0.000|49.889;23:29.987|0.000|55.127;24:28.574|0.000|49.996;25:29.281|0.000|52.696;26:30.983|0.000|55.918;27:30.009|0.000|53.734;28:30.935|0.000|50.088;29:31.090|0.000|51.380"
37.771,"auto_faster_pedestrians",32.1031,0.0400,32.2067,0.0000,0.2920,20.0660,34.3221,32.1407,1.5858,4.0299,0,30,"0:29.271|0.000|35.074;1:28.327|0.000|41.933;2:30.241|0.000|41.228;3:28.330|0.000|35.254;4:28.551|0.000|39.194;5:29.599|0.000|38.324;6:27.962|0.000|37.937;7:30.450|0.000|39.290;8:29.178|0.000|40.446;9:30.114|0.000|42.693;10:27.178|0.000|34.012;11:27.435|0.000|36.167;12:28.489|0.000|36.755;13:27.460|0.000|39.770;14:29.876|0.000|36.958;15:28.949|0.000|77.494;16:31.034|0.000|52.784;17:31.002|0.000|54.325;18:28.677|0.000|51.275;19:29.972|0.000|51.536;20:30.761|0.000|57.238;21:30.912|0.000|58.917;22:29.819|0.000|49.799;23:29.993|0.000|55.045;24:28.576|0.000|49.915;25:29.280|0.000|52.618;26:30.981|0.000|55.850;27:30.008|0.000|53.654;28:30.937|0.000|50.004;29:31.093|0.000|51.292"
37.872,"auto_faster_pedestrians",32.1031,0.0400,32.1912,0.0000,0.2920,20.0660,34.3167,32.1252,1.5858,4.0608,0,30,"0:29.292|0.000|35.121;1:28.327|0.000|42.010;2:30.239|0.000|41.305;3:28.323|0.000|35.330;4:28.540|0.000|39.279;5:29.597|0.000|38.386;6:27.957|0.000|38.020;7:30.434|0.000|39.375;8:29.177|0.000|40.521;9:30.116|0.000|42.770;10:27.175|0.000|34.093;11:27.454|0.000|36.228;12:28.484|0.000|36.830;13:27.455|0.000|39.844;14:29.883|0.000|37.020;15:28.999|0.000|77.549;16:31.030|0.000|52.713;17:31.006|0.000|54.248;18:28.674|0.000|51.197;19:29.967|0.000|51.457;20:30.766|0.000|57.169;21:30.911|0.000|58.844;22:29.823|0.000|49.721;23:29.998|0.000|54.971;24:28.579|0.000|49.838;25:29.278|0.000|52.548;26:30.978|0.000|55.789;27:30.007|0.000|53.583;28:30.939|0.000|49.929;29:31.094|0.000|51.212"
37.990,"auto_faster_pedestrians",32.1031,0.0400,32.1727,0.0000,0.2920,20.0660,34.3101,32.1067,1.5858,4.0911,0,30,"0:29.328|0.000|35.179;1:28.327|0.000|42.102;2:30.236|0.000|41.400;3:28.304|0.000|35.433;4:28.528|0.000|39.374;5:29.592|0.000|38.464;6:27.951|0.000|38.113;7:30.417|0.000|39.471;8:29.178|0.000|40.613;9:30.120|0.000|42.863;10:27.171|0.000|34.188;11:27.478|0.000|36.313;12:28.480|0.000|36.926;13:27.450|0.000|39.933;14:29.892|0.000|37.101;15:29.060|0.000|77.615;16:31.027|0.000|52.621;17:31.010|0.000|54.158;18:28.669|0.000|51.106;19:29.961|0.000|51.364;20:30.773|0.000|57.085;21:30.909|0.000|58.753;22:29.828|0.000|49.631;23:30.000|0.000|54.884;24:28.585|0.000|49.738;25:29.276|0.000|52.465;26:30.974|0.000|55.715;27:30.003|0.000|53.495;28:30.943|0.000|49.844;29:31.096|0.000|51.119"
38.099,"auto_faster_pedestrians",32.1031,0.0400,32.1573,0.0000,0.2920,20.0660,34.3047,32.0912,1.5858,4.1114,0,30,"0:29.361|0.000|35.221;1:28.328|0.000|42.180;2:30.236|0.000|41.475;3:28.283|0.000|35.525;4:28.519|0.000|39.452;5:29.587|0.000|38.535;6:27.946|0.000|38.189;7:30.404|0.000|39.549;8:29.179|0.000|40.690;9:30.123|0.000|42.942;10:27.168|0.000|34.264;11:27.496|0.000|36.392;12:28.476|0.000|37.007;13:27.447|0.000|40.009;14:29.899|0.000|37.172;15:29.112|0.000|77.668;16:31.026|0.000|52.538;17:31.014|0.000|54.082;18:28.665|0.000|51.030;19:29.957|0.000|51.287;20:30.780|0.000|57.010;21:30.906|0.000|58.682;22:29.831|0.000|49.556;23:30.002|0.000|54.804;24:28.590|0.000|49.656;25:29.274|0.000|52.395;26:30.971|0.000|55.650;27:30.001|0.000|53.415;28:30.948|0.000|49.767;29:31.099|0.000|51.043"
38.208,"auto_faster_pedestrians",32.1031,0.0400,32.1403,0.0000,0.2920,20.0660,34.2987,32.0743,1.5858,4.1427,0,30,"0:29.394|0.000|35.274;1:28.330|0.000|42.267;2:30.237|0.000|41.565;3:28.268|0.000|35.615;4:28.510|0.000|39.536;5:29.580|0.000|38.614;6:27.941|0.000|38.271;7:30.391|0.000|39.633;8:29.182|0.000|40.772;9:30.129|0.000|43.025;10:27.165|0.000|34.344;11:27.519|0.000|36.479;12:28.471|0.000|37.092;13:27.444|0.000|40.094;14:29.910|0.000|37.247;15:29.170|0.000|77.725;16:31.026|0.000|52.447;17:31.019|0.000|54.005;18:28.661|0.000|50.950;19:29.953|0.000|51.207;20:30.790|0.000|56.923;21:30.901|0.000|58.599;22:29.834|0.000|49.473;23:30.004|0.000|54.719;24:28.595|0.000|49.571;25:29.273|0.000|52.321;26:30.965|0.000|55.578;27:30.000|0.000|53.328;28:30.954|0.000|49.677;29:31.102|0.000|50.962"
38.313,"auto_faster_pedestrians",32.1031,0.0400,32.1233,0.0000,0.2920,20.0660,34.2927,32.0573,1.5858,4.1802,0,30,"0:29.431|0.000|35.338;1:28.334|0.000|42.349;2:30.236|0.000|41.656;3:28.256|0.000|35.702;4:28.502|0.000|39.620;5:29.572|0.000|38.691;6:27.936|0.000|38.354;7:30.378|0.000|39.717;8:29.185|0.000|40.862;9:30.136|0.000|43.116;10:27.164|0.000|34.424;11:27.548|0.000|36.568;12:28.468|0.000|37.177;13:27.443|0.000|40.174;14:29.922|0.000|37.323;15:29.233|0.000|77.786;16:31.025|0.000|52.360;17:31.025|0.000|53.922;18:28.659|0.000|50.870;19:29.951|0.000|51.119;20:30.801|0.000|56.838;21:30.898|0.000|58.512;22:29.836|0.000|49.389;23:30.007|0.000|54.634;24:28.599|0.000|49.487;25:29.273|0.000|52.240;26:30.959|0.000|55.503;27:30.000|0.000|53.242;28:30.962|0.000|49.585;29:31.107|0.000|50.874"
38.432,"auto_faster_pedestrians",32.1031,0.0400,32.1047,0.0000,0.2920,20.0660,34.2862,32.0387,1.5858,4.2329,0,30,"0:29.474|0.000|35.422;1:28.339|0.000|42.447;2:30.233|0.000|41.754;3:28.242|0.000|35.795;4:28.495|0.000|39.713;5:29.566|0.000|38.771;6:27.931|0.000|38.445;7:30.365|0.000|39.809;8:29.188|0.000|40.959;9:30.142|0.000|43.215;10:27.163|0.000|34.512;11:27.586|0.000|36.665;12:28.465|0.000|37.268;13:27.442|0.000|40.268;14:29.938|0.000|37.398;15:29.301|0.000|77.853;16:31.024|0.000|52.269;17:31.033|0.000|53.825;18:28.657|0.000|50.776;19:29.951|0.000|51.017;20:30.811|0.000|56.749;21:30.895|0.000|58.418;22:29.837|0.000|49.299;23:30.008|0.000|54.545;24:28.602|0.000|49.398;25:29.275|0.000|52.143;26:30.950|0.000|55.424;27:30.000|0.000|53.151;28:30.969|0.000|49.492;29:31.114|0.000|50.772"
38.539,"auto_faster_pedestrians",32.1031,0.0400,32.0893,0.0000,0.2920,20.0660,34.2808,32.0233,1.5858,4.2801,0,30,"0:29.513|0.000|35.497;1:28.342|0.000|42.531;2:30.232|0.000|41.834;3:28.227|0.000|35.876;4:28.489|0.000|39.791;5:29.561|0.000|38.836;6:27.928|0.000|38.521;7:30.355|0.000|39.889;8:29.189|0.000|41.039;9:30.146|0.000|43.296;10:27.164|0.000|34.586;11:27.615|0.000|36.757;12:28.464|0.000|37.341;13:27.441|0.000|40.350;14:29.951|0.000|37.464;15:29.357|0.000|77.909;16:31.022|0.000|52.194;17:31.041|0.000|53.741;18:28.656|0.000|50.692;19:29.951|0.000|50.932;20:30.818|0.000|56.677;21:30.894|0.000|58.341;22:29.837|0.000|49.223;23:30.009|0.000|54.470;24:28.605|0.000|49.322;25:29.279|0.000|52.060;26:30.941|0.000|55.349;27:30.001|0.000|53.075;28:30.974|0.000|49.415;29:31.120|0.000|50.687"
38.647,"auto_faster_pedestrians",32.1031,0.0400,32.0723,0.0000,0.2920,20.0660,34.2748,32.0063,1.5858,4.3301,0,30,"0:29.557|0.000|35.575;1:28.345|0.000|42.619;2:30.230|0.000|41.919;3:28.212|0.000|35.965;4:28.487|0.000|39.874;5:29.555|0.000|38.906;6:27.927|0.000|38.602;7:30.346|0.000|39.969;8:29.191|0.000|41.124;9:30.151|0.000|43.382;10:27.168|0.000|34.665;11:27.629|0.000|36.848;12:28.463|0.000|37.421;13:27.438|0.000|40.436;14:29.963|0.000|37.536;15:29.416|0.000|77.967;16:31.020|0.000|52.112;17:31.049|0.000|53.655;18:28.656|0.000|50.603;19:29.952|0.000|50.844;20:30.825|0.000|56.600;21:30.892|0.000|58.260;22:29.837|0.000|49.135;23:30.010|0.000|54.392;24:28.607|0.000|49.238;25:29.282|0.000|51.974;26:30.932|0.000|55.266;27:30.002|0.000|52.997;28:30.979|0.000|49.334;29:31.126|0.000|50.600"
38.757,"auto_faster_pedestrians",32.1031,0.0400,32.0553,0.0000,0.2920,20.0660,34.2689,31.9893,1.5858,4.3770,0,30,"0:29.601|0.000|35.647;1:28.347|0.000|42.707;2:30.227|0.000|42.004;3:28.204|0.000|36.051;4:28.484|0.000|39.964;5:29.550|0.000|38.978;6:27.926|0.000|38.691;7:30.337|0.000|40.059;8:29.193|0.000|41.209;9:30.156|0.000|43.468;10:27.175|0.000|34.744;11:27.634|0.000|36.940;12:28.463|0.000|37.508;13:27.435|0.000|40.522;14:29.968|0.000|37.606;15:29.476|0.000|78.025;16:31.017|0.000|52.029;17:31.055|0.000|53.571;18:28.655|0.000|50.517;19:29.952|0.000|50.758;20:30.832|0.000|56.521;21:30.891|0.000|58.178;22:29.838|0.000|49.047;23:30.010|0.000|54.314;24:28.608|0.000|49.157;25:29.286|0.000|51.890;26:30.924|0.000|55.183;27:30.004|0.000|52.916;28:30.983|0.000|49.251;29:31.130|0.000|50.515"
38.858,"auto_faster_pedestrians",32.1031,0.0400,32.0398,0.0000,0.2920,20.0660,34.2635,31.9738,1.5858,4.4175,0,30,"0:29.640|0.000|35.707;1:28.350|0.000|42.785;2:30.224|0.000|42.077;3:28.201|0.000|36.124;4:28.481|0.000|40.046;5:29.546|0.000|39.044;6:27.924|0.000|38.771;7:30.328|0.000|40.141;8:29.194|0.000|41.285;9:30.160|0.000|43.545;10:27.184|0.000|34.821;11:27.635|0.000|37.021;12:28.463|0.000|37.592;13:27.433|0.000|40.598;14:29.971|0.000|37.671;15:29.528|0.000|78.076;16:31.013|0.000|51.952;17:31.059|0.000|53.497;18:28.654|0.000|50.442;19:29.951|0.000|50.682;20:30.836|0.000|56.448;21:30.890|0.000|58.108;22:29.840|0.000|48.968;23:30.012|0.000|54.239;24:28.607|0.000|49.081;25:29.289|0.000|51.816;26:30.917|0.000|55.109;27:30.007|0.000|52.839;28:30.985|0.000|49.175;29:31.132|0.000|50.438"
38.959,"auto_faster_pedestrians",32.1031,0.0400,32.0244,0.0000,0.2920,20.0660,34.2581,31.9584,1.5858,4.4644,0,30,"0:29.676|0.000|35.771;1:28.352|0.000|42.862;2:30.220|0.000|42.155;3:28.199|0.000|36.204;4:28.477|0.000|40.127;5:29.542|0.000|39.111;6:27.920|0.000|38.850;7:30.317|0.000|40.222;8:29.194|0.000|41.356;9:30.163|0.000|43.618;10:27.194|0.000|34.898;11:27.634|0.000|37.098;12:28.463|0.000|37.673;13:27.431|0.000|40.674;14:29.973|0.000|37.739;15:29.580|0.000|78.126;16:31.008|0.000|51.879;17:31.063|0.000|53.423;18:28.652|0.000|50.367;19:29.951|0.000|50.604;20:30.840|0.000|56.375;21:30.890|0.000|58.035;22:29.842|0.000|48.891;23:30.015|0.000|54.159;24:28.606|0.000|49.001;25:29.293|0.000|51.741;26:30.909|0.000|55.037;27:30.011|0.000|52.756;28:30.987|0.000|49.098;29:31.134|0.000|50.362"
39.063,"auto_faster_pedestrians",32.1031,0.0400,32.0074,0.0000,0.2920,20.0660,34.2521,31.9414,1.5858,4.5135,0,30,"0:29.698|0.000|35.827;1:28.354|0.000|42.943;2:30.214|0.000|42.246;3:28.197|0.000|36.293;4:28.473|0.000|40.214;5:29.540|0.000|39.180;6:27.918|0.000|38.935;7:30.306|0.000|40.310;8:29.193|0.000|41.442;9:30.165|0.000|43.705;10:27.207|0.000|34.982;11:27.629|0.000|37.181;12:28.466|0.000|37.759;13:27.428|0.000|40.753;14:29.977|0.000|37.816;15:29.640|0.000|78.187;16:31.003|0.000|51.790;17:31.066|0.000|53.340;18:28.649|0.000|50.285;19:29.949|0.000|50.518;20:30.841|0.000|56.299;21:30.892|0.000|57.950;22:29.844|0.000|48.808;23:30.018|0.000|54.070;24:28.607|0.000|48.912;25:29.297|0.000|51.657;26:30.901|0.000|54.958;27:30.016|0.000|52.667;28:30.986|0.000|49.018;29:31.135|0.000|50.276"
39.171,"auto_faster_pedestrians",32.1031,0.0400,31.9904,0.0000,0.2920,20.0660,34.2462,31.9244,1.5858,4.5711,0,30,"0:29.716|0.000|35.888;1:28.354|0.000|43.030;2:30.205|0.000|42.341;3:28.196|0.000|36.381;4:28.471|0.000|40.299;5:29.538|0.000|39.256;6:27.915|0.000|39.018;7:30.295|0.000|40.395;8:29.191|0.000|41.533;9:30.166|0.000|43.798;10:27.222|0.000|35.064;11:27.622|0.000|37.263;12:28.470|0.000|37.842;13:27.423|0.000|40.836;14:29.981|0.000|37.892;15:29.703|0.000|78.252;16:30.998|0.000|51.702;17:31.067|0.000|53.255;18:28.645|0.000|50.201;19:29.948|0.000|50.431;20:30.842|0.000|56.215;21:30.895|0.000|57.859;22:29.846|0.000|48.727;23:30.020|0.000|53.986;24:28.609|0.000|48.826;25:29.300|0.000|51.572;26:30.894|0.000|54.883;27:30.021|0.000|52.581;28:30.985|0.000|48.929;29:31.135|0.000|50.190"
39.273,"auto_faster_pedestrians",32.1031,0.0400,31.9749,0.0000,0.2920,20.0660,34.2408,31.9089,1.5858,4.6345,0,30,"0:29.732|0.000|35.957;1:28.353|0.000|43.114;2:30.199|0.000|42.423;3:28.196|0.000|36.459;4:28.469|0.000|40.377;5:29.536|0.000|39.329;6:27.912|0.000|39.094;7:30.285|0.000|40.473;8:29.188|0.000|41.618;9:30.166|0.000|43.884;10:27.230|0.000|35.131;11:27.614|0.000|37.339;12:28.475|0.000|37.918;13:27.418|0.000|40.916;14:29.985|0.000|37.963;15:29.761|0.000|78.312;16:30.995|0.000|51.622;17:31.067|0.000|53.183;18:28.641|0.000|50.125;19:29.945|0.000|50.355;20:30.843|0.000|56.138;21:30.899|0.000|57.779;22:29.849|0.000|48.653;23:30.021|0.000|53.911;24:28.609|0.000|48.748;25:29.301|0.000|51.499;26:30.889|0.000|54.812;27:30.024|0.000|52.506;28:30.984|0.000|48.848;29:31.132|0.000|50.114"
39.377,"auto_faster_pedestrians",32.1031,0.0400,31.9595,0.0000,0.2920,20.0660,34.2355,31.8935,1.5858,4.7057,0,30,"0:29.749|0.000|36.034;1:28.351|0.000|43.201;2:30.193|0.000|42.502;3:28.198|0.000|36.536;4:28.466|0.000|40.450;5:29.533|0.000|39.401;6:27.909|0.000|39.165;7:30.275|0.000|40.546;8:29.185|0.000|41.699;9:30.167|0.000|43.966;10:27.227|0.000|35.186;11:27.605|0.000|37.416;12:28.480|0.000|37.993;13:27.410|0.000|41.001;14:29.991|0.000|38.034;15:29.816|0.000|78.369;16:30.992|0.000|51.544;17:31.065|0.000|53.105;18:28.635|0.000|50.052;19:29.941|0.000|50.273;20:30.844|0.000|56.062;21:30.901|0.000|57.701;22:29.854|0.000|48.575;23:30.021|0.000|53.838;24:28.610|0.000|48.672;25:29.302|0.000|51.419;26:30.884|0.000|54.737;27:30.026|0.000|52.431;28:30.985|0.000|48.768;29:31.129|0.000|50.032"
39.481,"auto_faster_pedestrians",32.1031,0.0400,31.9425,0.0000,0.2920,20.0660,34.2296,31.8765,1.5858,4.7879,0,30,"0:29.766|0.000|36.121;1:28.349|0.000|43.290;2:30.187|0.000|42.587;3:28.200|0.000|36.619;4:28.462|0.000|40.535;5:29.528|0.000|39.477;6:27.903|0.000|39.249;7:30.262|0.000|40.630;8:29.182|0.000|41.784;9:30.168|0.000|44.052;10:27.224|0.000|35.222;11:27.595|0.000|37.496;12:28.488|0.000|38.077;13:27.403|0.000|41.089;14:30.000|0.000|38.113;15:29.875|0.000|78.427;16:30.989|0.000|51.461;17:31.063|0.000|53.018;18:28.628|0.000|49.965;19:29.938|0.000|50.182;20:30.845|0.000|55.982;21:30.904|0.000|57.620;22:29.861|0.000|48.485;23:30.020|0.000|53.759;24:28.611|0.000|48.591;25:29.304|0.000|51.330;26:30.880|0.000|54.649;27:30.029|0.000|52.350;28:30.985|0.000|48.683;29:31.125|0.000|49.942"
39.587,"auto_faster_pedestrians",32.1031,0.0400,31.9271,0.0000,0.2920,20.0660,34.2242,31.8611,1.5858,4.8659,0,30,"0:29.783|0.000|36.204;1:28.349|0.000|43.370;2:30.182|0.000|42.664;3:28.203|0.000|36.691;4:28.458|0.000|40.618;5:29.525|0.000|39.547;6:27.897|0.000|39.331;7:30.249|0.000|40.711;8:29.181|0.000|41.860;9:30.170|0.000|44.130;10:27.236|0.000|35.259;11:27.584|0.000|37.570;12:28.495|0.000|38.153;13:27.397|0.000|41.167;14:30.009|0.000|38.184;15:29.929|0.000|78.479;16:30.986|0.000|51.385;17:31.062|0.000|52.938;18:28.622|0.000|49.884;19:29.936|0.000|50.100;20:30.845|0.000|55.909;21:30.905|0.000|57.547;22:29.868|0.000|48.401;23:30.018|0.000|53.685;24:28.613|0.000|48.518;25:29.307|0.000|51.250;26:30.877|0.000|54.570;27:30.030|0.000|52.274;28:30.984|0.000|48.607;29:31.124|0.000|49.861"
39.693,"auto_faster_pedestrians",32.1031,0.0400,31.9101,0.0000,0.2920,20.0660,34.2183,31.8441,1.5858,4.9492,0,30,"0:29.807|0.000|36.294;1:28.349|0.000|43.455;2:30.178|0.000|42.750;3:28.205|0.000|36.773;4:28.451|0.000|40.712;5:29.521|0.000|39.623;6:27.888|0.000|39.424;7:30.232|0.000|40.806;8:29.180|0.000|41.945;9:30.172|0.000|44.215;10:27.275|0.000|35.316;11:27.568|0.000|37.660;12:28.506|0.000|38.235;13:27.391|0.000|41.250;14:30.018|0.000|38.257;15:29.989|0.000|78.537;16:30.984|0.000|51.306;17:31.061|0.000|52.852;18:28.617|0.000|49.796;19:29.933|0.000|50.011;20:30.845|0.000|55.829;21:30.907|0.000|57.465;22:29.874|0.000|48.314;23:30.015|0.000|53.600;24:28.617|0.000|48.433;25:29.311|0.000|51.164;26:30.874|0.000|54.488;27:30.031|0.000|52.190;28:30.985|0.000|48.523;29:31.121|0.000|49.774"
39.806,"auto_faster_pedestrians",32.1031,0.0400,31.8931,0.0000,0.2920,20.0660,34.2124,31.8271,1.5858,5.0330,0,30,"0:29.835|0.000|36.386;1:28.349|0.000|43.540;2:30.174|0.000|42.838;3:28.208|0.000|36.860;4:28.446|0.000|40.802;5:29.517|0.000|39.698;6:27.881|0.000|39.510;7:30.215|0.000|40.895;8:29.179|0.000|42.029;9:30.176|0.000|44.301;10:27.310|0.000|35.370;11:27.552|0.000|37.749;12:28.517|0.000|38.323;13:27.386|0.000|41.332;14:30.026|0.000|38.334;15:30.050|0.000|78.594;16:30.984|0.000|51.222;17:31.059|0.000|52.769;18:28.612|0.000|49.711;19:29.931|0.000|49.925;20:30.845|0.000|55.754;21:30.907|0.000|57.382;22:29.879|0.000|48.231;23:30.011|0.000|53.522;24:28.623|0.000|48.341;25:29.315|0.000|51.080;26:30.870|0.000|54.408;27:30.030|0.000|52.110;28:30.985|0.000|48.444;29:31.117|0.000|49.688"
39.909,"auto_faster_pedestrians",32.1031,0.0400,31.8776,0.0000,0.2920,20.0660,34.2071,31.8116,1.5858,5.1038,0,30,"0:29.855|0.000|36.460;1:28.350|0.000|43.619;2:30.173|0.000|42.913;3:28.209|0.000|36.945;4:28.442|0.000|40.880;5:29.514|0.000|39.763;6:27.875|0.000|39.587;7:30.202|0.000|40.974;8:29.179|0.000|42.108;9:30.179|0.000|44.381;10:27.342|0.000|35.425;11:27.539|0.000|37.828;12:28.526|0.000|38.403;13:27.382|0.000|41.408;14:30.032|0.000|38.405;15:30.108|0.000|78.645;16:30.985|0.000|51.140;17:31.058|0.000|52.694;18:28.606|0.000|49.635;19:29.929|0.000|49.847;20:30.846|0.000|55.684;21:30.907|0.000|57.307;22:29.883|0.000|48.156;23:30.005|0.000|53.444;24:28.629|0.000|48.258;25:29.318|0.000|51.004;26:30.866|0.000|54.336;27:30.029|0.000|52.030;28:30.987|0.000|48.367;29:31.115|0.000|49.611"
40.016,"auto_faster_pedestrians",32.1031,0.0400,31.8606,0.0000,0.2920,20.0660,34.2012,31.7946,1.5858,5.1754,0,30,"0:29.868|0.000|36.529;1:28.352|0.000|43.706;2:30.172|0.000|43.001;3:28.211|0.000|37.034;4:28.439|0.000|40.964;5:29.508|0.000|39.838;6:27.870|0.000|39.669;7:30.188|0.000|41.058;8:29.180|0.000|42.189;9:30.185|0.000|44.462;10:27.382|0.000|35.497;11:27.528|0.000|37.914;12:28.534|0.000|38.489;13:27.378|0.000|41.493;14:30.038|0.000|38.484;15:30.168|0.000|78.697;16:30.988|0.000|51.048;17:31.056|0.000|52.616;18:28.601|0.000|49.552;19:29.928|0.000|49.767;20:30.847|0.000|55.603;21:30.905|0.000|57.228;22:29.886|0.000|48.073;23:30.000|0.000|53.356;24:28.635|0.000|48.172;25:29.323|0.000|50.926;26:30.861|0.000|54.258;27:30.029|0.000|51.942;28:30.991|0.000|48.279;29:31.112|0.000|49.532"
40.125,"auto_faster_pedestrians",32.1031,0.0400,31.8436,0.0000,0.2920,20.0660,34.1954,31.7776,1.5858,5.2511,0,30,"0:29.874|0.000|36.598;1:28.355|0.000|43.788;2:30.170|0.000|43.093;3:28.214|0.000|37.120;4:28.437|0.000|41.049;5:29.501|0.000|39.919;6:27.864|0.000|39.752;7:30.175|0.000|41.142;8:29.183|0.000|42.277;9:30.192|0.000|44.553;10:27.422|0.000|35.574;11:27.517|0.000|37.999;12:28.542|0.000|38.574;13:27.376|0.000|41.574;14:30.045|0.000|38.563;15:30.236|0.000|78.754;16:30.989|0.000|50.960;17:31.055|0.000|52.535;18:28.597|0.000|49.474;19:29.928|0.000|49.680;20:30.850|0.000|55.515;21:30.903|0.000|57.140;22:29.889|0.000|47.989;23:29.996|0.000|53.269;24:28.640|0.000|48.088;25:29.329|0.000|50.842;26:30.856|0.000|54.178;27:30.031|0.000|51.855;28:30.996|0.000|48.186;29:31.111|0.000|49.446"
40.230,"auto_faster_pedestrians",32.1031,0.0400,31.8282,0.0000,0.2920,20.0660,34.1901,31.7622,1.5858,5.3248,0,30,"0:29.882|0.000|36.668;1:28.359|0.000|43.870;2:30.167|0.000|43.175;3:28.218|0.000|37.196;4:28.435|0.000|41.126;5:29.493|0.000|39.998;6:27.860|0.000|39.828;7:30.163|0.000|41.219;8:29.185|0.000|42.359;9:30.198|0.000|44.636;10:27.457|0.000|35.646;11:27.505|0.000|38.072;12:28.549|0.000|38.651;13:27.375|0.000|41.652;14:30.051|0.000|38.634;15:30.297|0.000|78.807;16:30.990|0.000|50.883;17:31.056|0.000|52.457;18:28.594|0.000|49.399;19:29.929|0.000|49.596;20:30.853|0.000|55.437;21:30.902|0.000|57.061;22:29.891|0.000|47.912;23:29.995|0.000|53.191;24:28.643|0.000|48.013;25:29.336|0.000|50.761;26:30.851|0.000|54.104;27:30.033|0.000|51.778;28:31.000|0.000|48.106;29:31.111|0.000|49.363"
40.335,"auto_faster_pedestrians",32.1031,0.0400,31.8112,0.0000,0.2920,20.0660,34.1842,31.7452,1.5858,5.4105,0,30,"0:29.893|0.000|36.750;1:28.364|0.000|43.961;2:30.164|0.000|43.263;3:28.223|0.000|37.278;4:28.435|0.000|41.214;5:29.485|0.000|40.080;6:27.857|0.000|39.913;7:30.151|0.000|41.306;8:29.185|0.000|42.448;9:30.203|0.000|44.725;10:27.498|0.000|35.719;11:27.488|0.000|38.150;12:28.556|0.000|38.732;13:27.373|0.000|41.740;14:30.057|0.000|38.710;15:30.362|0.000|78.864;16:30.990|0.000|50.801;17:31.058|0.000|52.366;18:28.591|0.000|49.312;19:29.932|0.000|49.501;20:30.854|0.000|55.356;21:30.902|0.000|56.976;22:29.890|0.000|47.832;23:29.992|0.000|53.109;24:28.647|0.000|47.931;25:29.346|0.000|50.670;26:30.844|0.000|54.029;27:30.034|0.000|51.695;28:31.003|0.000|48.021;29:31.112|0.000|49.269"
40.442,"auto_faster_pedestrians",32.1031,0.0400,31.7942,0.0000,0.2920,20.0660,34.1784,31.7282,1.5858,5.4964,0,30,"0:29.904|0.000|36.831;1:28.366|0.000|44.052;2:30.162|0.000|43.350;3:28.229|0.000|37.361;4:28.437|0.000|41.295;5:29.477|0.000|40.159;6:27.855|0.000|39.994;7:30.141|0.000|41.388;8:29.185|0.000|42.536;9:30.208|0.000|44.814;10:27.544|0.000|35.786;11:27.469|0.000|38.231;12:28.561|0.000|38.812;13:27.371|0.000|41.829;14:30.063|0.000|38.785;15:30.427|0.000|78.921;16:30.990|0.000|50.717;17:31.061|0.000|52.277;18:28.590|0.000|49.219;19:29.934|0.000|49.411;20:30.855|0.000|55.276;21:30.902|0.000|56.892;22:29.889|0.000|47.743;23:29.991|0.000|53.025;24:28.650|0.000|47.846;25:29.356|0.000|50.582;26:30.836|0.000|53.945;27:30.037|0.000|51.612;28:31.006|0.000|47.938;29:31.112|0.000|49.180"
40.548,"auto_faster_pedestrians",32.1031,0.0400,31.7787,0.0000,0.2920,20.0660,34.1731,31.7127,1.5858,5.5744,0,30,"0:29.912|0.000|36.905;1:28.368|0.000|44.132;2:30.159|0.000|43.428;3:28.236|0.000|37.438;4:28.439|0.000|41.376;5:29.471|0.000|40.230;6:27.854|0.000|40.074;7:30.132|0.000|41.467;8:29.186|0.000|42.614;9:30.212|0.000|44.892;10:27.586|0.000|35.843;11:27.455|0.000|38.304;12:28.564|0.000|38.890;13:27.368|0.000|41.908;14:30.068|0.000|38.853;15:30.485|0.000|78.971;16:30.989|0.000|50.641;17:31.063|0.000|52.200;18:28.589|0.000|49.138;19:29.935|0.000|49.331;20:30.854|0.000|55.205;21:30.901|0.000|56.817;22:29.889|0.000|47.662;23:29.991|0.000|52.953;24:28.652|0.000|47.769;25:29.363|0.000|50.504;26:30.829|0.000|53.868;27:30.040|0.000|51.541;28:31.008|0.000|47.863;29:31.112|0.000|49.101"
40.663,"auto_faster_pedestrians",32.1031,0.0400,31.7602,0.0000,0.2920,20.0660,34.1667,31.6942,1.5858,5.6679,0,30,"0:29.921|0.000|36.991;1:28.372|0.000|44.227;2:30.156|0.000|43.517;3:28.244|0.000|37.529;4:28.442|0.000|41.475;5:29.464|0.000|40.313;6:27.852|0.000|40.171;7:30.121|0.000|41.567;8:29.186|0.000|42.707;9:30.217|0.000|44.986;10:27.620|0.000|35.887;11:27.439|0.000|38.394;12:28.566|0.000|38.989;13:27.365|0.000|42.000;14:30.071|0.000|38.941;15:30.553|0.000|79.030;16:30.986|0.000|50.548;17:31.064|0.000|52.110;18:28.588|0.000|49.045;19:29.935|0.000|49.239;20:30.853|0.000|55.120;21:30.902|0.000|56.728;22:29.891|0.000|47.567;23:29.993|0.000|52.863;24:28.653|0.000|47.680;25:29.371|0.000|50.414;26:30.822|0.000|53.777;27:30.046|0.000|51.450;28:31.009|0.000|47.772;29:31.110|0.000|49.009"
40.777,"auto_faster_pedestrians",32.1031,0.0400,31.7432,0.0000,0.2920,20.0660,34.1609,31.6772,1.5858,5.7526,0,30,"0:29.927|0.000|37.068;1:28.374|0.000|44.313;2:30.150|0.000|43.603;3:28.255|0.000|37.612;4:28.443|0.000|41.565;5:29.459|0.000|40.390;6:27.848|0.000|40.259;7:30.110|0.000|41.657;8:29.185|0.000|42.788;9:30.221|0.000|45.067;10:27.650|0.000|35.942;11:27.425|0.000|38.479;12:28.566|0.000|39.081;13:27.363|0.000|42.084;14:30.074|0.000|39.027;15:30.613|0.000|79.082;16:30.982|0.000|50.467;17:31.065|0.000|52.028;18:28.585|0.000|48.962;19:29.935|0.000|49.153;20:30.851|0.000|55.040;21:30.902|0.000|56.650;22:29.892|0.000|47.481;23:29.996|0.000|52.774;24:28.653|0.000|47.591;25:29.378|0.000|50.331;26:30.817|0.000|53.695;27:30.053|0.000|51.359;28:31.010|0.000|47.686;29:31.108|0.000|48.925"
40.883,"auto_faster_pedestrians",32.1031,0.0400,31.7262,0.0000,0.2920,20.0660,34.1551,31.6602,1.5858,5.8431,0,30,"0:29.931|0.000|37.151;1:28.376|0.000|44.393;2:30.144|0.000|43.694;3:28.265|0.000|37.701;4:28.444|0.000|41.653;5:29.454|0.000|40.469;6:27.845|0.000|40.344;7:30.098|0.000|41.744;8:29.183|0.000|42.872;9:30.224|0.000|45.154;10:27.684|0.000|36.008;11:27.412|0.000|38.563;12:28.566|0.000|39.167;13:27.360|0.000|42.163;14:30.075|0.000|39.114;15:30.675|0.000|79.139;16:30.978|0.000|50.379;17:31.065|0.000|51.946;18:28.583|0.000|48.879;19:29.933|0.000|49.067;20:30.848|0.000|54.960;21:30.905|0.000|56.567;22:29.892|0.000|47.397;23:30.002|0.000|52.681;24:28.654|0.000|47.502;25:29.385|0.000|50.248;26:30.812|0.000|53.615;27:30.062|0.000|51.268;28:31.008|0.000|47.607;29:31.106|0.000|48.840"
40.993,"auto_faster_pedestrians",32.1031,0.0400,31.7092,0.0000,0.2920,20.0660,34.1493,31.6432,1.5858,5.9408,0,30,"0:29.934|0.000|37.240;1:28.377|0.000|44.480;2:30.136|0.000|43.789;3:28.275|0.000|37.790;4:28.446|0.000|41.739;5:29.450|0.000|40.548;6:27.843|0.000|40.429;7:30.087|0.000|41.831;8:29.180|0.000|42.961;9:30.225|0.000|45.246;10:27.719|0.000|36.088;11:27.399|0.000|38.647;12:28.567|0.000|39.251;13:27.355|0.000|42.246;14:30.077|0.000|39.196;15:30.741|0.000|79.202;16:30.974|0.000|50.290;17:31.064|0.000|51.861;18:28.579|0.000|48.796;19:29.931|0.000|48.980;20:30.842|0.000|54.884;21:30.909|0.000|56.477;22:29.894|0.000|47.315;23:30.008|0.000|52.593;24:28.657|0.000|47.415;25:29.390|0.000|50.163;26:30.807|0.000|53.535;27:30.070|0.000|51.181;28:31.005|0.000|47.518;29:31.102|0.000|48.753"
41.102,"auto_faster_pedestrians",32.1031,0.0400,31.6922,0.0000,0.2920,20.0660,34.1435,31.6262,1.5858,6.0407,0,30,"0:29.934|0.000|37.330;1:28.376|0.000|44.572;2:30.129|0.000|43.879;3:28.283|0.000|37.876;4:28.448|0.000|41.824;5:29.448|0.000|40.625;6:27.840|0.000|40.511;7:30.076|0.000|41.916;8:29.174|0.000|43.055;9:30.225|0.000|45.341;10:27.757|0.000|36.169;11:27.383|0.000|38.730;12:28.567|0.000|39.334;13:27.350|0.000|42.334;14:30.080|0.000|39.275;15:30.808|0.000|79.265;16:30.971|0.000|50.203;17:31.063|0.000|51.781;18:28.575|0.000|48.711;19:29.926|0.000|48.897;20:30.836|0.000|54.801;21:30.914|0.000|56.387;22:29.896|0.000|47.236;23:30.013|0.000|52.508;24:28.658|0.000|47.330;25:29.394|0.000|50.083;26:30.803|0.000|53.460;27:30.077|0.000|51.098;28:31.003|0.000|47.429;29:31.096|0.000|48.672"
41.205,"auto_faster_pedestrians",32.1031,0.0400,31.6768,0.0000,0.2920,20.0660,34.1383,31.6108,1.5858,6.1278,0,30,"0:29.934|0.000|37.408;1:28.374|0.000|44.658;2:30.124|0.000|43.959;3:28.291|0.000|37.953;4:28.449|0.000|41.896;5:29.446|0.000|40.701;6:27.837|0.000|40.582;7:30.066|0.000|41.989;8:29.169|0.000|43.137;9:30.224|0.000|45.423;10:27.793|0.000|36.241;11:27.370|0.000|38.805;12:28.567|0.000|39.409;13:27.343|0.000|42.418;14:30.082|0.000|39.346;15:30.865|0.000|79.319;16:30.968|0.000|50.125;17:31.060|0.000|51.706;18:28.570|0.000|48.638;19:29.922|0.000|48.815;20:30.831|0.000|54.725;21:30.918|0.000|56.310;22:29.900|0.000|47.158;23:30.017|0.000|52.433;24:28.660|0.000|47.254;25:29.396|0.000|50.004;26:30.800|0.000|53.389;27:30.082|0.000|51.024;28:31.003|0.000|47.350;29:31.090|0.000|48.591"
41.324,"auto_faster_pedestrians",32.1031,0.0400,31.6582,0.0000,0.2920,20.0660,34.1320,31.5922,1.5858,6.2299,0,30,"0:29.935|0.000|37.499;1:28.372|0.000|44.756;2:30.120|0.000|44.051;3:28.300|0.000|38.043;4:28.448|0.000|41.989;5:29.443|0.000|40.793;6:27.832|0.000|40.674;7:30.052|0.000|42.080;8:29.165|0.000|43.231;9:30.224|0.000|45.517;10:27.836|0.000|36.318;11:27.355|0.000|38.894;12:28.567|0.000|39.500;13:27.336|0.000|42.514;14:30.085|0.000|39.431;15:30.932|0.000|79.381;16:30.965|0.000|50.034;17:31.057|0.000|51.610;18:28.563|0.000|48.546;19:29.917|0.000|48.716;20:30.826|0.000|54.635;21:30.921|0.000|56.220;22:29.907|0.000|47.059;23:30.022|0.000|52.343;24:28.662|0.000|47.166;25:29.401|0.000|49.907;26:30.799|0.000|53.298;27:30.089|0.000|50.934;28:31.002|0.000|47.257;29:31.084|0.000|48.493"
41.427,"auto_faster_pedestrians",32.1031,0.0400,31.6428,0.0000,0.2920,20.0660,34.1267,31.5768,1.5858,6.3145,0,30,"0:29.935|0.000|37.573;1:28.371|0.000|44.835;2:30.117|0.000|44.128;3:28.306|0.000|38.118;4:28.447|0.000|42.072;5:29.439|0.000|40.869;6:27.826|0.000|40.757;7:30.039|0.000|42.162;8:29.161|0.000|43.308;9:30.223|0.000|45.594;10:27.872|0.000|36.379;11:27.346|0.000|38.967;12:28.567|0.000|39.576;13:27.330|0.000|42.592;14:30.089|0.000|39.503;15:30.985|0.000|79.434;16:30.962|0.000|49.958;17:31.056|0.000|51.531;18:28.556|0.000|48.466;19:29.914|0.000|48.634;20:30.822|0.000|54.561;21:30.923|0.000|56.146;22:29.914|0.000|46.977;23:30.026|0.000|52.267;24:28.665|0.000|47.093;25:29.406|0.000|49.827;26:30.799|0.000|53.217;27:30.093|0.000|50.858;28:31.002|0.000|47.180;29:31.080|0.000|48.412"
41.536,"auto_faster_pedestrians",32.1031,0.0400,31.6258,0.0000,0.2920,20.0660,34.1210,31.5598,1.5858,6.3911,0,30,"0:29.935|0.000|37.656;1:28.371|0.000|44.920;2:30.115|0.000|44.214;3:28.313|0.000|38.197;4:28.443|0.000|42.166;5:29.436|0.000|40.950;6:27.819|0.000|40.849;7:30.021|0.000|42.255;8:29.158|0.000|43.392;9:30.221|0.000|45.679;10:27.908|0.000|36.447;11:27.339|0.000|39.050;12:28.569|0.000|39.658;13:27.326|0.000|42.674;14:30.093|0.000|39.584;15:31.020|0.000|79.493;16:30.960|0.000|49.880;17:31.056|0.000|51.445;18:28.551|0.000|48.378;19:29.911|0.000|48.547;20:30.817|0.000|54.482;21:30.926|0.000|56.065;22:29.921|0.000|46.890;23:30.030|0.000|52.182;24:28.670|0.000|47.007;25:29.411|0.000|49.742;26:30.799|0.000|53.132;27:30.098|0.000|50.774;28:31.004|0.000|47.097;29:31.076|0.000|48.326"
41.651,"auto_faster_pedestrians",32.1031,0.0400,31.6072,0.0000,0.2920,20.0660,34.1147,31.5412,1.5858,6.4369,0,30,"0:29.936|0.000|37.747;1:28.371|0.000|45.013;2:30.113|0.000|44.310;3:28.318|0.000|38.291;4:28.440|0.000|42.264;5:29.432|0.000|41.037;6:27.812|0.000|40.943;7:30.004|0.000|42.353;8:29.155|0.000|43.484;9:30.218|0.000|45.773;10:27.932|0.000|36.510;11:27.330|0.000|39.143;12:28.570|0.000|39.755;13:27.321|0.000|42.764;14:30.099|0.000|39.666;15:31.086|0.000|79.588;16:30.960|0.000|49.788;17:31.056|0.000|51.354;18:28.546|0.000|48.284;19:29.907|0.000|48.453;20:30.812|0.000|54.396;21:30.927|0.000|55.976;22:29.928|0.000|46.799;23:30.032|0.000|52.095;24:28.679|0.000|46.907;25:29.416|0.000|49.650;26:30.799|0.000|53.042;27:30.099|0.000|50.686;28:31.006|0.000|47.011;29:31.072|0.000|48.233"
41.752,"auto_faster_pedestrians",32.1031,0.0400,31.5918,0.0000,0.2920,20.0660,34.1095,31.5258,1.5858,6.4842,0,30,"0:29.936|0.000|37.825;1:28.371|0.000|45.091;2:30.113|0.000|44.384;3:28.321|0.000|38.375;4:28.438|0.000|42.343;5:29.429|0.000|41.110;6:27.807|0.000|41.019;7:29.990|0.000|42.431;8:29.153|0.000|43.564;9:30.216|0.000|45.852;10:27.950|0.000|36.571;11:27.321|0.000|39.221;12:28.569|0.000|39.836;13:27.318|0.000|42.841;14:30.105|0.000|39.741;15:31.124|0.000|79.656;16:30.961|0.000|49.705;17:31.056|0.000|51.278;18:28.541|0.000|48.207;19:29.904|0.000|48.375;20:30.807|0.000|54.328;21:30.927|0.000|55.900;22:29.932|0.000|46.724;23:30.033|0.000|52.015;24:28.688|0.000|46.825;25:29.420|0.000|49.574;26:30.799|0.000|52.970;27:30.101|0.000|50.605;28:31.011|0.000|46.934;29:31.069|0.000|48.155"
41.860,"auto_faster_pedestrians",32.1031,0.0400,31.5763,0.0000,0.2920,20.0660,34.1042,31.5103,1.5858,6.5392,0,30,"0:29.937|0.000|37.898;1:28.371|0.000|45.172;2:30.114|0.000|44.467;3:28.323|0.000|38.458;4:28.437|0.000|42.420;5:29.426|0.000|41.178;6:27.803|0.000|41.095;7:29.978|0.000|42.508;8:29.153|0.000|43.639;9:30.217|0.000|45.928;10:27.969|0.000|36.643;11:27.312|0.000|39.297;12:28.567|0.000|39.915;13:27.316|0.000|42.919;14:30.110|0.000|39.819;15:31.158|0.000|79.719;16:30.963|0.000|49.621;17:31.057|0.000|51.205;18:28.536|0.000|48.131;19:29.901|0.000|48.301;20:30.805|0.000|54.257;21:30.926|0.000|55.828;22:29.934|0.000|46.648;23:30.035|0.000|51.934;24:28.696|0.000|46.747;25:29.425|0.000|49.503;26:30.798|0.000|52.898;27:30.103|0.000|50.524;28:31.018|0.000|46.851;29:31.066|0.000|48.083"
41.967,"auto_faster_pedestrians",32.1031,0.0400,31.5594,0.0000,0.2920,20.0660,34.0985,31.4934,1.5858,6.6053,0,30,"0:29.939|0.000|37.986;1:28.372|0.000|45.254;2:30.114|0.000|44.558;3:28.326|0.000|38.544;4:28.436|0.000|42.504;5:29.421|0.000|41.258;6:27.799|0.000|41.177;7:29.964|0.000|42.592;8:29.154|0.000|43.726;9:30.222|0.000|46.018;10:27.991|0.000|36.728;11:27.303|0.000|39.381;12:28.565|0.000|40.000;13:27.315|0.000|42.999;14:30.115|0.000|39.903;15:31.198|0.000|79.796;16:30.965|0.000|49.533;17:31.059|0.000|51.125;18:28.532|0.000|48.050;19:29.901|0.000|48.215;20:30.802|0.000|54.175;21:30.924|0.000|55.742;22:29.931|0.000|46.564;23:30.039|0.000|51.846;24:28.705|0.000|46.664;25:29.432|0.000|49.419;26:30.797|0.000|52.819;27:30.107|0.000|50.438;28:31.037|0.000|46.744;29:31.066|0.000|47.998"
42.085,"auto_faster_pedestrians",32.1031,0.0400,31.5408,0.0000,0.2920,20.0660,34.0923,31.4748,1.5858,6.6807,0,30,"0:29.940|0.000|38.084;1:28.373|0.000|45.352;2:30.111|0.000|44.656;3:28.330|0.000|38.635;4:28.435|0.000|42.596;5:29.414|0.000|41.350;6:27.796|0.000|41.268;7:29.951|0.000|42.684;8:29.154|0.000|43.825;9:30.314|0.000|46.192;10:28.012|0.000|36.822;11:27.294|0.000|39.468;12:28.562|0.000|40.091;13:27.316|0.000|43.092;14:30.120|0.000|39.993;15:31.237|0.000|79.881;16:30.966|0.000|49.442;17:31.062|0.000|51.032;18:28.528|0.000|47.963;19:29.902|0.000|48.114;20:30.800|0.000|54.080;21:30.923|0.000|55.647;22:30.035|0.000|46.705;23:30.043|0.000|51.753;24:28.715|0.000|46.575;25:29.441|0.000|49.323;26:30.795|0.000|52.731;27:30.110|0.000|50.346;28:31.064|0.000|46.622;29:31.067|0.000|47.899"
42.193,"auto_faster_pedestrians",32.1031,0.0400,31.5238,0.0000,0.2920,20.0660,34.0866,31.4578,1.5858,6.7484,0,30,"0:29.939|0.000|38.172;1:28.372|0.000|45.442;2:30.108|0.000|44.743;3:28.333|0.000|38.717;4:28.435|0.000|42.683;5:29.405|0.000|41.439;6:27.794|0.000|41.352;7:29.941|0.000|42.771;8:29.152|0.000|43.915;9:30.381|0.000|46.217;10:28.035|0.000|36.908;11:27.284|0.000|39.548;12:28.558|0.000|40.171;13:27.316|0.000|43.181;14:30.124|0.000|40.073;15:31.267|0.000|79.958;16:30.966|0.000|49.360;17:31.068|0.000|50.941;18:28.526|0.000|47.878;19:29.910|0.000|48.014;20:30.799|0.000|53.996;21:30.923|0.000|55.562;22:30.049|0.000|46.795;23:30.047|0.000|51.670;24:28.724|0.000|46.493;25:29.451|0.000|49.231;26:30.792|0.000|52.653;27:30.112|0.000|50.263;28:31.101|0.000|46.526;29:31.071|0.000|47.805"
42.303,"auto_faster_pedestrians",32.1031,0.0400,31.5068,0.0000,0.2920,20.0660,34.0808,31.4408,1.5858,6.8097,0,30,"0:29.937|0.000|38.259;1:28.368|0.000|45.531;2:30.104|0.000|44.828;3:28.337|0.000|38.799;4:28.437|0.000|42.764;5:29.398|0.000|41.522;6:27.794|0.000|41.432;7:29.933|0.000|42.851;8:29.150|0.000|44.002;9:30.446|0.000|46.213;10:28.065|0.000|36.990;11:27.272|0.000|39.633;12:28.553|0.000|40.251;13:27.314|0.000|43.268;14:30.128|0.000|40.153;15:31.295|0.000|80.036;16:30.967|0.000|49.278;17:31.073|0.000|50.853;18:28.526|0.000|47.787;19:29.919|0.000|47.912;20:30.797|0.000|53.916;21:30.922|0.000|55.479;22:29.965|0.000|46.790;23:30.051|0.000|51.587;24:28.733|0.000|46.409;25:29.460|0.000|49.146;26:30.788|0.000|52.575;27:30.115|0.000|50.182;28:31.154|0.000|46.487;29:31.076|0.000|47.717"
42.412,"auto_faster_pedestrians",32.1031,0.0400,31.4898,0.0000,0.2920,20.0660,34.0751,31.4238,1.5858,6.8705,0,30,"0:29.936|0.000|38.345;1:28.362|0.000|45.618;2:30.098|0.000|44.914;3:28.341|0.000|38.883;4:28.440|0.000|42.854;5:29.392|0.000|41.604;6:27.795|0.000|41.521;7:29.926|0.000|42.941;8:29.149|0.000|44.089;9:30.530|0.000|46.228;10:28.095|0.000|37.070;11:27.259|0.000|39.725;12:28.547|0.000|40.338;13:27.313|0.000|43.354;14:30.132|0.000|40.231;15:31.320|0.000|80.114;16:30.967|0.000|49.194;17:31.077|0.000|50.767;18:28.528|0.000|47.696;19:29.922|0.000|47.818;20:30.794|0.000|53.837;21:30.922|0.000|55.396;22:29.885|0.000|46.798;23:30.055|0.000|51.508;24:28.745|0.000|46.328;25:29.469|0.000|49.061;26:30.784|0.000|52.489;27:30.119|0.000|50.102;28:31.241|0.000|46.457;29:31.082|0.000|47.630"
42.515,"auto_faster_pedestrians",32.1031,0.0400,31.4744,0.0000,0.2920,20.0660,34.0700,31.4084,1.5858,6.9187,0,30,"0:29.934|0.000|38.423;1:28.368|0.000|45.654;2:30.091|0.000|44.988;3:28.346|0.000|38.960;4:28.442|0.000|42.937;5:29.387|0.000|41.677;6:27.794|0.000|41.603;7:29.919|0.000|43.024;8:29.146|0.000|44.168;9:30.601|0.000|46.249;10:28.116|0.000|37.129;11:27.247|0.000|39.806;12:28.539|0.000|40.422;13:27.312|0.000|43.431;14:30.134|0.000|40.302;15:31.339|0.000|80.186;16:30.966|0.000|49.116;17:31.079|0.000|50.692;18:28.530|0.000|47.617;19:29.922|0.000|47.739;20:30.792|0.000|53.766;21:30.922|0.000|55.321;22:29.817|0.000|46.801;23:30.060|0.000|51.432;24:28.795|0.000|46.240;25:29.476|0.000|48.986;26:30.781|0.000|52.412;27:30.123|0.000|50.025;28:31.318|0.000|46.430;29:31.087|0.000|47.552"
42.616,"auto_faster_pedestrians",32.1031,0.0400,31.4589,0.0000,0.2920,20.0660,34.0648,31.3929,1.5858,6.9724,0,30,"0:29.931|0.000|38.495;1:28.363|0.000|45.660;2:30.081|0.000|45.064;3:28.351|0.000|39.032;4:28.442|0.000|43.018;5:29.382|0.000|41.748;6:27.792|0.000|41.681;7:29.911|0.000|43.105;8:29.147|0.000|44.229;9:30.731|0.000|46.339;10:28.128|0.000|37.187;11:27.237|0.000|39.883;12:28.531|0.000|40.503;13:27.312|0.000|43.506;14:30.135|0.000|40.376;15:31.356|0.000|80.213;16:30.964|0.000|49.044;17:31.081|0.000|50.619;18:28.531|0.000|47.542;19:29.921|0.000|47.673;20:30.788|0.000|53.696;21:30.922|0.000|55.252;22:29.752|0.000|46.794;23:30.067|0.000|51.352;24:28.873|0.000|46.192;25:29.484|0.000|48.912;26:30.779|0.000|52.337;27:30.129|0.000|49.945;28:31.385|0.000|46.407;29:31.092|0.000|47.476"
42.729,"auto_faster_pedestrians",32.1031,0.0400,31.4419,0.0000,0.2920,20.0660,34.0591,31.3759,1.5858,7.0412,0,30,"0:29.926|0.000|38.580;1:28.289|0.000|45.689;2:30.068|0.000|45.154;3:28.359|0.000|39.120;4:28.442|0.000|43.105;5:29.378|0.000|41.828;6:27.791|0.000|41.766;7:29.900|0.000|43.192;8:29.143|0.000|44.299;9:30.904|0.000|46.123;10:28.144|0.000|37.264;11:27.227|0.000|39.966;12:28.523|0.000|40.589;13:27.310|0.000|43.586;14:30.135|0.000|40.464;15:31.366|0.000|80.253;16:30.962|0.000|48.956;17:31.083|0.000|50.537;18:28.534|0.000|47.459;19:29.919|0.000|47.621;20:30.784|0.000|53.616;21:30.924|0.000|55.170;22:29.674|0.000|46.750;23:30.076|0.000|51.260;24:28.913|0.000|46.209;25:29.492|0.000|48.829;26:30.777|0.000|52.256;27:30.137|0.000|49.853;28:31.449|0.000|46.381;29:31.096|0.000|47.393"
42.838,"auto_faster_pedestrians",32.1031,0.0400,31.4249,0.0000,0.2920,20.0660,34.0534,31.3589,1.5858,7.1153,0,30,"0:29.919|0.000|38.670;1:28.181|0.000|45.725;2:30.051|0.000|45.247;3:28.365|0.000|39.207;4:28.443|0.000|43.189;5:29.374|0.000|41.910;6:27.791|0.000|41.849;7:29.891|0.000|43.277;8:29.130|0.000|44.379;9:30.840|0.000|46.181;10:28.159|0.000|37.347;11:27.218|0.000|40.046;12:28.516|0.000|40.671;13:27.308|0.000|43.667;14:30.134|0.000|40.552;15:31.354|0.000|80.337;16:30.960|0.000|48.868;17:31.084|0.000|50.454;18:28.536|0.000|47.376;19:29.922|0.000|47.587;20:30.779|0.000|53.538;21:30.926|0.000|55.085;22:29.599|0.000|46.715;23:30.084|0.000|51.173;24:28.976|0.000|46.177;25:29.499|0.000|48.745;26:30.775|0.000|52.177;27:30.143|0.000|49.768;28:31.535|0.000|46.361;29:31.103|0.000|47.304"
42.944,"auto_faster_pedestrians",32.1031,0.0400,31.4079,0.0000,0.2920,20.0660,34.0478,31.3419,1.5858,7.1908,0,30,"0:29.910|0.000|38.764;1:28.088|0.000|45.750;2:30.031|0.000|45.341;3:28.370|0.000|39.294;4:28.443|0.000|43.275;5:29.372|0.000|41.988;6:27.790|0.000|41.931;7:29.880|0.000|43.362;8:29.115|0.000|44.471;9:30.760|0.000|46.219;10:28.176|0.000|37.432;11:27.210|0.000|40.129;12:28.510|0.000|40.753;13:27.304|0.000|43.755;14:30.133|0.000|40.637;15:31.341|0.000|80.415;16:30.961|0.000|48.781;17:31.084|0.000|50.372;18:28.538|0.000|47.292;19:29.948|0.000|47.539;20:30.772|0.000|53.461;21:30.931|0.000|54.994;22:29.514|0.000|46.651;23:30.091|0.000|51.089;24:29.022|0.000|46.076;25:29.505|0.000|48.666;26:30.774|0.000|52.097;27:30.148|0.000|49.685;28:31.651|0.000|46.292;29:31.105|0.000|47.223"
43.047,"auto_faster_pedestrians",32.1031,0.0400,31.3925,0.0000,0.2920,20.0660,34.0426,31.3265,1.5858,7.2580,0,30,"0:29.902|0.000|38.846;1:27.997|0.000|45.788;2:30.013|0.000|45.428;3:28.375|0.000|39.371;4:28.442|0.000|43.347;5:29.372|0.000|42.061;6:27.788|0.000|42.002;7:29.871|0.000|43.435;8:29.098|0.000|44.557;9:30.638|0.000|46.301;10:28.194|0.000|37.508;11:27.204|0.000|40.205;12:28.505|0.000|40.828;13:27.299|0.000|43.839;14:30.133|0.000|40.711;15:31.322|0.000|80.480;16:30.961|0.000|48.704;17:31.082|0.000|50.299;18:28.539|0.000|47.215;19:29.978|0.000|47.492;20:30.765|0.000|53.386;21:30.935|0.000|54.916;22:29.429|0.000|46.546;23:30.096|0.000|51.014;24:29.058|0.000|45.947;25:29.511|0.000|48.587;26:30.773|0.000|52.030;27:30.153|0.000|49.611;28:31.723|0.000|46.225;29:31.110|0.000|47.138"
43.161,"auto_faster_pedestrians",32.1031,0.0400,31.3740,0.0000,0.2920,20.0660,34.0365,31.3080,1.5858,7.3373,0,30,"0:29.894|0.000|38.939;1:27.905|0.000|45.822;2:29.998|0.000|45.521;3:28.381|0.000|39.461;4:28.440|0.000|43.439;5:29.371|0.000|42.155;6:27.783|0.000|42.093;7:29.856|0.000|43.526;8:29.080|0.000|44.659;9:30.569|0.000|46.295;10:28.217|0.000|37.598;11:27.198|0.000|40.293;12:28.499|0.000|40.919;13:27.292|0.000|43.934;14:30.134|0.000|40.798;15:31.294|0.000|80.560;16:30.961|0.000|48.614;17:31.081|0.000|50.203;18:28.537|0.000|47.126;19:30.011|0.000|47.436;20:30.758|0.000|53.296;21:30.938|0.000|54.826;22:29.371|0.000|46.395;23:30.103|0.000|50.925;24:29.061|0.000|45.858;25:29.520|0.000|48.489;26:30.774|0.000|51.943;27:30.159|0.000|49.523;28:31.758|0.000|46.136;29:31.135|0.000|47.018"
43.273,"auto_faster_pedestrians",32.1031,0.0400,31.3570,0.0000,0.2920,20.0660,34.0308,31.2910,1.5858,7.4094,0,30,"0:29.887|0.000|39.023;1:27.831|0.000|45.849;2:29.981|0.000|45.606;3:28.386|0.000|39.544;4:28.435|0.000|43.529;5:29.368|0.000|42.240;6:27.777|0.000|42.184;7:29.840|0.000|43.615;8:29.065|0.000|44.748;9:30.495|0.000|46.311;10:28.238|0.000|37.678;11:27.195|0.000|40.377;12:28.495|0.000|41.000;13:27.287|0.000|44.018;14:30.134|0.000|40.878;15:31.260|0.000|80.632;16:30.961|0.000|48.532;17:31.082|0.000|50.116;18:28.536|0.000|47.038;19:30.046|0.000|47.373;20:30.753|0.000|53.214;21:30.940|0.000|54.746;22:29.462|0.000|46.304;23:30.108|0.000|50.843;24:29.057|0.000|45.780;25:29.531|0.000|48.401;26:30.777|0.000|51.857;27:30.163|0.000|49.440;28:31.749|0.000|46.054;29:31.160|0.000|46.917"
43.380,"auto_faster_pedestrians",32.1031,0.0400,31.3400,0.0000,0.2920,20.0660,34.0252,31.2740,1.5858,7.4881,0,30,"0:29.880|0.000|39.108;1:27.755|0.000|45.882;2:29.951|0.000|45.702;3:28.391|0.000|39.622;4:28.429|0.000|43.623;5:29.366|0.000|42.323;6:27.769|0.000|42.275;7:29.821|0.000|43.708;8:29.048|0.000|44.825;9:30.416|0.000|46.350;10:28.255|0.000|37.763;11:27.192|0.000|40.466;12:28.492|0.000|41.084;13:27.282|0.000|44.100;14:30.136|0.000|40.959;15:31.217|0.000|80.701;16:30.962|0.000|48.456;17:31.084|0.000|50.030;18:28.536|0.000|46.948;19:30.088|0.000|47.301;20:30.747|0.000|53.134;21:30.941|0.000|54.665;22:29.506|0.000|46.302;23:30.113|0.000|50.757;24:29.056|0.000|45.712;25:29.539|0.000|48.315;26:30.780|0.000|51.769;27:30.168|0.000|49.356;28:31.740|0.000|45.968;29:31.180|0.000|46.827"
43.481,"auto_faster_pedestrians",32.1031,0.0400,31.3245,0.0000,0.2920,20.0660,34.0201,31.2585,1.5858,7.5644,0,30,"0:29.874|0.000|39.185;1:27.682|0.000|45.913;2:29.930|0.000|45.793;3:28.393|0.000|39.698;4:28.424|0.000|43.704;5:29.364|0.000|42.398;6:27.763|0.000|42.353;7:29.804|0.000|43.788;8:29.038|0.000|44.874;9:30.350|0.000|46.401;10:28.267|0.000|37.844;11:27.187|0.000|40.546;12:28.489|0.000|41.165;13:27.278|0.000|44.175;14:30.137|0.000|41.035;15:31.176|0.000|80.757;16:30.965|0.000|48.386;17:31.086|0.000|49.954;18:28.538|0.000|46.868;19:30.126|0.000|47.234;20:30.742|0.000|53.063;21:30.942|0.000|54.591;22:29.560|0.000|46.290;23:30.116|0.000|50.685;24:29.011|0.000|45.612;25:29.544|0.000|48.242;26:30.783|0.000|51.693;27:30.170|0.000|49.283;28:31.725|0.000|45.894;29:31.197|0.000|46.757"
43.585,"auto_faster_pedestrians",32.1031,0.0400,31.3091,0.0000,0.2920,20.0660,34.0150,31.2431,1.5858,7.6426,0,30,"0:29.868|0.000|39.265;1:27.607|0.000|45.945;2:29.955|0.000|45.857;3:28.395|0.000|39.778;4:28.418|0.000|43.783;5:29.362|0.000|42.472;6:27.757|0.000|42.429;7:29.788|0.000|43.866;8:29.033|0.000|44.894;9:30.205|0.000|46.560;10:28.278|0.000|37.926;11:27.182|0.000|40.624;12:28.485|0.000|41.245;13:27.274|0.000|44.251;14:30.140|0.000|41.106;15:31.139|0.000|80.804;16:30.972|0.000|48.306;17:31.088|0.000|49.878;18:28.540|0.000|46.790;19:30.170|0.000|47.172;20:30.738|0.000|52.991;21:30.942|0.000|54.514;22:29.602|0.000|46.190;23:30.117|0.000|50.606;24:28.954|0.000|45.541;25:29.550|0.000|48.171;26:30.786|0.000|51.619;27:30.173|0.000|49.203;28:31.725|0.000|45.846;29:31.219|0.000|46.689"
43.691,"auto_faster_pedestrians",32.1031,0.0400,31.2921,0.0000,0.2920,20.0660,34.0094,31.2261,1.5858,7.7251,0,30,"0:29.864|0.000|39.347;1:27.531|0.000|45.983;2:29.966|0.000|45.681;3:28.396|0.000|39.871;4:28.412|0.000|43.867;5:29.360|0.000|42.550;6:27.752|0.000|42.511;7:29.771|0.000|43.949;8:29.015|0.000|44.909;9:30.192|0.000|46.581;10:28.290|0.000|38.010;11:27.177|0.000|40.709;12:28.479|0.000|41.331;13:27.269|0.000|44.336;14:30.145|0.000|41.190;15:31.097|0.000|80.853;16:30.983|0.000|48.211;17:31.092|0.000|49.797;18:28.539|0.000|46.712;19:30.238|0.000|47.130;20:30.733|0.000|52.917;21:30.940|0.000|54.436;22:29.539|0.000|46.086;23:30.120|0.000|50.517;24:28.909|0.000|45.558;25:29.559|0.000|48.099;26:30.787|0.000|51.540;27:30.177|0.000|49.115;28:31.717|0.000|45.792;29:31.255|0.000|46.611"
43.803,"auto_faster_pedestrians",32.1031,0.0400,31.2751,0.0000,0.2920,20.0660,34.0038,31.2091,1.5858,7.8056,0,30,"0:29.860|0.000|39.437;1:27.462|0.000|46.025;2:30.096|0.000|45.679;3:28.396|0.000|39.959;4:28.405|0.000|43.951;5:29.356|0.000|42.628;6:27.746|0.000|42.594;7:29.753|0.000|44.032;8:28.982|0.000|44.916;9:30.221|0.000|46.686;10:28.302|0.000|38.093;11:27.172|0.000|40.792;12:28.473|0.000|41.416;13:27.267|0.000|44.413;14:30.148|0.000|41.277;15:31.055|0.000|80.895;16:30.993|0.000|48.117;17:31.095|0.000|49.723;18:28.541|0.000|46.634;19:30.421|0.000|47.083;20:30.730|0.000|52.839;21:30.938|0.000|54.352;22:29.482|0.000|46.034;23:30.125|0.000|50.429;24:28.858|0.000|45.596;25:29.573|0.000|48.019;26:30.789|0.000|51.461;27:30.184|0.000|49.027;28:31.692|0.000|45.719;29:31.295|0.000|46.526"
43.904,"auto_faster_pedestrians",32.1031,0.0400,31.2596,0.0000,0.2920,20.0660,33.9987,31.1936,1.5858,7.8781,0,30,"0:29.856|0.000|39.520;1:27.406|0.000|46.065;2:30.144|0.000|45.670;3:28.397|0.000|40.037;4:28.398|0.000|44.029;5:29.350|0.000|42.704;6:27.742|0.000|42.670;7:29.737|0.000|44.109;8:28.944|0.000|44.912;9:30.284|0.000|46.529;10:28.313|0.000|38.166;11:27.167|0.000|40.866;12:28.468|0.000|41.492;13:27.262|0.000|44.491;14:30.151|0.000|41.356;15:31.014|0.000|80.926;16:31.000|0.000|48.032;17:31.102|0.000|49.650;18:28.548|0.000|46.564;19:30.543|0.000|47.095;20:30.728|0.000|52.763;21:30.935|0.000|54.272;22:29.449|0.000|45.976;23:30.129|0.000|50.351;24:28.786|0.000|45.589;25:29.586|0.000|47.945;26:30.790|0.000|51.388;27:30.190|0.000|48.950;28:31.682|0.000|45.657;29:31.318|0.000|46.479"
44.016,"auto_faster_pedestrians",32.1031,0.0400,31.2426,0.0000,0.2920,20.0660,33.9931,31.1766,1.5858,7.9578,0,30,"0:29.849|0.000|39.610;1:27.345|0.000|46.117;2:30.184|0.000|45.667;3:28.399|0.000|40.119;4:28.388|0.000|44.115;5:29.342|0.000|42.792;6:27.737|0.000|42.754;7:29.719|0.000|44.194;8:28.892|0.000|44.907;9:30.252|0.000|46.523;10:28.324|0.000|38.246;11:27.160|0.000|40.946;12:28.462|0.000|41.573;13:27.253|0.000|44.582;14:30.152|0.000|41.440;15:30.969|0.000|80.949;16:31.005|0.000|47.947;17:31.116|0.000|49.561;18:28.561|0.000|46.474;19:30.578|0.000|47.142;20:30.727|0.000|52.676;21:30.934|0.000|54.186;22:29.392|0.000|45.906;23:30.132|0.000|50.268;24:28.704|0.000|45.586;25:29.596|0.000|47.864;26:30.790|0.000|51.306;27:30.197|0.000|48.868;28:31.667|0.000|45.580;29:31.331|0.000|46.423"
44.122,"auto_faster_pedestrians",32.1031,0.0400,31.2256,0.0000,0.2920,20.0660,33.9875,31.1596,1.5858,8.0387,0,30,"0:29.843|0.000|39.697;1:27.298|0.000|46.163;2:30.250|0.000|45.629;3:28.401|0.000|40.201;4:28.379|0.000|44.187;5:29.332|0.000|42.881;6:27.733|0.000|42.833;7:29.703|0.000|44.275;8:28.822|0.000|44.914;9:30.188|0.000|46.536;10:28.337|0.000|38.327;11:27.151|0.000|41.031;12:28.455|0.000|41.653;13:27.244|0.000|44.672;14:30.155|0.000|41.523;15:30.912|0.000|80.976;16:31.007|0.000|47.887;17:31.129|0.000|49.469;18:28.565|0.000|46.391;19:30.631|0.000|47.201;20:30.726|0.000|52.592;21:30.933|0.000|54.102;22:29.278|0.000|45.714;23:30.136|0.000|50.184;24:28.620|0.000|45.574;25:29.606|0.000|47.784;26:30.790|0.000|51.229;27:30.202|0.000|48.793;28:31.649|0.000|45.498;29:31.341|0.000|46.359"
44.232,"auto_faster_pedestrians",32.1031,0.0400,31.2086,0.0000,0.2920,20.0660,33.9819,31.1426,1.5858,8.1207,0,30,"0:29.837|0.000|39.783;1:27.253|0.000|46.216;2:30.326|0.000|45.600;3:28.403|0.000|40.284;4:28.309|0.000|44.290;5:29.321|0.000|42.964;6:27.725|0.000|42.923;7:29.688|0.000|44.362;8:28.745|0.000|44.927;9:30.121|0.000|46.546;10:28.349|0.000|38.410;11:27.141|0.000|41.123;12:28.445|0.000|41.738;13:27.236|0.000|44.762;14:30.156|0.000|41.605;15:30.845|0.000|81.011;16:31.009|0.000|47.862;17:31.139|0.000|49.380;18:28.577|0.000|46.291;19:30.634|0.000|47.206;20:30.725|0.000|52.511;21:30.932|0.000|54.019;22:29.274|0.000|45.617;23:30.141|0.000|50.105;24:28.574|0.000|45.573;25:29.615|0.000|47.704;26:30.788|0.000|51.147;27:30.211|0.000|48.717;28:31.629|0.000|45.415;29:31.345|0.000|46.287"
44.342,"auto_faster_pedestrians",32.1031,0.0400,31.1917,0.0000,0.2920,20.0660,33.9763,31.1257,1.5858,8.1985,0,30,"0:29.831|0.000|39.869;1:27.205|0.000|46.284;2:30.402|0.000|45.571;3:28.406|0.000|40.370;4:28.243|0.000|44.322;5:29.310|0.000|43.046;6:27.715|0.000|43.016;7:29.671|0.000|44.452;8:28.664|0.000|44.945;9:30.048|0.000|46.550;10:28.363|0.000|38.487;11:27.130|0.000|41.212;12:28.433|0.000|41.829;13:27.231|0.000|44.845;14:30.158|0.000|41.684;15:30.764|0.000|81.057;16:31.035|0.000|47.846;17:31.146|0.000|49.293;18:28.594|0.000|46.185;19:30.603|0.000|47.140;20:30.723|0.000|52.432;21:30.931|0.000|53.937;22:29.321|0.000|45.615;23:30.147|0.000|50.023;24:28.507|0.000|45.546;25:29.624|0.000|47.623;26:30.788|0.000|51.061;27:30.222|0.000|48.638;28:31.607|0.000|45.330;29:31.350|0.000|46.211"
44.458,"auto_faster_pedestrians",32.1031,0.0400,31.1747,0.0000,0.2920,20.0660,33.9708,31.1087,1.5858,8.2837,0,30,"0:29.824|0.000|39.950;1:27.162|0.000|46.364;2:30.474|0.000|45.534;3:28.409|0.000|40.450;4:28.201|0.000|44.289;5:29.298|0.000|43.128;6:27.702|0.000|43.108;7:29.647|0.000|44.545;8:28.577|0.000|44.963;9:29.967|0.000|46.562;10:28.378|0.000|38.574;11:27.120|0.000|41.298;12:28.420|0.000|41.919;13:27.227|0.000|44.922;14:30.158|0.000|41.764;15:30.687|0.000|81.101;16:31.081|0.000|47.834;17:31.153|0.000|49.210;18:28.628|0.000|46.080;19:30.676|0.000|47.130;20:30.720|0.000|52.354;21:30.930|0.000|53.859;22:29.402|0.000|45.509;23:30.155|0.000|49.934;24:28.439|0.000|45.520;25:29.632|0.000|47.541;26:30.790|0.000|50.975;27:30.235|0.000|48.553;28:31.581|0.000|45.241;29:31.360|0.000|46.129"
44.558,"auto_faster_pedestrians",32.1031,0.0400,31.1592,0.0000,0.2920,20.0660,33.9657,31.0932,1.5858,8.3625,0,30,"0:29.816|0.000|40.028;1:27.123|0.000|46.441;2:30.530|0.000|45.508;3:28.413|0.000|40.528;4:28.143|0.000|44.267;5:29.287|0.000|43.203;6:27.694|0.000|43.188;7:29.627|0.000|44.627;8:28.499|0.000|44.972;9:29.890|0.000|46.574;10:28.391|0.000|38.653;11:27.112|0.000|41.374;12:28.410|0.000|41.997;13:27.219|0.000|44.979;14:30.157|0.000|41.842;15:30.619|0.000|81.136;16:31.119|0.000|47.843;17:31.160|0.000|49.138;18:28.694|0.000|46.095;19:30.752|0.000|47.051;20:30.718|0.000|52.283;21:30.931|0.000|53.785;22:29.449|0.000|45.489;23:30.164|0.000|49.849;24:28.416|0.000|45.553;25:29.639|0.000|47.465;26:30.792|0.000|50.899;27:30.245|0.000|48.477;28:31.562|0.000|45.165;29:31.361|0.000|46.058"
44.667,"auto_faster_pedestrians",32.1031,0.0400,31.1422,0.0000,0.2920,20.0660,33.9602,31.0762,1.5858,8.4490,0,30,"0:29.806|0.000|40.118;1:27.079|0.000|46.521;2:30.580|0.000|45.494;3:28.415|0.000|40.616;4:28.062|0.000|44.273;5:29.274|0.000|43.286;6:27.689|0.000|43.266;7:29.612|0.000|44.706;8:28.406|0.000|44.973;9:29.803|0.000|46.587;10:28.403|0.000|38.738;11:27.104|0.000|41.456;12:28.400|0.000|42.080;13:27.203|0.000|45.043;14:30.154|0.000|41.933;15:30.580|0.000|81.152;16:31.194|0.000|47.829;17:31.169|0.000|49.066;18:28.774|0.000|46.080;19:30.822|0.000|46.975;20:30.715|0.000|52.203;21:30.932|0.000|53.700;22:29.513|0.000|45.474;23:30.173|0.000|49.761;24:28.354|0.000|45.564;25:29.646|0.000|47.381;26:30.795|0.000|50.817;27:30.254|0.000|48.397;28:31.543|0.000|45.087;29:31.359|0.000|45.980"
44.772,"auto_faster_pedestrians",32.1031,0.0400,31.1252,0.0000,0.2920,20.0660,33.9546,31.0592,1.5858,8.5347,0,30,"0:29.793|0.000|40.213;1:27.031|0.000|46.607;2:30.641|0.000|45.485;3:28.415|0.000|40.705;4:27.977|0.000|44.272;5:29.261|0.000|43.368;6:27.682|0.000|43.329;7:29.611|0.000|44.753;8:28.289|0.000|44.950;9:29.719|0.000|46.594;10:28.413|0.000|38.821;11:27.096|0.000|41.538;12:28.389|0.000|42.162;13:27.178|0.000|45.109;14:30.151|0.000|42.023;15:30.568|0.000|81.152;16:31.274|0.000|47.808;17:31.182|0.000|48.995;18:28.794|0.000|46.065;19:30.884|0.000|46.889;20:30.710|0.000|52.125;21:30.936|0.000|53.609;22:29.600|0.000|45.467;23:30.182|0.000|49.677;24:28.259|0.000|45.600;25:29.650|0.000|47.302;26:30.798|0.000|50.737;27:30.264|0.000|48.316;28:31.522|0.000|45.003;29:31.357|0.000|45.902"
44.879,"auto_faster_pedestrians",32.1031,0.0400,31.1098,0.0000,0.2920,20.0660,33.9496,31.0438,1.5858,8.6122,0,30,"0:29.783|0.000|40.295;1:27.006|0.000|46.656;2:30.686|0.000|45.487;3:28.413|0.000|40.783;4:27.897|0.000|44.264;5:29.249|0.000|43.443;6:27.672|0.000|43.370;7:29.618|0.000|44.754;8:28.220|0.000|44.924;9:29.640|0.000|46.597;10:28.422|0.000|38.896;11:27.090|0.000|41.615;12:28.384|0.000|42.233;13:27.158|0.000|45.172;14:30.148|0.000|42.102;15:30.554|0.000|81.152;16:31.344|0.000|47.783;17:31.193|0.000|48.931;18:28.833|0.000|46.071;19:30.926|0.000|46.810;20:30.705|0.000|52.055;21:30.939|0.000|53.529;22:29.698|0.000|45.461;23:30.189|0.000|49.602;24:28.193|0.000|45.635;25:29.668|0.000|47.209;26:30.799|0.000|50.670;27:30.272|0.000|48.242;28:31.504|0.000|44.924;29:31.362|0.000|45.839"
44.989,"auto_faster_pedestrians",32.1031,0.0400,31.0928,0.0000,0.2920,20.0660,33.9441,31.0268,1.5858,8.6986,0,30,"0:29.772|0.000|40.382;1:26.995|0.000|46.708;2:30.715|0.000|45.506;3:28.411|0.000|40.869;4:27.819|0.000|44.230;5:29.224|0.000|43.538;6:27.653|0.000|43.409;7:29.613|0.000|44.743;8:28.165|0.000|44.905;9:29.472|0.000|46.550;10:28.430|0.000|38.978;11:27.084|0.000|41.699;12:28.379|0.000|42.308;13:27.130|0.000|45.247;14:30.145|0.000|42.185;15:30.532|0.000|81.152;16:31.409|0.000|47.746;17:31.202|0.000|48.862;18:28.886|0.000|46.070;19:30.959|0.000|46.731;20:30.699|0.000|51.971;21:30.941|0.000|53.444;22:29.784|0.000|45.460;23:30.198|0.000|49.519;24:28.116|0.000|45.677;25:29.818|0.000|47.086;26:30.803|0.000|50.597;27:30.281|0.000|48.160;28:31.488|0.000|44.837;29:31.431|0.000|45.728"
45.098,"auto_faster_pedestrians",32.1031,0.0400,31.0758,0.0000,0.2920,20.0660,33.9386,31.0098,1.5858,8.7809,0,30,"0:29.763|0.000|40.467;1:26.985|0.000|46.774;2:30.721|0.000|45.519;3:28.408|0.000|40.952;4:27.755|0.000|44.221;5:29.199|0.000|43.631;6:27.610|0.000|43.453;7:29.584|0.000|44.717;8:28.126|0.000|44.899;9:29.415|0.000|46.511;10:28.435|0.000|39.054;11:27.080|0.000|41.781;12:28.370|0.000|42.381;13:27.099|0.000|45.325;14:30.143|0.000|42.267;15:30.429|0.000|81.137;16:31.455|0.000|47.711;17:31.211|0.000|48.783;18:28.974|0.000|46.034;19:30.977|0.000|46.674;20:30.694|0.000|51.887;21:30.943|0.000|53.363;22:29.866|0.000|45.467;23:30.206|0.000|49.436;24:28.044|0.000|45.724;25:29.863|0.000|47.122;26:30.811|0.000|50.516;27:30.288|0.000|48.079;28:31.473|0.000|44.752;29:31.485|0.000|45.693"
45.215,"auto_faster_pedestrians",32.1031,0.0400,31.0572,0.0000,0.2920,20.0660,33.9326,30.9912,1.5858,8.8777,0,30,"0:29.753|0.000|40.559;1:26.973|0.000|46.862;2:30.721|0.000|45.519;3:28.404|0.000|41.041;4:27.640|0.000|44.234;5:29.169|0.000|43.730;6:27.564|0.000|43.466;7:29.531|0.000|44.687;8:28.076|0.000|44.928;9:29.440|0.000|46.573;10:28.439|0.000|39.143;11:27.076|0.000|41.878;12:28.357|0.000|42.465;13:27.063|0.000|45.411;14:30.140|0.000|42.357;15:30.343|0.000|81.113;16:31.499|0.000|47.662;17:31.223|0.000|48.688;18:29.077|0.000|45.877;19:30.995|0.000|46.608;20:30.690|0.000|51.797;21:30.944|0.000|53.274;22:29.958|0.000|45.479;23:30.214|0.000|49.343;24:27.981|0.000|45.783;25:29.939|0.000|47.131;26:30.822|0.000|50.422;27:30.289|0.000|48.005;28:31.454|0.000|44.662;29:31.542|0.000|45.672"
45.317,"auto_faster_pedestrians",32.1031,0.0400,31.0418,0.0000,0.2920,20.0660,33.9276,30.9758,1.5858,8.9642,0,30,"0:29.746|0.000|40.637;1:26.965|0.000|46.941;2:30.742|0.000|45.536;3:28.399|0.000|41.115;4:27.506|0.000|44.327;5:29.149|0.000|43.804;6:27.518|0.000|43.467;7:29.455|0.000|44.684;8:28.060|0.000|44.950;9:29.363|0.000|46.588;10:28.440|0.000|39.223;11:27.071|0.000|41.959;12:28.345|0.000|42.539;13:27.027|0.000|45.475;14:30.138|0.000|42.433;15:30.267|0.000|81.093;16:31.545|0.000|47.593;17:31.230|0.000|48.607;18:29.087|0.000|45.808;19:31.010|0.000|46.544;20:30.686|0.000|51.724;21:30.944|0.000|53.200;22:30.029|0.000|45.488;23:30.219|0.000|49.271;24:27.939|0.000|45.826;25:30.012|0.000|47.124;26:30.831|0.000|50.342;27:30.300|0.000|47.943;28:31.438|0.000|44.587;29:31.600|0.000|45.636"
45.418,"auto_faster_pedestrians",32.1031,0.0400,31.0263,0.0000,0.2920,20.0660,33.9226,30.9603,1.5858,9.0552,0,30,"0:29.739|0.000|40.717;1:26.953|0.000|47.024;2:30.784|0.000|45.573;3:28.392|0.000|41.194;4:27.434|0.000|44.370;5:29.131|0.000|43.864;6:27.462|0.000|43.479;7:29.351|0.000|44.723;8:28.058|0.000|44.959;9:29.269|0.000|46.673;10:28.438|0.000|39.307;11:27.065|0.000|42.038;12:28.333|0.000|42.617;13:26.988|0.000|45.532;14:30.135|0.000|42.511;15:30.189|0.000|81.068;16:31.601|0.000|47.477;17:31.235|0.000|48.530;18:29.109|0.000|45.710;19:31.029|0.000|46.469;20:30.683|0.000|51.652;21:30.944|0.000|53.124;22:30.150|0.000|45.431;23:30.229|0.000|49.191;24:27.900|0.000|45.865;25:30.039|0.000|47.114;26:30.838|0.000|50.263;27:30.339|0.000|47.854;28:31.422|0.000|44.517;29:31.658|0.000|45.587"
45.525,"auto_faster_pedestrians",32.1031,0.0400,31.0094,0.0000,0.2920,20.0660,33.9171,30.9434,1.5858,9.1511,0,30,"0:29.733|0.000|40.798;1:26.935|0.000|47.120;2:30.824|0.000|45.641;3:28.383|0.000|41.286;4:27.365|0.000|44.419;5:29.109|0.000|43.911;6:27.390|0.000|43.502;7:29.262|0.000|44.759;8:28.062|0.000|44.965;9:29.191|0.000|46.719;10:28.436|0.000|39.394;11:27.060|0.000|42.122;12:28.320|0.000|42.704;13:26.950|0.000|45.582;14:30.135|0.000|42.591;15:30.108|0.000|81.023;16:31.635|0.000|47.342;17:31.244|0.000|48.454;18:29.112|0.000|45.619;19:31.051|0.000|46.385;20:30.680|0.000|51.573;21:30.943|0.000|53.043;22:30.171|0.000|45.321;23:30.240|0.000|49.102;24:27.850|0.000|45.912;25:30.107|0.000|47.010;26:30.845|0.000|50.179;27:30.389|0.000|47.773;28:31.403|0.000|44.437;29:31.712|0.000|45.525"
45.631,"auto_faster_pedestrians",32.1031,0.0400,30.9924,0.0000,0.2920,20.0660,33.9116,30.9264,1.5858,9.2449,0,30,"0:29.728|0.000|40.888;1:26.918|0.000|47.223;2:30.874|0.000|45.708;3:28.372|0.000|41.377;4:27.297|0.000|44.477;5:29.086|0.000|43.934;6:27.308|0.000|43.528;7:29.180|0.000|44.778;8:28.063|0.000|44.986;9:29.114|0.000|46.768;10:28.434|0.000|39.478;11:27.055|0.000|42.206;12:28.311|0.000|42.791;13:26.913|0.000|45.625;14:30.133|0.000|42.680;15:30.032|0.000|80.970;16:31.626|0.000|47.268;17:31.258|0.000|48.390;18:29.112|0.000|45.532;19:31.084|0.000|46.322;20:30.679|0.000|51.499;21:30.939|0.000|52.962;22:30.210|0.000|45.295;23:30.250|0.000|49.014;24:27.797|0.000|45.961;25:30.190|0.000|46.841;26:30.850|0.000|50.097;27:30.431|0.000|47.707;28:31.383|0.000|44.356;29:31.771|0.000|45.437"
45.733,"auto_faster_pedestrians",32.1031,0.0400,30.9769,0.0000,0.2920,20.0660,33.9066,30.9109,1.5858,9.3292,0,30,"0:29.723|0.000|40.971;1:26.913|0.000|47.306;2:30.914|0.000|45.783;3:28.363|0.000|41.456;4:27.235|0.000|44.532;5:29.043|0.000|43.957;6:27.233|0.000|43.553;7:29.096|0.000|44.791;8:28.065|0.000|45.013;9:29.048|0.000|46.817;10:28.432|0.000|39.553;11:27.050|0.000|42.280;12:28.304|0.000|42.863;13:26.874|0.000|45.664;14:30.131|0.000|42.762;15:30.000|0.000|80.939;16:31.617|0.000|47.191;17:31.278|0.000|48.321;18:29.110|0.000|45.471;19:31.213|0.000|46.245;20:30.679|0.000|51.427;21:30.936|0.000|52.882;22:30.230|0.000|45.240;23:30.257|0.000|48.935;24:27.754|0.000|46.003;25:30.213|0.000|46.741;26:30.856|0.000|50.024;27:30.468|0.000|47.641;28:31.357|0.000|44.273;29:31.843|0.000|45.290"
45.837,"auto_faster_pedestrians",32.1031,0.0400,30.9615,0.0000,0.2920,20.0660,33.9017,30.8955,1.5858,9.4127,0,30,"0:29.717|0.000|41.052;1:26.914|0.000|47.382;2:30.989|0.000|45.838;3:28.354|0.000|41.531;4:27.175|0.000|44.588;5:29.008|0.000|43.963;6:27.164|0.000|43.580;7:28.980|0.000|44.814;8:28.067|0.000|45.046;9:28.989|0.000|46.871;10:28.429|0.000|39.628;11:27.044|0.000|42.351;12:28.297|0.000|42.926;13:26.836|0.000|45.701;14:30.126|0.000|42.841;15:29.974|0.000|80.904;16:31.603|0.000|47.117;17:31.290|0.000|48.267;18:29.098|0.000|45.466;19:31.329|0.000|46.273;20:30.681|0.000|51.352;21:30.934|0.000|52.804;22:30.231|0.000|45.165;23:30.263|0.000|48.857;24:27.712|0.000|46.048;25:30.217|0.000|46.663;26:30.863|0.000|49.954;27:30.504|0.000|47.573;28:31.335|0.000|44.195;29:31.875|0.000|45.138"
45.944,"auto_faster_pedestrians",32.1031,0.0400,30.9445,0.0000,0.2920,20.0660,33.8962,30.8785,1.5858,9.5056,0,30,"0:29.710|0.000|41.140;1:26.917|0.000|47.472;2:31.000|0.000|45.845;3:28.346|0.000|41.614;4:27.117|0.000|44.648;5:28.959|0.000|43.966;6:27.095|0.000|43.613;7:28.894|0.000|44.819;8:28.072|0.000|45.095;9:28.931|0.000|46.938;10:28.426|0.000|39.710;11:27.036|0.000|42.435;12:28.284|0.000|42.982;13:26.796|0.000|45.739;14:30.120|0.000|42.926;15:29.945|0.000|80.857;16:31.573|0.000|47.029;17:31.301|0.000|48.196;18:29.080|0.000|45.500;19:31.405|0.000|46.291;20:30.685|0.000|51.264;21:30.933|0.000|52.719;22:30.234|0.000|45.083;23:30.272|0.000|48.771;24:27.665|0.000|46.099;25:30.224|0.000|46.573;26:30.872|0.000|49.876;27:30.544|0.000|47.495;28:31.315|0.000|44.111;29:31.855|0.000|45.051"
46.059,"auto_faster_pedestrians",32.1031,0.0400,30.9275,0.0000,0.2920,20.0660,33.8908,30.8615,1.5858,9.6002,0,30,"0:29.704|0.000|41.225;1:26.921|0.000|47.562;2:30.923|0.000|45.894;3:28.337|0.000|41.696;4:27.065|0.000|44.708;5:28.905|0.000|43.959;6:27.028|0.000|43.653;7:28.805|0.000|44.816;8:28.066|0.000|45.168;9:28.895|0.000|46.993;10:28.424|0.000|39.795;11:27.026|0.000|42.525;12:28.264|0.000|43.041;13:26.751|0.000|45.784;14:30.115|0.000|43.009;15:29.919|0.000|80.804;16:31.542|0.000|46.948;17:31.319|0.000|48.115;18:29.117|0.000|45.512;19:31.407|0.000|46.308;20:30.690|0.000|51.180;21:30.931|0.000|52.637;22:30.236|0.000|45.001;23:30.281|0.000|48.690;24:27.623|0.000|46.146;25:30.226|0.000|46.487;26:30.879|0.000|49.803;27:30.589|0.000|47.421;28:31.296|0.000|44.029;29:31.753|0.000|44.916"
46.175,"auto_faster_pedestrians",32.1025,0.0400,30.9275,0.0000,0.2920,20.0660,33.8901,30.8615,1.5858,9.6782,0,30,"0:29.697|0.000|41.314;1:26.925|0.000|47.655;2:30.813|0.000|45.921;3:28.328|0.000|41.784;4:27.023|0.000|44.764;5:28.840|0.000|43.959;6:26.959|0.000|43.702;7:28.710|0.000|44.810;8:28.081|0.000|45.212;9:28.866|0.000|47.051;10:28.421|0.000|39.878;11:27.014|0.000|42.619;12:28.233|0.000|43.109;13:26.697|0.000|45.845;14:30.106|0.000|43.096;15:29.894|0.000|80.741;16:31.517|0.000|46.884;17:31.335|0.000|48.023;18:29.152|0.000|45.552;19:31.656|0.000|46.075;20:30.695|0.000|51.095;21:30.929|0.000|52.551;22:30.240|0.000|44.912;23:30.290|0.000|48.608;24:27.580|0.000|46.187;25:30.222|0.000|46.400;26:30.885|0.000|49.722;27:30.644|0.000|47.326;28:31.274|0.000|43.939;29:31.686|0.000|44.843"
46.287,"auto_faster_pedestrians",32.1025,0.0400,30.9275,0.0000,0.2920,20.0660,33.8901,30.8615,1.5858,9.7571,0,30,"0:29.691|0.000|41.394;1:26.931|0.000|47.740;2:30.724|0.000|45.927;3:28.321|0.000|41.867;4:26.993|0.000|44.816;5:28.767|0.000|43.970;6:26.910|0.000|43.742;7:28.626|0.000|44.805;8:28.066|0.000|45.280;9:28.842|0.000|47.115;10:28.420|0.000|39.963;11:27.003|0.000|42.703;12:28.200|0.000|43.177;13:26.645|0.000|45.908;14:30.097|0.000|43.174;15:29.866|0.000|80.676;16:31.483|0.000|46.835;17:31.352|0.000|47.940;18:29.232|0.000|45.541;19:31.654|0.000|46.026;20:30.698|0.000|51.017;21:30.928|0.000|52.473;22:30.243|0.000|44.834;23:30.302|0.000|48.526;24:27.540|0.000|46.219;25:30.234|0.000|46.362;26:30.889|0.000|49.643;27:30.662|0.000|47.278;28:31.248|0.000|43.852;29:31.629|0.000|44.787"
46.394,"auto_faster_pedestrians",32.1025,0.0400,30.9275,0.0000,0.2920,20.0660,33.8901,30.8615,1.5858,9.8397,0,30,"0:29.682|0.000|41.478;1:26.938|0.000|47.825;2:30.637|0.000|45.926;3:28.314|0.000|41.950;4:26.967|0.000|44.876;5:28.687|0.000|43.986;6:26.863|0.000|43.796;7:28.551|0.000|44.804;8:28.057|0.000|45.347;9:28.814|0.000|47.196;10:28.416|0.000|40.051;11:26.992|0.000|42.784;12:28.158|0.000|43.245;13:26.592|0.000|45.973;14:30.085|0.000|43.257;15:29.830|0.000|80.609;16:31.442|0.000|46.797;17:31.371|0.000|47.868;18:29.307|0.000|45.531;19:31.647|0.000|45.963;20:30.702|0.000|50.940;21:30.928|0.000|52.396;22:30.247|0.000|44.748;23:30.319|0.000|48.434;24:27.511|0.000|46.241;25:30.145|0.000|46.335;26:30.894|0.000|49.559;27:30.642|0.000|47.262;28:31.225|0.000|43.765;29:31.569|0.000|44.732"
46.509,"auto_faster_pedestrians",32.1025,0.0400,30.9275,0.0000,0.2920,20.0660,33.8901,30.8615,1.5858,9.9228,0,30,"0:29.672|0.000|41.569;1:26.946|0.000|47.907;2:30.553|0.000|45.926;3:28.300|0.000|42.045;4:26.936|0.000|44.953;5:28.610|0.000|44.004;6:26.819|0.000|43.869;7:28.483|0.000|44.806;8:28.073|0.000|45.394;9:28.790|0.000|47.285;10:28.411|0.000|40.138;11:26.984|0.000|42.864;12:28.108|0.000|43.307;13:26.539|0.000|46.036;14:30.068|0.000|43.347;15:29.791|0.000|80.541;16:31.387|0.000|46.757;17:31.392|0.000|47.808;18:29.380|0.000|45.516;19:31.637|0.000|45.890;20:30.706|0.000|50.860;21:30.929|0.000|52.312;22:30.252|0.000|44.659;23:30.335|0.000|48.342;24:27.489|0.000|46.254;25:30.044|0.000|46.315;26:30.898|0.000|49.473;27:30.631|0.000|47.218;28:31.204|0.000|43.688;29:31.504|0.000|44.676"
46.621,"auto_faster_pedestrians",32.1025,0.0400,30.9275,0.0000,0.2920,20.0660,33.8901,30.8615,1.5858,10.0117,0,30,"0:29.658|0.000|41.672;1:26.954|0.000|47.998;2:30.471|0.000|45.929;3:28.284|0.000|42.148;4:26.905|0.000|45.049;5:28.524|0.000|44.039;6:26.779|0.000|43.961;7:28.414|0.000|44.825;8:28.090|0.000|45.465;9:28.764|0.000|47.383;10:28.405|0.000|40.231;11:26.981|0.000|42.943;12:28.041|0.000|43.355;13:26.478|0.000|46.117;14:30.032|0.000|43.465;15:29.739|0.000|80.452;16:31.334|0.000|46.702;17:31.422|0.000|47.745;18:29.454|0.000|45.488;19:31.622|0.000|45.799;20:30.710|0.000|50.770;21:30.931|0.000|52.214;22:30.261|0.000|44.564;23:30.348|0.000|48.245;24:27.469|0.000|46.263;25:29.953|0.000|46.321;26:30.900|0.000|49.384;27:30.631|0.000|47.136;28:31.180|0.000|43.596;29:31.433|0.000|44.623"
46.729,"auto_faster_pedestrians",32.1025,0.0400,30.9275,0.0000,0.2920,20.0660,33.8901,30.8615,1.5858,10.0845,0,30,"0:29.648|0.000|41.753;1:26.961|0.000|48.079;2:30.414|0.000|45.956;3:28.270|0.000|42.233;4:26.881|0.000|45.130;5:28.459|0.000|44.085;6:26.746|0.000|44.043;7:28.368|0.000|44.841;8:28.092|0.000|45.546;9:28.737|0.000|47.458;10:28.400|0.000|40.308;11:26.980|0.000|42.999;12:27.970|0.000|43.388;13:26.447|0.000|46.168;14:29.995|0.000|43.568;15:29.691|0.000|80.372;16:31.332|0.000|46.662;17:31.445|0.000|47.696;18:29.508|0.000|45.463;19:31.604|0.000|45.723;20:30.712|0.000|50.699;21:30.934|0.000|52.133;22:30.269|0.000|44.486;23:30.356|0.000|48.167;24:27.452|0.000|46.271;25:29.875|0.000|46.331;26:30.905|0.000|49.314;27:30.623|0.000|47.069;28:31.162|0.000|43.517;29:31.372|0.000|44.586"
46.839,"auto_faster_pedestrians",32.1025,0.0400,30.9275,0.0000,0.2920,20.0660,33.8901,30.8615,1.5858,10.1642,0,30,"0:29.638|0.000|41.839;1:26.969|0.000|48.174;2:30.382|0.000|45.992;3:28.260|0.000|42.321;4:26.850|0.000|45.217;5:28.413|0.000|44.127;6:26.709|0.000|44.124;7:28.331|0.000|44.869;8:28.097|0.000|45.633;9:28.705|0.000|47.542;10:28.394|0.000|40.391;11:26.974|0.000|43.051;12:27.893|0.000|43.419;13:26.433|0.000|46.227;14:29.958|0.000|43.667;15:29.619|0.000|80.320;16:31.349|0.000|46.629;17:31.460|0.000|47.646;18:29.615|0.000|45.356;19:31.580|0.000|45.640;20:30.714|0.000|50.616;21:30.937|0.000|52.048;22:30.278|0.000|44.403;23:30.366|0.000|48.086;24:27.432|0.000|46.279;25:29.790|0.000|46.341;26:30.913|0.000|49.244;27:30.615|0.000|47.008;28:31.144|0.000|43.431;29:31.309|0.000|44.549"
46.950,"auto_faster_pedestrians",32.1025,0.0400,30.9275,0.0000,0.2920,20.0660,33.8901,30.8615,1.5858,10.2398,0,30,"0:29.629|0.000|41.924;1:26.977|0.000|48.266;2:30.355|0.000|46.042;3:28.252|0.000|42.405;4:26.814|0.000|45.302;5:28.377|0.000|44.170;6:26.672|0.000|44.208;7:28.270|0.000|44.945;8:28.104|0.000|45.720;9:28.683|0.000|47.603;10:28.388|0.000|40.470;11:26.939|0.000|43.125;12:27.820|0.000|43.449;13:26.428|0.000|46.289;14:29.915|0.000|43.722;15:29.563|0.000|80.257;16:31.331|0.000|46.544;17:31.469|0.000|47.586;18:29.684|0.000|45.222;19:31.552|0.000|45.559;20:30.716|0.000|50.528;21:30.938|0.000|51.966;22:30.265|0.000|44.371;23:30.379|0.000|48.007;24:27.408|0.000|46.291;25:29.709|0.000|46.348;26:30.925|0.000|49.168;27:30.607|0.000|46.961;28:31.127|0.000|43.346;29:31.247|0.000|44.505"
47.060,"auto_faster_pedestrians",32.1025,0.0400,30.9275,0.0000,0.2920,20.0660,33.8901,30.8615,1.5858,10.3279,0,30,"0:29.618|0.000|42.016;1:26.987|0.000|48.361;2:30.318|0.000|46.103;3:28.238|0.000|42.485;4:26.782|0.000|45.385;5:28.353|0.000|44.214;6:26.663|0.000|44.247;7:28.212|0.000|45.013;8:28.114|0.000|45.809;9:28.675|0.000|47.668;10:28.379|0.000|40.561;11:26.895|0.000|43.194;12:27.737|0.000|43.498;13:26.427|0.000|46.370;14:29.818|0.000|43.747;15:29.558|0.000|80.238;16:31.320|0.000|46.453;17:31.479|0.000|47.504;18:29.696|0.000|45.147;19:31.518|0.000|45.472;20:30.720|0.000|50.435;21:30.939|0.000|51.878;22:30.241|0.000|44.383;23:30.395|0.000|47.925;24:27.382|0.000|46.305;25:29.622|0.000|46.338;26:30.937|0.000|49.086;27:30.586|0.000|46.927;28:31.110|0.000|43.257;29:31.192|0.000|44.456"
47.169,"auto_faster_pedestrians",32.1025,0.0400,30.9275,0.0000,0.2920,20.0660,33.8901,30.8615,1.5858,10.4092,0,30,"0:29.610|0.000|42.094;1:26.996|0.000|48.439;2:30.280|0.000|46.122;3:28.222|0.000|42.551;4:26.772|0.000|45.434;5:28.339|0.000|44.257;6:26.663|0.000|44.298;7:28.168|0.000|45.058;8:28.125|0.000|45.885;9:28.664|0.000|47.736;10:28.369|0.000|40.644;11:26.850|0.000|43.243;12:27.669|0.000|43.558;13:26.421|0.000|46.447;14:29.705|0.000|43.769;15:29.468|0.000|80.120;16:31.316|0.000|46.376;17:31.484|0.000|47.425;18:29.688|0.000|45.100;19:31.487|0.000|45.394;20:30.725|0.000|50.358;21:30.939|0.000|51.803;22:30.258|0.000|44.373;23:30.408|0.000|47.858;24:27.362|0.000|46.317;25:29.543|0.000|46.309;26:30.948|0.000|49.009;27:30.554|0.000|46.900;28:31.096|0.000|43.181;29:31.152|0.000|44.405"
47.283,"auto_faster_pedestrians",32.1025,0.0400,30.9275,0.0000,0.2920,20.0660,33.8901,30.8615,1.5858,10.5108,0,30,"0:29.601|0.000|42.188;1:27.009|0.000|48.530;2:30.272|0.000|46.121;3:28.198|0.000|42.629;4:26.758|0.000|45.509;5:28.325|0.000|44.319;6:26.660|0.000|44.373;7:28.125|0.000|45.116;8:28.140|0.000|45.979;9:28.652|0.000|47.828;10:28.353|0.000|40.747;11:26.789|0.000|43.290;12:27.626|0.000|43.617;13:26.413|0.000|46.542;14:29.610|0.000|43.776;15:29.359|0.000|79.987;16:31.313|0.000|46.289;17:31.490|0.000|47.326;18:29.677|0.000|45.028;19:31.449|0.000|45.300;20:30.729|0.000|50.269;21:30.939|0.000|51.713;22:30.311|0.000|44.334;23:30.421|0.000|47.779;24:27.340|0.000|46.328;25:29.454|0.000|46.287;26:30.963|0.000|48.912;27:30.498|0.000|46.866;28:31.081|0.000|43.097;29:31.117|0.000|44.328"
47.383,"auto_faster_pedestrians",32.1025,0.0400,30.9275,0.0000,0.2920,20.0660,33.8901,30.8615,1.5858,10.5910,0,30,"0:29.595|0.000|42.263;1:27.020|0.000|48.607;2:30.276|0.000|46.126;3:28.181|0.000|42.695;4:26.741|0.000|45.584;5:28.318|0.000|44.377;6:26.658|0.000|44.446;7:28.104|0.000|45.169;8:28.155|0.000|46.064;9:28.644|0.000|47.909;10:28.342|0.000|40.828;11:26.730|0.000|43.331;12:27.605|0.000|43.664;13:26.415|0.000|46.618;14:29.528|0.000|43.778;15:29.316|0.000|79.916;16:31.311|0.000|46.224;17:31.502|0.000|47.230;18:29.670|0.000|44.957;19:31.420|0.000|45.223;20:30.733|0.000|50.195;21:30.938|0.000|51.640;22:30.351|0.000|44.276;23:30.435|0.000|47.705;24:27.317|0.000|46.339;25:29.378|0.000|46.269;26:30.972|0.000|48.832;27:30.452|0.000|46.836;28:31.070|0.000|43.022;29:31.082|0.000|44.256"
47.491,"auto_faster_pedestrians",32.1025,0.0400,30.9275,0.0000,0.2920,20.0660,33.8901,30.8615,1.5858,10.6754,0,30,"0:29.584|0.000|42.357;1:27.035|0.000|48.694;2:30.288|0.000|46.138;3:28.161|0.000|42.776;4:26.722|0.000|45.672;5:28.311|0.000|44.446;6:26.653|0.000|44.530;7:28.090|0.000|45.233;8:28.173|0.000|46.155;9:28.631|0.000|47.998;10:28.332|0.000|40.915;11:26.660|0.000|43.381;12:27.582|0.000|43.726;13:26.419|0.000|46.703;14:29.437|0.000|43.780;15:29.232|0.000|79.782;16:31.315|0.000|46.142;17:31.507|0.000|47.145;18:29.665|0.000|44.872;19:31.389|0.000|45.141;20:30.738|0.000|50.117;21:30.934|0.000|51.559;22:30.347|0.000|44.231;23:30.456|0.000|47.615;24:27.289|0.000|46.351;25:29.297|0.000|46.247;26:30.982|0.000|48.747;27:30.401|0.000|46.815;28:31.057|0.000|42.933;29:31.077|0.000|44.177"
47.595,"auto_faster_pedestrians",32.1025,0.0400,30.9275,0.0000,0.2920,20.0660,33.8901,30.8615,1.5858,10.7485,0,30,"0:29.572|0.000|42.443;1:27.049|0.000|48.768;2:30.302|0.000|46.146;3:28.143|0.000|42.855;4:26.703|0.000|45.746;5:28.303|0.000|44.513;6:26.645|0.000|44.610;7:28.079|0.000|45.303;8:28.189|0.000|46.234;9:28.618|0.000|48.077;10:28.325|0.000|40.990;11:26.598|0.000|43.424;12:27.564|0.000|43.789;13:26.426|0.000|46.775;14:29.356|0.000|43.781;15:29.168|0.000|79.694;16:31.321|0.000|46.058;17:31.505|0.000|47.077;18:29.660|0.000|44.798;19:31.363|0.000|45.069;20:30.744|0.000|50.045;21:30.931|0.000|51.480;22:30.339|0.000|44.196;23:30.479|0.000|47.537;24:27.264|0.000|46.361;25:29.229|0.000|46.221;26:30.995|0.000|48.672;27:30.354|0.000|46.805;28:31.046|0.000|42.850;29:31.053|0.000|44.176"
47.703,"auto_faster_pedestrians",32.1025,0.0400,30.9275,0.0000,0.2920,20.0660,33.8901,30.8615,1.5858,10.8269,0,30,"0:29.559|0.000|42.535;1:27.067|0.000|48.853;2:30.303|0.000|46.127;3:28.124|0.000|42.944;4:26.678|0.000|45.807;5:28.290|0.000|44.594;6:26.636|0.000|44.702;7:28.062|0.000|45.388;8:28.206|0.000|46.318;9:28.602|0.000|48.164;10:28.317|0.000|41.071;11:26.534|0.000|43.472;12:27.545|0.000|43.864;13:26.436|0.000|46.861;14:29.271|0.000|43.781;15:29.113|0.000|79.658;16:31.326|0.000|45.970;17:31.500|0.000|46.999;18:29.653|0.000|44.717;19:31.341|0.000|45.001;20:30.752|0.000|49.960;21:30.929|0.000|51.393;22:30.338|0.000|44.114;23:30.508|0.000|47.475;24:27.242|0.000|46.368;25:29.151|0.000|46.170;26:31.011|0.000|48.596;27:30.293|0.000|46.805;28:31.034|0.000|42.763;29:31.055|0.000|44.153"
47.805,"auto_faster_pedestrians",32.1025,0.0400,30.9275,0.0000,0.2920,20.0660,33.8901,30.8615,1.5858,10.8947,0,30,"0:29.548|0.000|42.617;1:27.083|0.000|48.934;2:30.304|0.000|46.084;3:28.106|0.000|43.022;4:26.656|0.000|45.838;5:28.287|0.000|44.648;6:26.634|0.000|44.782;7:28.045|0.000|45.467;8:28.219|0.000|46.394;9:28.590|0.000|48.240;10:28.310|0.000|41.141;11:26.478|0.000|43.519;12:27.526|0.000|43.935;13:26.446|0.000|46.942;14:29.196|0.000|43.780;15:29.057|0.000|79.605;16:31.328|0.000|45.893;17:31.493|0.000|46.924;18:29.645|0.000|44.649;19:31.320|0.000|44.942;20:30.761|0.000|49.878;21:30.928|0.000|51.316;22:30.339|0.000|44.055;23:30.562|0.000|47.436;24:27.209|0.000|46.361;25:29.094|0.000|46.109;26:31.028|0.000|48.527;27:30.221|0.000|46.795;28:31.023|0.000|42.687;29:31.082|0.000|44.096"
47.908,"auto_faster_pedestrians",32.1025,0.0400,30.9275,0.0000,0.2920,20.0660,33.8901,30.8615,1.5858,10.9641,0,30,"0:29.542|0.000|42.692;1:27.100|0.000|49.016;2:30.380|0.000|46.090;3:28.088|0.000|43.094;4:26.615|0.000|45.861;5:28.286|0.000|44.694;6:26.636|0.000|44.854;7:28.035|0.000|45.538;8:28.229|0.000|46.471;9:28.586|0.000|48.308;10:28.301|0.000|41.211;11:26.431|0.000|43.574;12:27.503|0.000|44.000;13:26.455|0.000|47.021;14:29.122|0.000|43.779;15:29.042|0.000|79.540;16:31.328|0.000|45.815;17:31.485|0.000|46.849;18:29.637|0.000|44.576;19:31.290|0.000|44.878;20:30.771|0.000|49.797;21:30.926|0.000|51.240;22:30.338|0.000|43.997;23:30.655|0.000|47.394;24:27.187|0.000|46.349;25:29.079|0.000|46.062;26:31.042|0.000|48.464;27:30.132|0.000|46.781;28:31.011|0.000|42.612;29:31.091|0.000|44.061"
48.017,"auto_faster_pedestrians",32.1025,0.0400,30.9275,0.0000,0.2920,20.0660,33.8901,30.8615,1.5858,11.0364,0,30,"0:29.534|0.000|42.767;1:27.116|0.000|49.103;2:30.463|0.000|46.092;3:28.071|0.000|43.157;4:26.551|0.000|45.875;5:28.283|0.000|44.740;6:26.640|0.000|44.939;7:28.025|0.000|45.608;8:28.240|0.000|46.557;9:28.589|0.000|48.380;10:28.290|0.000|41.284;11:26.403|0.000|43.631;12:27.475|0.000|44.065;13:26.466|0.000|47.107;14:29.038|0.000|43.777;15:28.997|0.000|79.478;16:31.327|0.000|45.733;17:31.475|0.000|46.770;18:29.627|0.000|44.492;19:31.248|0.000|44.799;20:30.780|0.000|49.712;21:30.924|0.000|51.157;22:30.320|0.000|43.919;23:30.753|0.000|47.361;24:27.187|0.000|46.348;25:29.093|0.000|46.018;26:31.053|0.000|48.398;27:30.025|0.000|46.764;28:30.997|0.000|42.531;29:31.091|0.000|44.008"
48.127,"auto_stronger_social_force_A",32.1031,0.0400,30.9197,0.0000,0.2920,20.0660,33.8883,30.8537,1.5858,11.1738,0,30,"0:29.557|0.000|42.754;1:27.120|0.000|49.177;2:30.525|0.000|46.093;3:28.099|0.000|43.146;4:26.393|0.000|45.991;5:28.296|0.000|44.804;6:26.615|0.000|45.061;7:28.022|0.000|45.643;8:28.250|0.000|46.626;9:28.560|0.000|48.486;10:28.234|0.000|41.402;11:26.386|0.000|43.676;12:27.420|0.000|44.157;13:26.478|0.000|47.177;14:28.962|0.000|43.773;15:28.985|0.000|79.423;16:31.284|0.000|45.717;17:31.464|0.000|46.674;18:29.621|0.000|44.410;19:31.168|0.000|44.716;20:30.786|0.000|49.625;21:30.915|0.000|51.109;22:30.311|0.000|43.872;23:30.849|0.000|47.314;24:27.209|0.000|46.329;25:29.103|0.000|45.959;26:31.099|0.000|48.310;27:29.960|0.000|46.761;28:31.003|0.000|42.487;29:31.106|0.000|43.929"
48.239,"auto_stronger_social_force_A",32.1031,0.0400,30.9027,0.0000,0.2920,20.0660,33.8828,30.8367,1.5858,11.2341,0,30,"0:29.561|0.000|42.745;1:27.130|0.000|49.232;2:30.529|0.000|46.121;3:28.103|0.000|43.135;4:26.358|0.000|46.041;5:28.357|0.000|44.895;6:26.615|0.000|45.112;7:28.021|0.000|45.662;8:28.258|0.000|46.680;9:28.559|0.000|48.537;10:28.213|0.000|41.442;11:26.369|0.000|43.714;12:27.401|0.000|44.178;13:26.487|0.000|47.223;14:28.923|0.000|43.775;15:28.985|0.000|79.387;16:31.294|0.000|45.682;17:31.491|0.000|46.653;18:29.602|0.000|44.350;19:31.129|0.000|44.718;20:30.791|0.000|49.576;21:30.908|0.000|51.104;22:30.301|0.000|43.839;23:30.908|0.000|47.291;24:27.258|0.000|46.297;25:29.110|0.000|45.880;26:31.132|0.000|48.292;27:29.883|0.000|46.780;28:30.979|0.000|42.408;29:31.114|0.000|43.875"
48.347,"auto_stronger_social_force_A",32.1031,0.0400,30.8858,0.0000,0.2920,20.0660,33.8774,30.8198,1.5858,11.2896,0,30,"0:29.538|0.000|42.754;1:27.141|0.000|49.287;2:30.531|0.000|46.139;3:28.122|0.000|43.096;4:26.352|0.000|46.079;5:28.383|0.000|44.880;6:26.617|0.000|45.166;7:28.009|0.000|45.701;8:28.272|0.000|46.739;9:28.559|0.000|48.592;10:28.192|0.000|41.476;11:26.353|0.000|43.758;12:27.382|0.000|44.205;13:26.492|0.000|47.281;14:28.888|0.000|43.773;15:28.986|0.000|79.347;16:31.303|0.000|45.654;17:31.522|0.000|46.605;18:29.587|0.000|44.287;19:31.100|0.000|44.737;20:30.800|0.000|49.536;21:30.907|0.000|51.099;22:30.305|0.000|43.820;23:30.965|0.000|47.252;24:27.318|0.000|46.283;25:29.122|0.000|45.839;26:31.168|0.000|48.291;27:29.846|0.000|46.795;28:30.964|0.000|42.344;29:31.127|0.000|43.821"
48.456,"auto_stronger_social_force_A",32.1031,0.0400,30.8688,0.0000,0.2920,20.0660,33.8720,30.8028,1.5858,11.3432,0,30,"0:29.535|0.000|42.736;1:27.153|0.000|49.336;2:30.531|0.000|46.146;3:28.109|0.000|43.075;4:26.361|0.000|46.114;5:28.396|0.000|44.857;6:26.622|0.000|45.220;7:28.014|0.000|45.729;8:28.292|0.000|46.806;9:28.561|0.000|48.648;10:28.171|0.000|41.509;11:26.337|0.000|43.804;12:27.363|0.000|44.231;13:26.496|0.000|47.339;14:28.841|0.000|43.781;15:28.988|0.000|79.309;16:31.314|0.000|45.630;17:31.549|0.000|46.569;18:29.580|0.000|44.233;19:31.051|0.000|44.730;20:30.814|0.000|49.502;21:30.915|0.000|51.080;22:30.309|0.000|43.788;23:30.988|0.000|47.226;24:27.417|0.000|46.301;25:29.144|0.000|45.806;26:31.211|0.000|48.291;27:29.830|0.000|46.807;28:30.959|0.000|42.304;29:31.143|0.000|43.775"
48.557,"auto_stronger_social_force_A",32.1031,0.0400,30.8533,0.0000,0.2920,20.0660,33.8671,30.7873,1.5858,11.3936,0,30,"0:29.511|0.000|42.730;1:27.165|0.000|49.380;2:30.516|0.000|46.156;3:28.058|0.000|43.085;4:26.370|0.000|46.155;5:28.425|0.000|44.847;6:26.629|0.000|45.272;7:28.119|0.000|45.833;8:28.302|0.000|46.856;9:28.564|0.000|48.699;10:28.150|0.000|41.539;11:26.323|0.000|43.845;12:27.345|0.000|44.256;13:26.498|0.000|47.380;14:28.787|0.000|43.795;15:28.991|0.000|79.275;16:31.329|0.000|45.601;17:31.571|0.000|46.540;18:29.575|0.000|44.184;19:31.009|0.000|44.706;20:30.826|0.000|49.481;21:30.938|0.000|51.047;22:30.314|0.000|43.753;23:30.993|0.000|47.212;24:27.465|0.000|46.214;25:29.169|0.000|45.777;26:31.258|0.000|48.287;27:29.807|0.000|46.825;28:30.959|0.000|42.256;29:31.161|0.000|43.736"
48.683,"auto_stronger_social_force_A",32.1031,0.0400,30.8332,0.0000,0.2920,20.0660,33.8607,30.7672,1.5858,11.4147,0,30,"0:29.474|0.000|42.717;1:27.180|0.000|49.441;2:30.457|0.000|46.192;3:28.002|0.000|43.080;4:26.372|0.000|46.220;5:28.472|0.000|44.838;6:26.630|0.000|45.337;7:28.175|0.000|45.737;8:28.307|0.000|46.912;9:28.566|0.000|48.764;10:28.122|0.000|41.579;11:26.304|0.000|43.896;12:27.322|0.000|44.301;13:26.504|0.000|47.435;14:28.724|0.000|43.811;15:29.005|0.000|79.231;16:31.342|0.000|45.568;17:31.595|0.000|46.512;18:29.565|0.000|44.122;19:30.961|0.000|44.674;20:30.842|0.000|49.462;21:30.961|0.000|51.016;22:30.318|0.000|43.701;23:30.983|0.000|47.198;24:27.448|0.000|46.182;25:29.194|0.000|45.750;26:31.326|0.000|48.278;27:29.755|0.000|46.859;28:30.964|0.000|42.191;29:31.187|0.000|43.687"
48.793,"auto_stronger_social_force_A",32.1031,0.0400,30.8162,0.0000,0.2920,20.0660,33.8553,30.7502,1.5858,11.3768,0,30,"0:29.438|0.000|42.705;1:27.190|0.000|49.493;2:30.417|0.000|46.200;3:27.953|0.000|43.068;4:26.373|0.000|46.278;5:28.521|0.000|44.838;6:26.626|0.000|45.377;7:28.223|0.000|45.786;8:28.313|0.000|46.963;9:28.564|0.000|48.820;10:28.096|0.000|41.614;11:26.286|0.000|43.941;12:27.304|0.000|44.349;13:26.514|0.000|47.489;14:28.680|0.000|43.813;15:29.019|0.000|79.202;16:31.353|0.000|45.536;17:31.614|0.000|46.493;18:29.553|0.000|44.076;19:30.919|0.000|44.645;20:30.860|0.000|49.446;21:30.982|0.000|50.991;22:30.323|0.000|43.647;23:30.962|0.000|47.187;24:27.441|0.000|46.161;25:29.220|0.000|45.729;26:31.389|0.000|48.267;27:29.716|0.000|46.887;28:30.967|0.000|42.136;29:31.206|0.000|43.652"
48.900,"auto_stronger_social_force_A",32.1031,0.0400,30.7992,0.0000,0.2920,20.0660,33.8499,30.7332,1.5858,11.3386,0,30,"0:29.406|0.000|42.688;1:27.197|0.000|49.542;2:30.368|0.000|46.210;3:27.903|0.000|43.056;4:26.375|0.000|46.334;5:28.553|0.000|44.845;6:26.633|0.000|45.419;7:28.280|0.000|45.818;8:28.319|0.000|47.017;9:28.562|0.000|48.872;10:28.067|0.000|41.648;11:26.268|0.000|43.986;12:27.287|0.000|44.399;13:26.524|0.000|47.545;14:28.637|0.000|43.812;15:29.032|0.000|79.179;16:31.363|0.000|45.503;17:31.636|0.000|46.476;18:29.525|0.000|44.063;19:30.879|0.000|44.620;20:30.886|0.000|49.430;21:31.005|0.000|50.968;22:30.324|0.000|43.592;23:30.946|0.000|47.179;24:27.434|0.000|46.140;25:29.251|0.000|45.704;26:31.439|0.000|48.260;27:29.683|0.000|46.911;28:30.969|0.000|42.081;29:31.224|0.000|43.622"
49.005,"auto_stronger_social_force_A",32.1031,0.0400,30.7838,0.0000,0.2920,20.0660,33.8450,30.7178,1.5858,11.3036,0,30,"0:29.365|0.000|42.687;1:27.201|0.000|49.586;2:30.314|0.000|46.220;3:27.858|0.000|43.049;4:26.376|0.000|46.382;5:28.562|0.000|44.852;6:26.659|0.000|45.478;7:28.325|0.000|45.852;8:28.326|0.000|47.062;9:28.560|0.000|48.921;10:28.038|0.000|41.678;11:26.249|0.000|44.030;12:27.273|0.000|44.445;13:26.541|0.000|47.605;14:28.602|0.000|43.805;15:29.043|0.000|79.162;16:31.373|0.000|45.470;17:31.655|0.000|46.467;18:29.455|0.000|44.115;19:30.844|0.000|44.599;20:30.909|0.000|49.417;21:31.027|0.000|50.947;22:30.332|0.000|43.549;23:30.923|0.000|47.174;24:27.425|0.000|46.121;25:29.280|0.000|45.680;26:31.452|0.000|48.260;27:29.657|0.000|46.928;28:30.971|0.000|42.031;29:31.241|0.000|43.597"
49.110,"auto_stronger_social_force_A",32.1031,0.0400,30.7668,0.0000,0.2920,20.0660,33.8396,30.7008,1.5858,11.2649,0,30,"0:29.318|0.000|42.687;1:27.205|0.000|49.638;2:30.265|0.000|46.224;3:27.806|0.000|43.048;4:26.376|0.000|46.425;5:28.567|0.000|44.862;6:26.699|0.000|45.451;7:28.384|0.000|45.916;8:28.335|0.000|47.105;9:28.559|0.000|48.974;10:28.006|0.000|41.705;11:26.228|0.000|44.089;12:27.257|0.000|44.499;13:26.559|0.000|47.666;14:28.565|0.000|43.795;15:29.055|0.000|79.146;16:31.390|0.000|45.431;17:31.684|0.000|46.453;18:29.473|0.000|44.097;19:30.808|0.000|44.580;20:30.938|0.000|49.404;21:31.053|0.000|50.919;22:30.349|0.000|43.519;23:30.883|0.000|47.172;24:27.417|0.000|46.097;25:29.306|0.000|45.653;26:31.463|0.000|48.260;27:29.631|0.000|46.954;28:30.972|0.000|41.975;29:31.258|0.000|43.574"
49.221,"auto_stronger_social_force_A",32.1031,0.0400,30.7498,0.0000,0.2920,20.0660,33.8342,30.6838,1.5858,11.2273,0,30,"0:29.269|0.000|42.689;1:27.209|0.000|49.692;2:30.208|0.000|46.231;3:27.752|0.000|43.052;4:26.372|0.000|46.466;5:28.577|0.000|44.875;6:26.695|0.000|45.431;7:28.450|0.000|46.032;8:28.340|0.000|47.147;9:28.561|0.000|49.020;10:27.973|0.000|41.728;11:26.219|0.000|44.135;12:27.226|0.000|44.581;13:26.575|0.000|47.722;14:28.517|0.000|43.798;15:29.067|0.000|79.130;16:31.409|0.000|45.391;17:31.725|0.000|46.426;18:29.505|0.000|44.087;19:30.772|0.000|44.563;20:30.968|0.000|49.395;21:31.083|0.000|50.888;22:30.336|0.000|43.467;23:30.839|0.000|47.162;24:27.419|0.000|46.091;25:29.329|0.000|45.620;26:31.494|0.000|48.247;27:29.607|0.000|46.984;28:30.972|0.000|41.920;29:31.279|0.000|43.548"
49.327,"auto_stronger_social_force_A",32.1031,0.0400,30.7343,0.0000,0.2920,20.0660,33.8294,30.6683,1.5858,11.1949,0,30,"0:29.228|0.000|42.690;1:27.213|0.000|49.742;2:30.143|0.000|46.249;3:27.702|0.000|43.056;4:26.363|0.000|46.517;5:28.599|0.000|44.885;6:26.679|0.000|45.436;7:28.473|0.000|46.087;8:28.341|0.000|47.185;9:28.566|0.000|49.059;10:27.942|0.000|41.748;11:26.215|0.000|44.167;12:27.174|0.000|44.571;13:26.587|0.000|47.772;14:28.472|0.000|43.802;15:29.079|0.000|79.116;16:31.425|0.000|45.353;17:31.748|0.000|46.400;18:29.554|0.000|44.083;19:30.738|0.000|44.547;20:30.995|0.000|49.389;21:31.112|0.000|50.860;22:30.308|0.000|43.398;23:30.808|0.000|47.146;24:27.472|0.000|46.073;25:29.343|0.000|45.593;26:31.515|0.000|48.235;27:29.586|0.000|47.014;28:30.971|0.000|41.872;29:31.298|0.000|43.523"
49.435,"auto_stronger_social_force_A",32.1031,0.0400,30.7174,0.0000,0.2920,20.0660,33.8240,30.6514,1.5858,11.1612,0,30,"0:29.190|0.000|42.694;1:27.217|0.000|49.797;2:30.089|0.000|46.274;3:27.647|0.000|43.060;4:26.356|0.000|46.575;5:28.601|0.000|44.884;6:26.651|0.000|45.460;7:28.462|0.000|46.156;8:28.338|0.000|47.230;9:28.573|0.000|49.103;10:27.905|0.000|41.767;11:26.190|0.000|44.225;12:27.134|0.000|44.530;13:26.598|0.000|47.825;14:28.419|0.000|43.803;15:29.093|0.000|79.102;16:31.443|0.000|45.309;17:31.754|0.000|46.381;18:29.614|0.000|44.075;19:30.702|0.000|44.525;20:31.028|0.000|49.381;21:31.146|0.000|50.831;22:30.275|0.000|43.295;23:30.783|0.000|47.127;24:27.509|0.000|46.057;25:29.358|0.000|45.563;26:31.542|0.000|48.214;27:29.562|0.000|47.051;28:30.972|0.000|41.821;29:31.317|0.000|43.498"
49.553,"auto_stronger_social_force_A",32.1031,0.0400,30.6988,0.0000,0.2920,20.0660,33.8182,30.6328,1.5858,11.1302,0,30,"0:29.149|0.000|42.692;1:27.223|0.000|49.857;2:30.061|0.000|46.291;3:27.588|0.000|43.063;4:26.360|0.000|46.617;5:28.527|0.000|44.940;6:26.619|0.000|45.485;7:28.430|0.000|46.136;8:28.333|0.000|47.283;9:28.580|0.000|49.153;10:27.869|0.000|41.784;11:26.160|0.000|44.266;12:27.144|0.000|44.535;13:26.610|0.000|47.881;14:28.372|0.000|43.808;15:29.112|0.000|79.086;16:31.461|0.000|45.261;17:31.752|0.000|46.361;18:29.670|0.000|44.065;19:30.676|0.000|44.498;20:31.068|0.000|49.362;21:31.186|0.000|50.801;22:30.275|0.000|43.263;23:30.762|0.000|47.104;24:27.554|0.000|46.035;25:29.376|0.000|45.525;26:31.552|0.000|48.198;27:29.539|0.000|47.097;28:30.977|0.000|41.772;29:31.335|0.000|43.469"
49.658,"auto_stronger_social_force_A",32.1031,0.0400,30.6834,0.0000,0.2920,20.0660,33.8133,30.6174,1.5858,11.1075,0,30,"0:29.109|0.000|42.686;1:27.228|0.000|49.908;2:30.047|0.000|46.299;3:27.540|0.000|43.066;4:26.369|0.000|46.647;5:28.503|0.000|44.937;6:26.594|0.000|45.505;7:28.452|0.000|46.170;8:28.328|0.000|47.322;9:28.588|0.000|49.198;10:27.838|0.000|41.797;11:26.142|0.000|44.291;12:27.171|0.000|44.544;13:26.620|0.000|47.926;14:28.343|0.000|43.812;15:29.129|0.000|79.072;16:31.478|0.000|45.223;17:31.739|0.000|46.344;18:29.707|0.000|44.048;19:30.668|0.000|44.480;20:31.098|0.000|49.344;21:31.217|0.000|50.778;22:30.283|0.000|43.218;23:30.739|0.000|47.076;24:27.658|0.000|45.971;25:29.393|0.000|45.488;26:31.552|0.000|48.178;27:29.522|0.000|47.138;28:30.983|0.000|41.734;29:31.351|0.000|43.443"
49.768,"auto_stronger_social_force_A",32.1031,0.0400,30.6664,0.0000,0.2920,20.0660,33.8080,30.6004,1.5858,11.0783,0,30,"0:29.067|0.000|42.683;1:27.234|0.000|49.964;2:30.027|0.000|46.301;3:27.482|0.000|43.073;4:26.380|0.000|46.700;5:28.452|0.000|44.955;6:26.567|0.000|45.536;7:28.475|0.000|46.198;8:28.327|0.000|47.366;9:28.595|0.000|49.248;10:27.802|0.000|41.807;11:26.126|0.000|44.322;12:27.203|0.000|44.556;13:26.634|0.000|47.972;14:28.311|0.000|43.820;15:29.150|0.000|79.056;16:31.496|0.000|45.185;17:31.721|0.000|46.326;18:29.736|0.000|44.020;19:30.675|0.000|44.466;20:31.129|0.000|49.322;21:31.250|0.000|50.755;22:30.290|0.000|43.167;23:30.698|0.000|47.056;24:27.660|0.000|46.036;25:29.411|0.000|45.440;26:31.548|0.000|48.154;27:29.502|0.000|47.182;28:30.992|0.000|41.689;29:31.372|0.000|43.408"
49.876,"auto_stronger_social_force_A",32.1031,0.0400,30.6494,0.0000,0.2920,20.0660,33.8027,30.5834,1.5858,11.0519,0,30,"0:29.040|0.000|42.688;1:27.242|0.000|50.019;2:29.994|0.000|46.290;3:27.417|0.000|43.083;4:26.390|0.000|46.766;5:28.398|0.000|44.983;6:26.540|0.000|45.567;7:28.491|0.000|46.229;8:28.322|0.000|47.419;9:28.601|0.000|49.296;10:27.765|0.000|41.815;11:26.115|0.000|44.360;12:27.234|0.000|44.565;13:26.653|0.000|48.019;14:28.281|0.000|43.830;15:29.172|0.000|79.040;16:31.514|0.000|45.156;17:31.707|0.000|46.309;18:29.736|0.000|44.013;19:30.701|0.000|44.431;20:31.157|0.000|49.300;21:31.281|0.000|50.734;22:30.297|0.000|43.114;23:30.654|0.000|47.080;24:27.628|0.000|45.991;25:29.427|0.000|45.390;26:31.546|0.000|48.118;27:29.486|0.000|47.231;28:31.002|0.000|41.646;29:31.394|0.000|43.369"
49.994,"auto_stronger_social_force_A",32.1031,0.0400,30.6308,0.0000,0.2920,20.0660,33.7969,30.5648,1.5858,11.0310,0,30,"0:28.990|0.000|42.696;1:27.251|0.000|50.082;2:29.939|0.000|46.282;3:27.347|0.000|43.097;4:26.400|0.000|46.833;5:28.355|0.000|45.004;6:26.508|0.000|45.598;7:28.503|0.000|46.267;8:28.314|0.000|47.480;9:28.606|0.000|49.349;10:27.723|0.000|41.825;11:26.108|0.000|44.406;12:27.274|0.000|44.581;13:26.677|0.000|48.072;14:28.256|0.000|43.842;15:29.199|0.000|79.022;16:31.537|0.000|45.121;17:31.672|0.000|46.285;18:29.732|0.000|44.010;19:30.718|0.000|44.389;20:31.186|0.000|49.274;21:31.317|0.000|50.710;22:30.304|0.000|43.056;23:30.681|0.000|47.065;24:27.496|0.000|45.798;25:29.442|0.000|45.332;26:31.544|0.000|48.067;27:29.467|0.000|47.281;28:31.009|0.000|41.607;29:31.416|0.000|43.321"
50.099,"auto_stronger_social_force_A",32.1031,0.0400,30.6154,0.0000,0.2920,20.0660,33.7920,30.5494,1.5858,11.0093,0,30,"0:28.939|0.000|42.700;1:27.258|0.000|50.130;2:29.892|0.000|46.283;3:27.290|0.000|43.110;4:26.407|0.000|46.885;5:28.321|0.000|45.024;6:26.474|0.000|45.623;7:28.514|0.000|46.306;8:28.306|0.000|47.531;9:28.611|0.000|49.392;10:27.685|0.000|41.839;11:26.106|0.000|44.447;12:27.298|0.000|44.598;13:26.694|0.000|48.110;14:28.239|0.000|43.850;15:29.222|0.000|79.008;16:31.556|0.000|45.094;17:31.634|0.000|46.267;18:29.720|0.000|43.995;19:30.737|0.000|44.352;20:31.207|0.000|49.253;21:31.346|0.000|50.688;22:30.309|0.000|43.006;23:30.723|0.000|47.051;24:27.509|0.000|45.784;25:29.455|0.000|45.286;26:31.543|0.000|48.018;27:29.451|0.000|47.319;28:31.013|0.000|41.571;29:31.433|0.000|43.279"
50.207,"auto_stronger_social_force_A",32.1031,0.0400,30.5984,0.0000,0.2920,20.0660,33.7867,30.5324,1.5858,10.9807,0,30,"0:28.881|0.000|42.705;1:27.266|0.000|50.180;2:29.847|0.000|46.288;3:27.232|0.000|43.124;4:26.413|0.000|46.937;5:28.303|0.000|45.047;6:26.436|0.000|45.657;7:28.527|0.000|46.355;8:28.299|0.000|47.586;9:28.616|0.000|49.437;10:27.641|0.000|41.857;11:26.105|0.000|44.497;12:27.312|0.000|44.618;13:26.705|0.000|48.140;14:28.220|0.000|43.858;15:29.247|0.000|78.992;16:31.573|0.000|45.064;17:31.588|0.000|46.247;18:29.701|0.000|43.968;19:30.757|0.000|44.313;20:31.229|0.000|49.230;21:31.378|0.000|50.663;22:30.314|0.000|42.951;23:30.754|0.000|47.052;24:27.551|0.000|45.762;25:29.469|0.000|45.246;26:31.542|0.000|47.962;27:29.434|0.000|47.361;28:31.019|0.000|41.525;29:31.452|0.000|43.229"
50.317,"auto_stronger_social_force_A",32.1031,0.0400,30.5814,0.0000,0.2920,20.0660,33.7814,30.5154,1.5858,10.9481,0,30,"0:28.827|0.000|42.709;1:27.274|0.000|50.235;2:29.818|0.000|46.295;3:27.178|0.000|43.139;4:26.416|0.000|46.981;5:28.302|0.000|45.069;6:26.399|0.000|45.701;7:28.539|0.000|46.408;8:28.292|0.000|47.641;9:28.623|0.000|49.482;10:27.594|0.000|41.875;11:26.091|0.000|44.543;12:27.317|0.000|44.640;13:26.712|0.000|48.174;14:28.202|0.000|43.865;15:29.273|0.000|78.978;16:31.586|0.000|45.033;17:31.537|0.000|46.223;18:29.686|0.000|43.916;19:30.774|0.000|44.268;20:31.250|0.000|49.209;21:31.404|0.000|50.641;22:30.318|0.000|42.897;23:30.807|0.000|47.043;24:27.579|0.000|45.733;25:29.487|0.000|45.206;26:31.541|0.000|47.910;27:29.416|0.000|47.404;28:31.025|0.000|41.476;29:31.473|0.000|43.178"
50.436,"auto_stronger_social_force_A",32.1031,0.0400,30.5629,0.0000,0.2920,20.0660,33.7757,30.4969,1.5858,10.9093,0,30,"0:28.771|0.000|42.710;1:27.280|0.000|50.295;2:29.796|0.000|46.303;3:27.121|0.000|43.166;4:26.420|0.000|47.014;5:28.328|0.000|45.096;6:26.353|0.000|45.771;7:28.550|0.000|46.467;8:28.282|0.000|47.696;9:28.633|0.000|49.530;10:27.540|0.000|41.895;11:26.075|0.000|44.562;12:27.304|0.000|44.662;13:26.723|0.000|48.221;14:28.180|0.000|43.871;15:29.301|0.000|78.964;16:31.600|0.000|44.996;17:31.456|0.000|46.170;18:29.668|0.000|43.858;19:30.791|0.000|44.213;20:31.270|0.000|49.187;21:31.423|0.000|50.620;22:30.323|0.000|42.840;23:30.880|0.000|47.008;24:27.605|0.000|45.715;25:29.504|0.000|45.171;26:31.540|0.000|47.866;27:29.400|0.000|47.451;28:31.030|0.000|41.419;29:31.497|0.000|43.119"
50.544,"auto_stronger_social_force_A",32.1031,0.0400,30.5459,0.0000,0.2920,20.0660,33.7704,30.4799,1.5858,10.8722,0,30,"0:28.721|0.000|42.709;1:27.287|0.000|50.351;2:29.776|0.000|46.311;3:27.073|0.000|43.191;4:26.433|0.000|47.046;5:28.347|0.000|45.115;6:26.322|0.000|45.845;7:28.561|0.000|46.524;8:28.271|0.000|47.745;9:28.643|0.000|49.573;10:27.490|0.000|41.913;11:26.061|0.000|44.567;12:27.292|0.000|44.679;13:26.734|0.000|48.271;14:28.158|0.000|43.877;15:29.332|0.000|78.952;16:31.608|0.000|44.958;17:31.341|0.000|46.026;18:29.650|0.000|43.801;19:30.809|0.000|44.157;20:31.287|0.000|49.165;21:31.437|0.000|50.600;22:30.330|0.000|42.789;23:30.912|0.000|46.983;24:27.632|0.000|45.706;25:29.524|0.000|45.139;26:31.547|0.000|47.830;27:29.386|0.000|47.495;28:31.034|0.000|41.365;29:31.523|0.000|43.051"
50.655,"auto_stronger_social_force_A",32.1031,0.0400,30.5289,0.0000,0.2920,20.0660,33.7651,30.4629,1.5858,10.8354,0,30,"0:28.672|0.000|42.706;1:27.293|0.000|50.407;2:29.751|0.000|46.323;3:27.026|0.000|43.215;4:26.458|0.000|47.087;5:28.384|0.000|45.108;6:26.304|0.000|45.917;7:28.577|0.000|46.594;8:28.258|0.000|47.792;9:28.655|0.000|49.614;10:27.444|0.000|41.932;11:26.065|0.000|44.573;12:27.255|0.000|44.697;13:26.745|0.000|48.325;14:28.135|0.000|43.880;15:29.364|0.000|78.942;16:31.611|0.000|44.912;17:31.315|0.000|45.964;18:29.625|0.000|43.737;19:30.828|0.000|44.092;20:31.299|0.000|49.146;21:31.451|0.000|50.578;22:30.339|0.000|42.738;23:30.924|0.000|46.966;24:27.663|0.000|45.707;25:29.542|0.000|45.111;26:31.553|0.000|47.805;27:29.374|0.000|47.535;28:31.039|0.000|41.312;29:31.541|0.000|42.984"
50.758,"auto_stronger_social_force_A",32.1031,0.0400,30.5134,0.0000,0.2920,20.0660,33.7603,30.4474,1.5858,10.8028,0,30,"0:28.627|0.000|42.703;1:27.298|0.000|50.458;2:29.735|0.000|46.334;3:26.983|0.000|43.239;4:26.483|0.000|47.129;5:28.426|0.000|45.103;6:26.302|0.000|45.968;7:28.601|0.000|46.685;8:28.245|0.000|47.834;9:28.666|0.000|49.653;10:27.403|0.000|41.948;11:26.083|0.000|44.586;12:27.204|0.000|44.717;13:26.755|0.000|48.375;14:28.112|0.000|43.881;15:29.388|0.000|78.936;16:31.613|0.000|44.864;17:31.328|0.000|45.915;18:29.604|0.000|43.704;19:30.845|0.000|44.024;20:31.303|0.000|49.138;21:31.462|0.000|50.553;22:30.348|0.000|42.693;23:30.927|0.000|46.956;24:27.694|0.000|45.721;25:29.559|0.000|45.086;26:31.559|0.000|47.791;27:29.363|0.000|47.569;28:31.045|0.000|41.264;29:31.546|0.000|42.953"
50.865,"auto_stronger_social_force_A",32.1031,0.0400,30.4964,0.0000,0.2920,20.0660,33.7551,30.4304,1.5858,10.7676,0,30,"0:28.577|0.000|42.698;1:27.304|0.000|50.513;2:29.713|0.000|46.352;3:26.939|0.000|43.266;4:26.503|0.000|47.158;5:28.471|0.000|45.101;6:26.320|0.000|46.012;7:28.653|0.000|46.691;8:28.232|0.000|47.878;9:28.676|0.000|49.697;10:27.359|0.000|41.965;11:26.106|0.000|44.601;12:27.156|0.000|44.740;13:26.767|0.000|48.430;14:28.064|0.000|43.896;15:29.414|0.000|78.931;16:31.614|0.000|44.810;17:31.332|0.000|45.874;18:29.594|0.000|43.695;19:30.855|0.000|43.968;20:31.303|0.000|49.132;21:31.473|0.000|50.524;22:30.357|0.000|42.642;23:30.929|0.000|46.932;24:27.733|0.000|45.744;25:29.580|0.000|45.061;26:31.570|0.000|47.776;27:29.353|0.000|47.610;28:31.051|0.000|41.213;29:31.546|0.000|42.917"
50.976,"auto_stronger_social_force_A",32.1031,0.0400,30.4794,0.0000,0.2920,20.0660,33.7498,30.4134,1.5858,10.7356,0,30,"0:28.525|0.000|42.694;1:27.311|0.000|50.568;2:29.702|0.000|46.364;3:26.898|0.000|43.293;4:26.507|0.000|47.173;5:28.481|0.000|45.105;6:26.356|0.000|46.081;7:28.681|0.000|46.675;8:28.221|0.000|47.914;9:28.687|0.000|49.746;10:27.315|0.000|41.983;11:26.141|0.000|44.625;12:27.123|0.000|44.765;13:26.779|0.000|48.483;14:28.020|0.000|43.913;15:29.440|0.000|78.928;16:31.615|0.000|44.758;17:31.333|0.000|45.832;18:29.590|0.000|43.687;19:30.861|0.000|43.935;20:31.301|0.000|49.122;21:31.481|0.000|50.494;22:30.366|0.000|42.595;23:30.921|0.000|46.897;24:27.768|0.000|45.753;25:29.604|0.000|45.038;26:31.594|0.000|47.748;27:29.344|0.000|47.653;28:31.059|0.000|41.164;29:31.548|0.000|42.872"
51.086,"auto_stronger_social_force_A",32.1031,0.0400,30.4624,0.0000,0.2920,20.0660,33.7446,30.3964,1.5858,10.7049,0,30,"0:28.474|0.000|42.692;1:27.317|0.000|50.623;2:29.702|0.000|46.368;3:26.862|0.000|43.316;4:26.506|0.000|47.198;5:28.509|0.000|45.098;6:26.399|0.000|46.138;7:28.670|0.000|46.688;8:28.210|0.000|47.948;9:28.698|0.000|49.797;10:27.271|0.000|42.002;11:26.165|0.000|44.656;12:27.083|0.000|44.813;13:26.791|0.000|48.535;14:27.976|0.000|43.930;15:29.467|0.000|78.928;16:31.620|0.000|44.704;17:31.331|0.000|45.792;18:29.596|0.000|43.654;19:30.860|0.000|43.903;20:31.301|0.000|49.120;21:31.486|0.000|50.459;22:30.370|0.000|42.551;23:30.911|0.000|46.854;24:27.790|0.000|45.755;25:29.629|0.000|45.013;26:31.611|0.000|47.721;27:29.337|0.000|47.690;28:31.068|0.000|41.117;29:31.550|0.000|42.823"
51.188,"auto_stronger_social_force_A",32.1031,0.0400,30.4470,0.0000,0.2920,20.0660,33.7398,30.3810,1.5858,10.6753,0,30,"0:28.433|0.000|42.690;1:27.322|0.000|50.671;2:29.705|0.000|46.373;3:26.832|0.000|43.336;4:26.501|0.000|47.222;5:28.532|0.000|45.088;6:26.431|0.000|46.167;7:28.648|0.000|46.710;8:28.199|0.000|47.980;9:28.706|0.000|49.845;10:27.232|0.000|42.017;11:26.122|0.000|44.673;12:26.990|0.000|44.842;13:26.803|0.000|48.578;14:27.933|0.000|43.946;15:29.495|0.000|78.930;16:31.625|0.000|44.658;17:31.328|0.000|45.752;18:29.606|0.000|43.620;19:30.858|0.000|43.867;20:31.300|0.000|49.109;21:31.493|0.000|50.428;22:30.373|0.000|42.510;23:30.911|0.000|46.810;24:27.809|0.000|45.763;25:29.654|0.000|44.986;26:31.621|0.000|47.695;27:29.334|0.000|47.722;28:31.076|0.000|41.073;29:31.553|0.000|42.774"
51.289,"auto_stronger_social_force_A",32.1031,0.0400,30.4315,0.0000,0.2920,20.0660,33.7351,30.3655,1.5858,10.6506,0,30,"0:28.396|0.000|42.689;1:27.327|0.000|50.716;2:29.712|0.000|46.378;3:26.802|0.000|43.355;4:26.501|0.000|47.260;5:28.555|0.000|45.075;6:26.456|0.000|46.179;7:28.628|0.000|46.732;8:28.189|0.000|48.010;9:28.715|0.000|49.893;10:27.196|0.000|42.030;11:26.074|0.000|44.722;12:26.997|0.000|44.854;13:26.815|0.000|48.616;14:27.890|0.000|43.965;15:29.527|0.000|78.932;16:31.629|0.000|44.615;17:31.328|0.000|45.702;18:29.610|0.000|43.589;19:30.858|0.000|43.825;20:31.301|0.000|49.061;21:31.503|0.000|50.401;22:30.374|0.000|42.470;23:30.912|0.000|46.773;24:27.829|0.000|45.780;25:29.680|0.000|44.958;26:31.622|0.000|47.677;27:29.332|0.000|47.752;28:31.082|0.000|41.033;29:31.554|0.000|42.723"
51.401,"auto_stronger_social_force_A",32.1031,0.0400,30.4130,0.0000,0.2920,20.0660,33.7294,30.3470,1.5858,10.6278,0,30,"0:28.354|0.000|42.691;1:27.333|0.000|50.775;2:29.719|0.000|46.384;3:26.764|0.000|43.377;4:26.504|0.000|47.318;5:28.582|0.000|45.059;6:26.491|0.000|46.188;7:28.606|0.000|46.760;8:28.179|0.000|48.049;9:28.725|0.000|49.950;10:27.157|0.000|42.040;11:26.053|0.000|44.764;12:27.051|0.000|44.931;13:26.832|0.000|48.668;14:27.840|0.000|43.989;15:29.571|0.000|78.936;16:31.636|0.000|44.557;17:31.327|0.000|45.642;18:29.614|0.000|43.546;19:30.858|0.000|43.768;20:31.303|0.000|49.000;21:31.511|0.000|50.377;22:30.376|0.000|42.414;23:30.901|0.000|46.722;24:27.847|0.000|45.799;25:29.714|0.000|44.924;26:31.613|0.000|47.662;27:29.329|0.000|47.780;28:31.085|0.000|40.992;29:31.554|0.000|42.662"
51.501,"auto_stronger_social_force_A",32.1031,0.0400,30.3975,0.0000,0.2920,20.0660,33.7247,30.3315,1.5858,10.6098,0,30,"0:28.310|0.000|42.694;1:27.337|0.000|50.825;2:29.723|0.000|46.389;3:26.733|0.000|43.394;4:26.509|0.000|47.370;5:28.607|0.000|45.042;6:26.528|0.000|46.194;7:28.589|0.000|46.784;8:28.170|0.000|48.085;9:28.734|0.000|49.995;10:27.124|0.000|42.046;11:26.032|0.000|44.793;12:27.068|0.000|44.958;13:26.846|0.000|48.712;14:27.805|0.000|44.009;15:29.611|0.000|78.941;16:31.640|0.000|44.517;17:31.326|0.000|45.594;18:29.619|0.000|43.506;19:30.857|0.000|43.717;20:31.304|0.000|48.950;21:31.510|0.000|50.367;22:30.379|0.000|42.365;23:30.878|0.000|46.686;24:27.857|0.000|45.814;25:29.744|0.000|44.896;26:31.595|0.000|47.640;27:29.326|0.000|47.797;28:31.086|0.000|40.958;29:31.556|0.000|42.612"
51.611,"auto_stronger_social_force_A",32.1031,0.0400,30.3806,0.0000,0.2920,20.0660,33.7195,30.3146,1.5858,10.5836,0,30,"0:28.259|0.000|42.702;1:27.342|0.000|50.884;2:29.728|0.000|46.395;3:26.699|0.000|43.410;4:26.514|0.000|47.426;5:28.640|0.000|45.021;6:26.577|0.000|46.204;7:28.568|0.000|46.817;8:28.160|0.000|48.133;9:28.746|0.000|50.045;10:27.082|0.000|42.055;11:26.014|0.000|44.834;12:27.082|0.000|44.988;13:26.857|0.000|48.757;14:27.770|0.000|44.031;15:29.655|0.000|78.948;16:31.642|0.000|44.477;17:31.327|0.000|45.541;18:29.623|0.000|43.457;19:30.856|0.000|43.660;20:31.304|0.000|48.895;21:31.505|0.000|50.353;22:30.382|0.000|42.310;23:30.870|0.000|46.679;24:27.875|0.000|45.838;25:29.779|0.000|44.865;26:31.573|0.000|47.609;27:29.323|0.000|47.811;28:31.086|0.000|40.915;29:31.559|0.000|42.557"
51.715,"auto_stronger_social_force_A",32.1031,0.0400,30.3651,0.0000,0.2920,20.0660,33.7147,30.2991,1.5858,10.5559,0,30,"0:28.217|0.000|42.712;1:27.345|0.000|50.939;2:29.732|0.000|46.401;3:26.670|0.000|43.422;4:26.518|0.000|47.476;5:28.672|0.000|45.003;6:26.623|0.000|46.216;7:28.548|0.000|46.854;8:28.151|0.000|48.179;9:28.756|0.000|50.088;10:27.040|0.000|42.064;11:26.002|0.000|44.871;12:27.089|0.000|45.017;13:26.863|0.000|48.796;14:27.739|0.000|44.050;15:29.696|0.000|78.956;16:31.640|0.000|44.447;17:31.331|0.000|45.493;18:29.625|0.000|43.409;19:30.857|0.000|43.610;20:31.304|0.000|48.847;21:31.496|0.000|50.339;22:30.383|0.000|42.259;23:30.863|0.000|46.658;24:27.922|0.000|45.875;25:29.808|0.000|44.839;26:31.563|0.000|47.576;27:29.319|0.000|47.820;28:31.085|0.000|40.872;29:31.564|0.000|42.508"
51.832,"auto_stronger_social_force_A",32.1031,0.0400,30.3466,0.0000,0.2920,20.0660,33.7091,30.2806,1.5858,10.5169,0,30,"0:28.173|0.000|42.727;1:27.349|0.000|51.005;2:29.730|0.000|46.407;3:26.635|0.000|43.440;4:26.523|0.000|47.533;5:28.708|0.000|44.983;6:26.679|0.000|46.237;7:28.527|0.000|46.908;8:28.143|0.000|48.238;9:28.769|0.000|50.133;10:26.986|0.000|42.077;11:25.990|0.000|44.920;12:27.093|0.000|45.060;13:26.868|0.000|48.846;14:27.707|0.000|44.072;15:29.747|0.000|78.965;16:31.634|0.000|44.406;17:31.338|0.000|45.431;18:29.627|0.000|43.348;19:30.860|0.000|43.551;20:31.306|0.000|48.791;21:31.475|0.000|50.315;22:30.385|0.000|42.199;23:30.871|0.000|46.630;24:28.020|0.000|45.903;25:29.841|0.000|44.810;26:31.552|0.000|47.539;27:29.314|0.000|47.827;28:31.085|0.000|40.814;29:31.570|0.000|42.451"
51.940,"auto_stronger_social_force_A",32.1031,0.0400,30.3296,0.0000,0.2920,20.0660,33.7039,30.2636,1.5858,10.4782,0,30,"0:28.146|0.000|42.739;1:27.353|0.000|51.062;2:29.723|0.000|46.414;3:26.599|0.000|43.459;4:26.528|0.000|47.580;5:28.739|0.000|44.961;6:26.736|0.000|46.269;7:28.510|0.000|46.962;8:28.138|0.000|48.295;9:28.782|0.000|50.177;10:26.932|0.000|42.092;11:25.970|0.000|44.951;12:27.099|0.000|45.108;13:26.874|0.000|48.897;14:27.681|0.000|44.087;15:29.792|0.000|78.971;16:31.629|0.000|44.360;17:31.347|0.000|45.366;18:29.629|0.000|43.292;19:30.864|0.000|43.497;20:31.306|0.000|48.745;21:31.451|0.000|50.291;22:30.387|0.000|42.143;23:30.884|0.000|46.598;24:28.084|0.000|45.903;25:29.871|0.000|44.781;26:31.540|0.000|47.506;27:29.310|0.000|47.830;28:31.084|0.000|40.758;29:31.577|0.000|42.395"
52.046,"auto_stronger_social_force_A",32.1031,0.0400,30.3141,0.0000,0.2920,20.0660,33.6992,30.2481,1.5858,10.4436,0,30,"0:28.130|0.000|42.747;1:27.357|0.000|51.113;2:29.713|0.000|46.420;3:26.565|0.000|43.479;4:26.534|0.000|47.620;5:28.767|0.000|44.938;6:26.792|0.000|46.311;7:28.496|0.000|47.005;8:28.132|0.000|48.348;9:28.794|0.000|50.218;10:26.883|0.000|42.106;11:25.961|0.000|44.966;12:27.104|0.000|45.155;13:26.879|0.000|48.944;14:27.661|0.000|44.097;15:29.833|0.000|78.975;16:31.624|0.000|44.313;17:31.352|0.000|45.305;18:29.633|0.000|43.241;19:30.867|0.000|43.454;20:31.298|0.000|48.725;21:31.431|0.000|50.270;22:30.390|0.000|42.100;23:30.888|0.000|46.571;24:28.160|0.000|45.886;25:29.896|0.000|44.755;26:31.529|0.000|47.477;27:29.307|0.000|47.832;28:31.082|0.000|40.708;29:31.582|0.000|42.346"
52.151,"auto_stronger_social_force_A",32.1031,0.0400,30.2971,0.0000,0.2920,20.0660,33.6940,30.2311,1.5858,10.4063,0,30,"0:28.119|0.000|42.754;1:27.361|0.000|51.167;2:29.701|0.000|46.428;3:26.530|0.000|43.505;4:26.543|0.000|47.669;5:28.797|0.000|44.911;6:26.850|0.000|46.378;7:28.480|0.000|47.043;8:28.123|0.000|48.405;9:28.806|0.000|50.262;10:26.835|0.000|42.119;11:25.962|0.000|44.973;12:27.109|0.000|45.209;13:26.884|0.000|48.997;14:27.637|0.000|44.109;15:29.880|0.000|78.979;16:31.620|0.000|44.257;17:31.345|0.000|45.258;18:29.636|0.000|43.185;19:30.871|0.000|43.406;20:31.303|0.000|48.690;21:31.410|0.000|50.248;22:30.396|0.000|42.046;23:30.890|0.000|46.536;24:28.208|0.000|45.884;25:29.919|0.000|44.730;26:31.516|0.000|47.446;27:29.304|0.000|47.834;28:31.079|0.000|40.653;29:31.582|0.000|42.300"
52.260,"auto_stronger_social_force_A",32.1031,0.0400,30.2817,0.0000,0.2920,20.0660,33.6893,30.2157,1.5858,10.3716,0,30,"0:28.110|0.000|42.758;1:27.365|0.000|51.217;2:29.687|0.000|46.442;3:26.500|0.000|43.530;4:26.552|0.000|47.716;5:28.825|0.000|44.885;6:26.884|0.000|46.434;7:28.465|0.000|47.067;8:28.114|0.000|48.457;9:28.815|0.000|50.303;10:26.805|0.000|42.128;11:25.976|0.000|44.989;12:27.115|0.000|45.261;13:26.890|0.000|49.047;14:27.613|0.000|44.120;15:29.920|0.000|78.983;16:31.615|0.000|44.206;17:31.325|0.000|45.202;18:29.639|0.000|43.140;19:30.876|0.000|43.359;20:31.313|0.000|48.652;21:31.392|0.000|50.227;22:30.402|0.000|41.998;23:30.892|0.000|46.498;24:28.253|0.000|45.880;25:29.940|0.000|44.706;26:31.503|0.000|47.416;27:29.303|0.000|47.834;28:31.078|0.000|40.603;29:31.579|0.000|42.260"
52.364,"auto_stronger_social_force_A",32.1031,0.0400,30.2647,0.0000,0.2920,20.0660,33.6842,30.1987,1.5858,10.3380,0,30,"0:28.105|0.000|42.762;1:27.369|0.000|51.271;2:29.661|0.000|46.465;3:26.471|0.000|43.559;4:26.570|0.000|47.772;5:28.854|0.000|44.860;6:26.892|0.000|46.471;7:28.447|0.000|47.088;8:28.102|0.000|48.518;9:28.824|0.000|50.347;10:26.774|0.000|42.139;11:25.999|0.000|45.009;12:27.122|0.000|45.316;13:26.896|0.000|49.103;14:27.585|0.000|44.130;15:29.949|0.000|78.983;16:31.609|0.000|44.151;17:31.279|0.000|45.120;18:29.642|0.000|43.092;19:30.879|0.000|43.313;20:31.322|0.000|48.614;21:31.369|0.000|50.201;22:30.408|0.000|41.946;23:30.897|0.000|46.448;24:28.301|0.000|45.874;25:29.960|0.000|44.681;26:31.489|0.000|47.387;27:29.303|0.000|47.834;28:31.079|0.000|40.552;29:31.576|0.000|42.213"
52.469,"auto_stronger_social_force_A",32.1031,0.0400,30.2492,0.0000,0.2920,20.0660,33.6795,30.1832,1.5858,10.3101,0,30,"0:28.100|0.000|42.765;1:27.373|0.000|51.319;2:29.629|0.000|46.490;3:26.448|0.000|43.584;4:26.590|0.000|47.824;5:28.878|0.000|44.840;6:26.882|0.000|46.489;7:28.425|0.000|47.108;8:28.094|0.000|48.573;9:28.831|0.000|50.390;10:26.740|0.000|42.153;11:26.023|0.000|45.027;12:27.118|0.000|45.342;13:26.904|0.000|49.155;14:27.556|0.000|44.140;15:29.973|0.000|78.988;16:31.604|0.000|44.103;17:31.245|0.000|45.074;18:29.648|0.000|43.043;19:30.878|0.000|43.276;20:31.328|0.000|48.581;21:31.346|0.000|50.173;22:30.412|0.000|41.898;23:30.902|0.000|46.397;24:28.345|0.000|45.868;25:29.976|0.000|44.658;26:31.477|0.000|47.362;27:29.303|0.000|47.834;28:31.082|0.000|40.509;29:31.574|0.000|42.164"
52.578,"auto_stronger_social_force_A",32.1031,0.0400,30.2322,0.0000,0.2920,20.0660,33.6744,30.1662,1.5858,10.2762,0,30,"0:28.096|0.000|42.768;1:27.378|0.000|51.373;2:29.589|0.000|46.515;3:26.422|0.000|43.612;4:26.611|0.000|47.876;5:28.901|0.000|44.822;6:26.868|0.000|46.522;7:28.399|0.000|47.131;8:28.092|0.000|48.615;9:28.840|0.000|50.440;10:26.698|0.000|42.175;11:26.050|0.000|45.042;12:27.109|0.000|45.347;13:26.915|0.000|49.214;14:27.523|0.000|44.155;15:30.005|0.000|78.996;16:31.601|0.000|44.051;17:31.216|0.000|45.046;18:29.652|0.000|42.998;19:30.875|0.000|43.234;20:31.335|0.000|48.541;21:31.318|0.000|50.139;22:30.415|0.000|41.848;23:30.908|0.000|46.343;24:28.396|0.000|45.864;25:29.993|0.000|44.628;26:31.465|0.000|47.335;27:29.303|0.000|47.834;28:31.087|0.000|40.458;29:31.573|0.000|42.107"
52.685,"auto_stronger_social_force_A",32.1031,0.0400,30.2152,0.0000,0.2920,20.0660,33.6693,30.1492,1.5858,10.2427,0,30,"0:28.093|0.000|42.772;1:27.384|0.000|51.427;2:29.547|0.000|46.540;3:26.399|0.000|43.637;4:26.629|0.000|47.925;5:28.922|0.000|44.808;6:26.866|0.000|46.597;7:28.372|0.000|47.151;8:28.092|0.000|48.658;9:28.848|0.000|50.491;10:26.662|0.000|42.200;11:26.074|0.000|45.056;12:27.113|0.000|45.363;13:26.924|0.000|49.272;14:27.494|0.000|44.176;15:30.042|0.000|79.007;16:31.600|0.000|44.010;17:31.189|0.000|45.024;18:29.652|0.000|42.959;19:30.873|0.000|43.187;20:31.342|0.000|48.498;21:31.291|0.000|50.104;22:30.419|0.000|41.793;23:30.914|0.000|46.291;24:28.451|0.000|45.860;25:30.011|0.000|44.592;26:31.456|0.000|47.312;27:29.303|0.000|47.834;28:31.092|0.000|40.408;29:31.572|0.000|42.049"
52.785,"auto_stronger_social_force_A",32.1031,0.0400,30.1998,0.0000,0.2920,20.0660,33.6646,30.1338,1.5858,10.2187,0,30,"0:28.091|0.000|42.777;1:27.390|0.000|51.476;2:29.508|0.000|46.565;3:26.379|0.000|43.660;4:26.645|0.000|47.970;5:28.939|0.000|44.798;6:26.867|0.000|46.656;7:28.348|0.000|47.171;8:28.092|0.000|48.702;9:28.855|0.000|50.539;10:26.642|0.000|42.218;11:26.099|0.000|45.068;12:27.135|0.000|45.401;13:26.932|0.000|49.317;14:27.472|0.000|44.196;15:30.080|0.000|79.019;16:31.602|0.000|43.972;17:31.160|0.000|45.000;18:29.650|0.000|42.922;19:30.872|0.000|43.139;20:31.349|0.000|48.453;21:31.267|0.000|50.071;22:30.422|0.000|41.744;23:30.921|0.000|46.246;24:28.505|0.000|45.855;25:30.028|0.000|44.552;26:31.439|0.000|47.277;27:29.303|0.000|47.834;28:31.095|0.000|40.369;29:31.570|0.000|41.996"
52.904,"auto_stronger_social_force_A",32.1031,0.0400,30.1813,0.0000,0.2920,20.0660,33.6590,30.1153,1.5858,10.1912,0,30,"0:28.084|0.000|42.787;1:27.399|0.000|51.530;2:29.466|0.000|46.596;3:26.361|0.000|43.686;4:26.664|0.000|48.026;5:28.958|0.000|44.788;6:26.870|0.000|46.721;7:28.320|0.000|47.193;8:28.092|0.000|48.760;9:28.863|0.000|50.595;10:26.630|0.000|42.233;11:26.129|0.000|45.079;12:27.147|0.000|45.422;13:26.938|0.000|49.367;14:27.450|0.000|44.219;15:30.130|0.000|79.036;16:31.607|0.000|43.915;17:31.123|0.000|44.970;18:29.648|0.000|42.872;19:30.870|0.000|43.080;20:31.356|0.000|48.396;21:31.237|0.000|50.031;22:30.425|0.000|41.686;23:30.931|0.000|46.197;24:28.564|0.000|45.850;25:30.044|0.000|44.498;26:31.430|0.000|47.245;27:29.303|0.000|47.834;28:31.094|0.000|40.322;29:31.565|0.000|41.935"
53.005,"auto_stronger_social_force_A",32.1031,0.0400,30.1658,0.0000,0.2920,20.0660,33.6544,30.0998,1.5858,10.1622,0,30,"0:28.071|0.000|42.806;1:27.406|0.000|51.580;2:29.434|0.000|46.625;3:26.349|0.000|43.702;4:26.678|0.000|48.073;5:28.975|0.000|44.779;6:26.873|0.000|46.771;7:28.294|0.000|47.211;8:28.092|0.000|48.811;9:28.870|0.000|50.642;10:26.624|0.000|42.242;11:26.155|0.000|45.084;12:27.154|0.000|45.447;13:26.943|0.000|49.415;14:27.434|0.000|44.239;15:30.174|0.000|79.053;16:31.611|0.000|43.876;17:31.092|0.000|44.942;18:29.645|0.000|42.826;19:30.865|0.000|43.028;20:31.356|0.000|48.346;21:31.211|0.000|49.999;22:30.428|0.000|41.638;23:30.937|0.000|46.163;24:28.601|0.000|45.848;25:30.056|0.000|44.446;26:31.435|0.000|47.224;27:29.303|0.000|47.834;28:31.094|0.000|40.278;29:31.562|0.000|41.885"
53.113,"auto_stronger_social_force_A",32.1031,0.0400,30.1488,0.0000,0.2920,20.0660,33.6493,30.0828,1.5858,10.1284,0,30,"0:28.044|0.000|42.843;1:27.414|0.000|51.635;2:29.399|0.000|46.664;3:26.338|0.000|43.715;4:26.693|0.000|48.124;5:28.992|0.000|44.771;6:26.875|0.000|46.821;7:28.266|0.000|47.232;8:28.095|0.000|48.868;9:28.879|0.000|50.692;10:26.621|0.000|42.250;11:26.189|0.000|45.091;12:27.163|0.000|45.483;13:26.947|0.000|49.471;14:27.419|0.000|44.259;15:30.223|0.000|79.071;16:31.611|0.000|43.835;17:31.059|0.000|44.908;18:29.640|0.000|42.772;19:30.859|0.000|42.972;20:31.356|0.000|48.288;21:31.182|0.000|49.964;22:30.430|0.000|41.586;23:30.950|0.000|46.124;24:28.627|0.000|45.846;25:30.068|0.000|44.381;26:31.445|0.000|47.195;27:29.303|0.000|47.834;28:31.094|0.000|40.227;29:31.561|0.000|41.830"
53.221,"auto_stronger_social_force_A",32.1031,0.0400,30.1318,0.0000,0.2920,20.0660,33.6442,30.0658,1.5858,10.0919,0,30,"0:28.014|0.000|42.877;1:27.422|0.000|51.693;2:29.372|0.000|46.709;3:26.328|0.000|43.728;4:26.709|0.000|48.176;5:29.009|0.000|44.762;6:26.875|0.000|46.865;7:28.237|0.000|47.260;8:28.097|0.000|48.924;9:28.890|0.000|50.741;10:26.621|0.000|42.257;11:26.230|0.000|45.105;12:27.175|0.000|45.527;13:26.951|0.000|49.528;14:27.404|0.000|44.279;15:30.272|0.000|79.088;16:31.609|0.000|43.789;17:31.026|0.000|44.869;18:29.634|0.000|42.716;19:30.853|0.000|42.916;20:31.356|0.000|48.228;21:31.152|0.000|49.931;22:30.434|0.000|41.532;23:30.965|0.000|46.083;24:28.669|0.000|45.837;25:30.085|0.000|44.304;26:31.451|0.000|47.156;27:29.303|0.000|47.834;28:31.093|0.000|40.173;29:31.562|0.000|41.779"
53.329,"auto_stronger_social_force_A",32.1031,0.0400,30.1164,0.0000,0.2920,20.0660,33.6396,30.0504,1.5858,10.0575,0,30,"0:27.985|0.000|42.908;1:27.428|0.000|51.745;2:29.358|0.000|46.739;3:26.320|0.000|43.742;4:26.726|0.000|48.219;5:29.026|0.000|44.753;6:26.868|0.000|46.907;7:28.209|0.000|47.289;8:28.099|0.000|48.974;9:28.902|0.000|50.785;10:26.622|0.000|42.263;11:26.268|0.000|45.122;12:27.184|0.000|45.570;13:26.955|0.000|49.579;14:27.391|0.000|44.298;15:30.317|0.000|79.103;16:31.609|0.000|43.743;17:30.991|0.000|44.823;18:29.627|0.000|42.663;19:30.849|0.000|42.867;20:31.357|0.000|48.179;21:31.124|0.000|49.899;22:30.437|0.000|41.486;23:30.976|0.000|46.050;24:28.706|0.000|45.827;25:30.100|0.000|44.226;26:31.450|0.000|47.098;27:29.303|0.000|47.834;28:31.091|0.000|40.123;29:31.565|0.000|41.736"
53.436,"auto_stronger_social_force_A",32.1031,0.0400,30.0994,0.0000,0.2920,20.0660,33.6345,30.0334,1.5858,10.0206,0,30,"0:27.954|0.000|42.940;1:27.434|0.000|51.802;2:29.360|0.000|46.759;3:26.313|0.000|43.755;4:26.747|0.000|48.265;5:29.046|0.000|44.740;6:26.858|0.000|46.954;7:28.178|0.000|47.322;8:28.100|0.000|49.029;9:28.915|0.000|50.834;10:26.624|0.000|42.271;11:26.306|0.000|45.143;12:27.194|0.000|45.622;13:26.959|0.000|49.636;14:27.377|0.000|44.318;15:30.362|0.000|79.117;16:31.607|0.000|43.692;17:30.947|0.000|44.798;18:29.620|0.000|42.608;19:30.848|0.000|42.813;20:31.362|0.000|48.132;21:31.101|0.000|49.875;22:30.439|0.000|41.437;23:30.975|0.000|46.029;24:28.741|0.000|45.815;25:30.108|0.000|44.154;26:31.446|0.000|47.038;27:29.302|0.000|47.836;28:31.089|0.000|40.068;29:31.569|0.000|41.679"
53.545,"auto_stronger_social_force_A",32.1031,0.0400,30.0824,0.0000,0.2920,20.0660,33.6294,30.0164,1.5858,9.9846,0,30,"0:27.926|0.000|42.970;1:27.440|0.000|51.859;2:29.375|0.000|46.777;3:26.308|0.000|43.769;4:26.771|0.000|48.314;5:29.063|0.000|44.729;6:26.848|0.000|46.999;7:28.145|0.000|47.355;8:28.099|0.000|49.082;9:28.929|0.000|50.878;10:26.627|0.000|42.279;11:26.338|0.000|45.165;12:27.204|0.000|45.677;13:26.964|0.000|49.692;14:27.365|0.000|44.339;15:30.403|0.000|79.128;16:31.603|0.000|43.640;17:30.935|0.000|44.803;18:29.613|0.000|42.554;19:30.850|0.000|42.764;20:31.364|0.000|48.097;21:31.084|0.000|49.853;22:30.440|0.000|41.386;23:30.969|0.000|46.006;24:28.767|0.000|45.807;25:30.109|0.000|44.099;26:31.440|0.000|46.982;27:29.303|0.000|47.844;28:31.088|0.000|40.015;29:31.573|0.000|41.630"
53.646,"auto_stronger_social_force_A",32.1031,0.0400,30.0669,0.0000,0.2920,20.0660,33.6248,30.0009,1.5858,9.9518,0,30,"0:27.901|0.000|42.996;1:27.446|0.000|51.909;2:29.388|0.000|46.794;3:26.306|0.000|43.781;4:26.791|0.000|48.355;5:29.080|0.000|44.718;6:26.840|0.000|47.037;7:28.114|0.000|47.385;8:28.096|0.000|49.135;9:28.940|0.000|50.915;10:26.631|0.000|42.288;11:26.364|0.000|45.186;12:27.215|0.000|45.727;13:26.969|0.000|49.741;14:27.353|0.000|44.361;15:30.440|0.000|79.139;16:31.599|0.000|43.590;17:30.934|0.000|44.803;18:29.610|0.000|42.507;19:30.852|0.000|42.721;20:31.370|0.000|48.081;21:31.072|0.000|49.831;22:30.440|0.000|41.337;23:30.961|0.000|45.977;24:28.788|0.000|45.802;25:30.111|0.000|44.051;26:31.435|0.000|46.939;27:29.294|0.000|47.872;28:31.088|0.000|39.967;29:31.575|0.000|41.585"
53.755,"auto_stronger_social_force_A",32.1031,0.0400,30.0499,0.0000,0.2920,20.0660,33.6198,29.9839,1.5858,9.9183,0,30,"0:27.873|0.000|43.026;1:27.452|0.000|51.963;2:29.401|0.000|46.820;3:26.310|0.000|43.794;4:26.803|0.000|48.377;5:29.103|0.000|44.704;6:26.833|0.000|47.074;7:28.081|0.000|47.418;8:28.095|0.000|49.191;9:28.948|0.000|50.957;10:26.637|0.000|42.299;11:26.392|0.000|45.215;12:27.227|0.000|45.780;13:26.976|0.000|49.793;14:27.338|0.000|44.388;15:30.484|0.000|79.152;16:31.595|0.000|43.537;17:30.952|0.000|44.779;18:29.607|0.000|42.462;19:30.855|0.000|42.669;20:31.364|0.000|48.049;21:31.060|0.000|49.806;22:30.438|0.000|41.288;23:30.953|0.000|45.933;24:28.809|0.000|45.800;25:30.115|0.000|43.991;26:31.430|0.000|46.897;27:29.274|0.000|47.936;28:31.089|0.000|39.916;29:31.574|0.000|41.536"
53.864,"auto_stronger_social_force_A",32.1031,0.0400,30.0329,0.0000,0.2920,20.0660,33.6148,29.9669,1.5858,9.8863,0,30,"0:27.848|0.000|43.055;1:27.457|0.000|52.016;2:29.415|0.000|46.842;3:26.318|0.000|43.810;4:26.809|0.000|48.404;5:29.130|0.000|44.688;6:26.824|0.000|47.114;7:28.049|0.000|47.451;8:28.095|0.000|49.247;9:28.957|0.000|51.005;10:26.644|0.000|42.312;11:26.422|0.000|45.238;12:27.240|0.000|45.832;13:26.981|0.000|49.842;14:27.323|0.000|44.420;15:30.522|0.000|79.166;16:31.593|0.000|43.485;17:30.970|0.000|44.751;18:29.607|0.000|42.411;19:30.855|0.000|42.632;20:31.334|0.000|47.995;21:31.050|0.000|49.780;22:30.436|0.000|41.236;23:30.951|0.000|45.879;24:28.830|0.000|45.800;25:30.114|0.000|43.941;26:31.427|0.000|46.867;27:29.260|0.000|47.989;28:31.090|0.000|39.867;29:31.574|0.000|41.483"
53.969,"auto_stronger_social_force_A",32.1031,0.0400,30.0175,0.0000,0.2920,20.0660,33.6102,29.9515,1.5858,9.8555,0,30,"0:27.827|0.000|43.080;1:27.463|0.000|52.062;2:29.430|0.000|46.861;3:26.327|0.000|43.825;4:26.814|0.000|48.437;5:29.158|0.000|44.671;6:26.815|0.000|47.151;7:28.017|0.000|47.483;8:28.101|0.000|49.290;9:28.966|0.000|51.052;10:26.650|0.000|42.323;11:26.451|0.000|45.253;12:27.254|0.000|45.876;13:26.983|0.000|49.884;14:27.318|0.000|44.445;15:30.552|0.000|79.180;16:31.592|0.000|43.438;17:30.980|0.000|44.719;18:29.607|0.000|42.366;19:30.849|0.000|42.599;20:31.310|0.000|47.960;21:31.040|0.000|49.753;22:30.436|0.000|41.187;23:30.953|0.000|45.826;24:28.851|0.000|45.800;25:30.115|0.000|43.891;26:31.432|0.000|46.838;27:29.248|0.000|48.026;28:31.093|0.000|39.821;29:31.572|0.000|41.435"
54.079,"auto_stronger_social_force_A",32.1031,0.0400,30.0005,0.0000,0.2920,20.0660,33.6051,29.9345,1.5858,9.8249,0,30,"0:27.807|0.000|43.108;1:27.469|0.000|52.110;2:29.444|0.000|46.881;3:26.335|0.000|43.844;4:26.820|0.000|48.480;5:29.185|0.000|44.655;6:26.802|0.000|47.193;7:27.982|0.000|47.526;8:28.120|0.000|49.339;9:28.976|0.000|51.107;10:26.658|0.000|42.335;11:26.460|0.000|45.254;12:27.271|0.000|45.926;13:26.983|0.000|49.928;14:27.331|0.000|44.465;15:30.584|0.000|79.198;16:31.590|0.000|43.389;17:30.985|0.000|44.686;18:29.607|0.000|42.317;19:30.844|0.000|42.551;20:31.288|0.000|47.927;21:31.033|0.000|49.720;22:30.435|0.000|41.130;23:30.955|0.000|45.774;24:28.877|0.000|45.799;25:30.116|0.000|43.833;26:31.445|0.000|46.799;27:29.234|0.000|48.069;28:31.095|0.000|39.774;29:31.570|0.000|41.378"
54.181,"auto_stronger_social_force_A",32.1031,0.0400,29.9835,0.0000,0.2920,20.0660,33.6001,29.9175,1.5858,9.7990,0,30,"0:27.789|0.000|43.134;1:27.475|0.000|52.159;2:29.463|0.000|46.906;3:26.341|0.000|43.861;4:26.825|0.000|48.527;5:29.208|0.000|44.642;6:26.787|0.000|47.234;7:27.958|0.000|47.564;8:28.147|0.000|49.410;9:28.984|0.000|51.161;10:26.666|0.000|42.346;11:26.459|0.000|45.257;12:27.288|0.000|45.982;13:26.981|0.000|49.975;14:27.350|0.000|44.493;15:30.618|0.000|79.217;16:31.590|0.000|43.342;17:30.987|0.000|44.650;18:29.603|0.000|42.272;19:30.840|0.000|42.500;20:31.268|0.000|47.899;21:31.029|0.000|49.688;22:30.435|0.000|41.075;23:30.956|0.000|45.731;24:28.910|0.000|45.797;25:30.116|0.000|43.778;26:31.463|0.000|46.751;27:29.220|0.000|48.112;28:31.095|0.000|39.731;29:31.567|0.000|41.324"
54.287,"auto_stronger_social_force_A",32.1031,0.0400,29.9681,0.0000,0.2920,20.0660,33.5956,29.9021,1.5858,9.7750,0,30,"0:27.775|0.000|43.159;1:27.482|0.000|52.208;2:29.486|0.000|46.937;3:26.347|0.000|43.878;4:26.828|0.000|48.573;5:29.227|0.000|44.631;6:26.771|0.000|47.272;7:27.956|0.000|47.577;8:28.168|0.000|49.471;9:28.992|0.000|51.212;10:26.675|0.000|42.357;11:26.444|0.000|45.278;12:27.298|0.000|46.030;13:26.978|0.000|50.020;14:27.370|0.000|44.531;15:30.652|0.000|79.238;16:31.590|0.000|43.297;17:30.989|0.000|44.608;18:29.595|0.000|42.234;19:30.835|0.000|42.450;20:31.246|0.000|47.871;21:31.026|0.000|49.657;22:30.432|0.000|41.012;23:30.961|0.000|45.683;24:28.949|0.000|45.795;25:30.115|0.000|43.728;26:31.468|0.000|46.721;27:29.207|0.000|48.154;28:31.093|0.000|39.691;29:31.566|0.000|41.273"
54.396,"auto_stronger_social_force_A",32.1031,0.0400,29.9511,0.0000,0.2920,20.0660,33.5906,29.8851,1.5858,9.7459,0,30,"0:27.758|0.000|43.193;1:27.490|0.000|52.263;2:29.515|0.000|46.974;3:26.356|0.000|43.893;4:26.834|0.000|48.627;5:29.244|0.000|44.619;6:26.753|0.000|47.314;7:27.959|0.000|47.590;8:28.189|0.000|49.532;9:29.002|0.000|51.266;10:26.685|0.000|42.369;11:26.422|0.000|45.303;12:27.300|0.000|46.076;13:26.976|0.000|50.065;14:27.391|0.000|44.573;15:30.691|0.000|79.262;16:31.588|0.000|43.253;17:30.990|0.000|44.556;18:29.587|0.000|42.188;19:30.829|0.000|42.393;20:31.219|0.000|47.840;21:31.018|0.000|49.622;22:30.431|0.000|40.951;23:30.969|0.000|45.637;24:29.001|0.000|45.795;25:30.114|0.000|43.675;26:31.475|0.000|46.686;27:29.197|0.000|48.198;28:31.091|0.000|39.644;29:31.566|0.000|41.217"
54.497,"auto_stronger_social_force_A",32.1031,0.0400,29.9356,0.0000,0.2920,20.0660,33.5860,29.8696,1.5858,9.7166,0,30,"0:27.741|0.000|43.228;1:27.497|0.000|52.314;2:29.542|0.000|47.005;3:26.365|0.000|43.905;4:26.842|0.000|48.672;5:29.258|0.000|44.610;6:26.737|0.000|47.351;7:27.962|0.000|47.603;8:28.205|0.000|49.585;9:29.012|0.000|51.315;10:26.695|0.000|42.379;11:26.404|0.000|45.328;12:27.296|0.000|46.114;13:26.978|0.000|50.104;14:27.409|0.000|44.610;15:30.727|0.000|79.285;16:31.583|0.000|43.216;17:30.992|0.000|44.508;18:29.579|0.000|42.144;19:30.824|0.000|42.343;20:31.193|0.000|47.814;21:31.013|0.000|49.591;22:30.431|0.000|40.902;23:30.977|0.000|45.602;24:29.051|0.000|45.794;25:30.115|0.000|43.627;26:31.480|0.000|46.653;27:29.189|0.000|48.237;28:31.089|0.000|39.599;29:31.567|0.000|41.167"
54.600,"auto_stronger_social_force_A",32.1031,0.0400,29.9186,0.0000,0.2920,20.0660,33.5810,29.8526,1.5858,9.6814,0,30,"0:27.724|0.000|43.271;1:27.504|0.000|52.371;2:29.574|0.000|47.038;3:26.380|0.000|43.921;4:26.847|0.000|48.716;5:29.272|0.000|44.599;6:26.719|0.000|47.391;7:27.969|0.000|47.629;8:28.221|0.000|49.641;9:29.023|0.000|51.367;10:26.706|0.000|42.388;11:26.388|0.000|45.354;12:27.291|0.000|46.160;13:26.980|0.000|50.152;14:27.428|0.000|44.654;15:30.766|0.000|79.310;16:31.583|0.000|43.164;17:30.994|0.000|44.456;18:29.571|0.000|42.093;19:30.819|0.000|42.291;20:31.162|0.000|47.785;21:31.009|0.000|49.557;22:30.430|0.000|40.852;23:30.989|0.000|45.561;24:29.109|0.000|45.793;25:30.118|0.000|43.576;26:31.487|0.000|46.613;27:29.182|0.000|48.277;28:31.087|0.000|39.546;29:31.566|0.000|41.120"
54.710,"auto_stronger_social_force_A",32.1031,0.0400,29.9016,0.0000,0.2920,20.0660,33.5761,29.8356,1.5858,9.6441,0,30,"0:27.709|0.000|43.316;1:27.511|0.000|52.427;2:29.607|0.000|47.069;3:26.406|0.000|43.944;4:26.849|0.000|48.769;5:29.285|0.000|44.588;6:26.700|0.000|47.433;7:27.974|0.000|47.661;8:28.239|0.000|49.692;9:29.034|0.000|51.413;10:26.719|0.000|42.398;11:26.375|0.000|45.381;12:27.289|0.000|46.227;13:26.982|0.000|50.203;14:27.448|0.000|44.703;15:30.806|0.000|79.336;16:31.583|0.000|43.112;17:30.997|0.000|44.404;18:29.563|0.000|42.038;19:30.817|0.000|42.239;20:31.128|0.000|47.755;21:31.011|0.000|49.534;22:30.425|0.000|40.805;23:31.002|0.000|45.520;24:29.168|0.000|45.790;25:30.121|0.000|43.523;26:31.495|0.000|46.566;27:29.175|0.000|48.314;28:31.084|0.000|39.492;29:31.568|0.000|41.071"
54.810,"auto_stronger_social_force_A",32.1031,0.0400,29.8862,0.0000,0.2920,20.0660,33.5715,29.8202,1.5858,9.6097,0,30,"0:27.697|0.000|43.357;1:27.518|0.000|52.479;2:29.634|0.000|47.094;3:26.437|0.000|43.965;4:26.849|0.000|48.813;5:29.296|0.000|44.578;6:26.682|0.000|47.468;7:27.968|0.000|47.691;8:28.256|0.000|49.736;9:29.045|0.000|51.458;10:26.730|0.000|42.406;11:26.361|0.000|45.414;12:27.289|0.000|46.284;13:26.985|0.000|50.251;14:27.467|0.000|44.748;15:30.843|0.000|79.360;16:31.576|0.000|43.072;17:30.999|0.000|44.361;18:29.555|0.000|41.991;19:30.819|0.000|42.189;20:31.096|0.000|47.727;21:31.016|0.000|49.518;22:30.419|0.000|40.766;23:31.011|0.000|45.493;24:29.222|0.000|45.786;25:30.125|0.000|43.473;26:31.502|0.000|46.521;27:29.169|0.000|48.348;28:31.080|0.000|39.441;29:31.573|0.000|41.018"
54.910,"auto_stronger_social_force_A",32.1031,0.0400,29.8707,0.0000,0.2920,20.0660,33.5670,29.8047,1.5858,9.5766,0,30,"0:27.684|0.000|43.400;1:27.524|0.000|52.530;2:29.661|0.000|47.117;3:26.469|0.000|43.984;4:26.847|0.000|48.859;5:29.307|0.000|44.570;6:26.663|0.000|47.501;7:27.963|0.000|47.723;8:28.274|0.000|49.777;9:29.056|0.000|51.505;10:26.744|0.000|42.414;11:26.348|0.000|45.455;12:27.290|0.000|46.337;13:26.988|0.000|50.299;14:27.488|0.000|44.794;15:30.881|0.000|79.383;16:31.572|0.000|43.024;17:31.002|0.000|44.321;18:29.550|0.000|41.942;19:30.819|0.000|42.145;20:31.063|0.000|47.702;21:31.023|0.000|49.504;22:30.410|0.000|40.730;23:31.015|0.000|45.464;24:29.275|0.000|45.783;25:30.127|0.000|43.430;26:31.508|0.000|46.473;27:29.162|0.000|48.381;28:31.076|0.000|39.392;29:31.573|0.000|40.977"
55.023,"auto_stronger_social_force_A",32.1031,0.0400,29.8537,0.0000,0.2920,20.0660,33.5621,29.7877,1.5858,9.5408,0,30,"0:27.669|0.000|43.447;1:27.530|0.000|52.585;2:29.692|0.000|47.146;3:26.507|0.000|44.005;4:26.844|0.000|48.911;5:29.317|0.000|44.562;6:26.640|0.000|47.540;7:27.959|0.000|47.763;8:28.295|0.000|49.816;9:29.066|0.000|51.557;10:26.759|0.000|42.423;11:26.336|0.000|45.504;12:27.292|0.000|46.390;13:26.992|0.000|50.353;14:27.513|0.000|44.844;15:30.923|0.000|79.407;16:31.566|0.000|42.970;17:31.007|0.000|44.279;18:29.545|0.000|41.890;19:30.820|0.000|42.096;20:31.025|0.000|47.673;21:31.041|0.000|49.480;22:30.398|0.000|40.686;23:31.015|0.000|45.430;24:29.325|0.000|45.785;25:30.127|0.000|43.382;26:31.510|0.000|46.418;27:29.156|0.000|48.416;28:31.072|0.000|39.339;29:31.573|0.000|40.931"
55.129,"auto_stronger_social_force_A",32.1031,0.0400,29.8383,0.0000,0.2920,20.0660,33.5575,29.7723,1.5858,9.5100,0,30,"0:27.654|0.000|43.492;1:27.534|0.000|52.633;2:29.720|0.000|47.176;3:26.542|0.000|44.023;4:26.840|0.000|48.959;5:29.329|0.000|44.554;6:26.618|0.000|47.582;7:27.955|0.000|47.802;8:28.314|0.000|49.847;9:29.074|0.000|51.604;10:26.776|0.000|42.430;11:26.327|0.000|45.549;12:27.292|0.000|46.434;13:26.994|0.000|50.403;14:27.535|0.000|44.890;15:30.957|0.000|79.427;16:31.560|0.000|42.921;17:31.014|0.000|44.239;18:29.541|0.000|41.840;19:30.822|0.000|42.049;20:30.990|0.000|47.646;21:31.060|0.000|49.458;22:30.386|0.000|40.642;23:31.016|0.000|45.392;24:29.374|0.000|45.787;25:30.124|0.000|43.338;26:31.510|0.000|46.368;27:29.151|0.000|48.446;28:31.070|0.000|39.292;29:31.570|0.000|40.890"
55.238,"auto_stronger_social_force_A",32.1031,0.0400,29.8213,0.0000,0.2920,20.0660,33.5526,29.7553,1.5858,9.4808,0,30,"0:27.636|0.000|43.549;1:27.540|0.000|52.684;2:29.740|0.000|47.202;3:26.580|0.000|44.045;4:26.839|0.000|49.009;5:29.343|0.000|44.546;6:26.602|0.000|47.611;7:27.952|0.000|47.845;8:28.338|0.000|49.884;9:29.081|0.000|51.656;10:26.791|0.000|42.436;11:26.316|0.000|45.599;12:27.291|0.000|46.476;13:26.996|0.000|50.458;14:27.555|0.000|44.932;15:30.951|0.000|79.436;16:31.553|0.000|42.865;17:31.019|0.000|44.200;18:29.537|0.000|41.782;19:30.820|0.000|42.006;20:30.955|0.000|47.615;21:31.078|0.000|49.433;22:30.378|0.000|40.602;23:31.019|0.000|45.341;24:29.434|0.000|45.786;25:30.121|0.000|43.291;26:31.512|0.000|46.311;27:29.146|0.000|48.474;28:31.070|0.000|39.246;29:31.566|0.000|40.842"
55.349,"auto_stronger_social_force_A",32.1031,0.0400,29.8043,0.0000,0.2920,20.0660,33.5477,29.7383,1.5858,9.4500,0,30,"0:27.620|0.000|43.621;1:27.548|0.000|52.731;2:29.747|0.000|47.223;3:26.609|0.000|44.073;4:26.839|0.000|49.062;5:29.361|0.000|44.539;6:26.593|0.000|47.640;7:27.947|0.000|47.891;8:28.362|0.000|49.923;9:29.088|0.000|51.710;10:26.808|0.000|42.443;11:26.305|0.000|45.653;12:27.287|0.000|46.511;13:26.997|0.000|50.514;14:27.579|0.000|44.978;15:30.981|0.000|79.450;16:31.547|0.000|42.812;17:31.020|0.000|44.165;18:29.532|0.000|41.730;19:30.813|0.000|41.971;20:30.938|0.000|47.597;21:31.099|0.000|49.408;22:30.374|0.000|40.564;23:31.020|0.000|45.290;24:29.489|0.000|45.788;25:30.118|0.000|43.238;26:31.516|0.000|46.253;27:29.140|0.000|48.496;28:31.073|0.000|39.198;29:31.562|0.000|40.788"
55.454,"auto_stronger_social_force_A",32.1031,0.0400,29.7873,0.0000,0.2920,20.0660,33.5427,29.7213,1.5858,9.4173,0,30,"0:27.612|0.000|43.656;1:27.558|0.000|52.776;2:29.743|0.000|47.237;3:26.619|0.000|44.096;4:26.838|0.000|49.117;5:29.379|0.000|44.533;6:26.590|0.000|47.670;7:27.939|0.000|47.928;8:28.380|0.000|49.955;9:29.095|0.000|51.764;10:26.824|0.000|42.450;11:26.297|0.000|45.703;12:27.277|0.000|46.549;13:26.998|0.000|50.571;14:27.613|0.000|45.046;15:31.009|0.000|79.469;16:31.544|0.000|42.759;17:31.017|0.000|44.129;18:29.523|0.000|41.681;19:30.804|0.000|41.933;20:30.932|0.000|47.582;21:31.120|0.000|49.383;22:30.371|0.000|40.522;23:31.020|0.000|45.237;24:29.541|0.000|45.793;25:30.117|0.000|43.183;26:31.520|0.000|46.194;27:29.136|0.000|48.511;28:31.076|0.000|39.148;29:31.559|0.000|40.733"
55.566,"auto_stronger_social_force_A",32.1031,0.0400,29.7703,0.0000,0.2920,20.0660,33.5378,29.7043,1.5858,9.3884,0,30,"0:27.640|0.000|43.699;1:27.570|0.000|52.820;2:29.728|0.000|47.254;3:26.610|0.000|44.103;4:26.838|0.000|49.172;5:29.397|0.000|44.528;6:26.589|0.000|47.706;7:27.928|0.000|47.959;8:28.396|0.000|49.989;9:29.102|0.000|51.820;10:26.842|0.000|42.458;11:26.274|0.000|45.753;12:27.260|0.000|46.597;13:27.001|0.000|50.629;14:27.625|0.000|45.094;15:31.024|0.000|79.487;16:31.540|0.000|42.724;17:31.013|0.000|44.087;18:29.512|0.000|41.630;19:30.794|0.000|41.884;20:30.931|0.000|47.569;21:31.143|0.000|49.352;22:30.368|0.000|40.474;23:31.021|0.000|45.182;24:29.594|0.000|45.798;25:30.115|0.000|43.128;26:31.524|0.000|46.133;27:29.132|0.000|48.520;28:31.079|0.000|39.103;29:31.555|0.000|40.675"
55.671,"auto_stronger_social_force_A",32.1031,0.0400,29.7533,0.0000,0.2920,20.0660,33.5329,29.6873,1.5858,9.3619,0,30,"0:27.672|0.000|43.733;1:27.585|0.000|52.859;2:29.701|0.000|47.288;3:26.584|0.000|44.143;4:26.838|0.000|49.228;5:29.413|0.000|44.524;6:26.588|0.000|47.747;7:27.912|0.000|47.987;8:28.410|0.000|50.025;9:29.109|0.000|51.875;10:26.862|0.000|42.465;11:26.261|0.000|45.763;12:27.249|0.000|46.636;13:27.006|0.000|50.680;14:27.622|0.000|45.128;15:31.035|0.000|79.506;16:31.541|0.000|42.678;17:31.010|0.000|44.037;18:29.503|0.000|41.574;19:30.786|0.000|41.829;20:30.942|0.000|47.552;21:31.165|0.000|49.316;22:30.365|0.000|40.422;23:31.022|0.000|45.129;24:29.645|0.000|45.796;25:30.112|0.000|43.073;26:31.527|0.000|46.092;27:29.130|0.000|48.525;28:31.079|0.000|39.059;29:31.550|0.000|40.620"
55.778,"auto_stronger_social_force_A",32.1031,0.0400,29.7379,0.0000,0.2920,20.0660,33.5284,29.6719,1.5858,9.3330,0,30,"0:27.695|0.000|43.755;1:27.599|0.000|52.896;2:29.687|0.000|47.325;3:26.574|0.000|44.211;4:26.839|0.000|49.277;5:29.428|0.000|44.519;6:26.589|0.000|47.791;7:27.891|0.000|48.025;8:28.425|0.000|50.064;9:29.115|0.000|51.925;10:26.883|0.000|42.472;11:26.260|0.000|45.776;12:27.244|0.000|46.665;13:27.014|0.000|50.727;14:27.615|0.000|45.161;15:31.046|0.000|79.525;16:31.543|0.000|42.638;17:31.008|0.000|43.987;18:29.495|0.000|41.520;19:30.780|0.000|41.777;20:30.967|0.000|47.531;21:31.185|0.000|49.280;22:30.362|0.000|40.372;23:31.024|0.000|45.082;24:29.691|0.000|45.794;25:30.108|0.000|43.024;26:31.517|0.000|46.053;27:29.128|0.000|48.528;28:31.078|0.000|39.014;29:31.545|0.000|40.571"
55.880,"auto_stronger_social_force_A",32.1031,0.0400,29.7224,0.0000,0.2920,20.0660,33.5240,29.6564,1.5858,9.3019,0,30,"0:27.717|0.000|43.771;1:27.611|0.000|52.936;2:29.675|0.000|47.361;3:26.569|0.000|44.266;4:26.840|0.000|49.327;5:29.442|0.000|44.514;6:26.591|0.000|47.840;7:27.872|0.000|48.053;8:28.441|0.000|50.108;9:29.121|0.000|51.975;10:26.907|0.000|42.482;11:26.285|0.000|45.806;12:27.240|0.000|46.695;13:27.024|0.000|50.778;14:27.609|0.000|45.202;15:31.056|0.000|79.548;16:31.543|0.000|42.602;17:31.005|0.000|43.936;18:29.486|0.000|41.469;19:30.772|0.000|41.725;20:30.982|0.000|47.503;21:31.205|0.000|49.244;22:30.360|0.000|40.322;23:31.025|0.000|45.035;24:29.737|0.000|45.793;25:30.106|0.000|42.975;26:31.496|0.000|46.006;27:29.126|0.000|48.531;28:31.078|0.000|38.968;29:31.543|0.000|40.518"
55.985,"auto_stronger_social_force_A",32.1031,0.0400,29.7054,0.0000,0.2920,20.0660,33.5191,29.6394,1.5858,9.2661,0,30,"0:27.743|0.000|43.788;1:27.626|0.000|52.984;2:29.660|0.000|47.396;3:26.565|0.000|44.321;4:26.845|0.000|49.375;5:29.455|0.000|44.509;6:26.593|0.000|47.893;7:27.859|0.000|48.080;8:28.459|0.000|50.159;9:29.129|0.000|52.028;10:26.935|0.000|42.495;11:26.308|0.000|45.830;12:27.237|0.000|46.730;13:27.035|0.000|50.837;14:27.607|0.000|45.253;15:31.068|0.000|79.575;16:31.541|0.000|42.561;17:31.002|0.000|43.882;18:29.477|0.000|41.414;19:30.764|0.000|41.672;20:30.999|0.000|47.460;21:31.226|0.000|49.205;22:30.359|0.000|40.269;23:31.027|0.000|44.986;24:29.788|0.000|45.791;25:30.104|0.000|42.922;26:31.472|0.000|45.959;27:29.124|0.000|48.534;28:31.077|0.000|38.915;29:31.542|0.000|40.470"
56.087,"auto_stronger_social_force_A",32.1031,0.0400,29.6900,0.0000,0.2920,20.0660,33.5147,29.6240,1.5858,9.2317,0,30,"0:27.772|0.000|43.809;1:27.640|0.000|53.032;2:29.644|0.000|47.428;3:26.563|0.000|44.369;4:26.849|0.000|49.420;5:29.467|0.000|44.504;6:26.594|0.000|47.943;7:27.847|0.000|48.110;8:28.475|0.000|50.207;9:29.139|0.000|52.075;10:26.966|0.000|42.511;11:26.326|0.000|45.849;12:27.236|0.000|46.769;13:27.044|0.000|50.890;14:27.608|0.000|45.307;15:31.077|0.000|79.604;16:31.539|0.000|42.516;17:30.999|0.000|43.832;18:29.467|0.000|41.364;19:30.757|0.000|41.626;20:31.019|0.000|47.421;21:31.246|0.000|49.168;22:30.356|0.000|40.220;23:31.029|0.000|44.941;24:29.839|0.000|45.789;25:30.104|0.000|42.878;26:31.451|0.000|45.919;27:29.122|0.000|48.538;28:31.075|0.000|38.864;29:31.543|0.000|40.426"
56.187,"auto_stronger_social_force_A",32.1031,0.0400,29.6745,0.0000,0.2920,20.0660,33.5102,29.6085,1.5858,9.1981,0,30,"0:27.804|0.000|43.832;1:27.654|0.000|53.081;2:29.626|0.000|47.457;3:26.560|0.000|44.415;4:26.850|0.000|49.463;5:29.476|0.000|44.500;6:26.596|0.000|47.988;7:27.838|0.000|48.141;8:28.490|0.000|50.255;9:29.149|0.000|52.124;10:26.997|0.000|42.527;11:26.346|0.000|45.867;12:27.233|0.000|46.815;13:27.051|0.000|50.942;14:27.610|0.000|45.358;15:31.088|0.000|79.634;16:31.538|0.000|42.469;17:30.997|0.000|43.785;18:29.458|0.000|41.314;19:30.752|0.000|41.581;20:31.038|0.000|47.383;21:31.263|0.000|49.133;22:30.352|0.000|40.172;23:31.029|0.000|44.900;24:29.891|0.000|45.786;25:30.104|0.000|42.841;26:31.431|0.000|45.879;27:29.119|0.000|48.543;28:31.073|0.000|38.815;29:31.546|0.000|40.378"
56.302,"auto_stronger_social_force_A",32.1031,0.0400,29.6560,0.0000,0.2920,20.0660,33.5049,29.5900,1.5858,9.1590,0,30,"0:27.844|0.000|43.863;1:27.671|0.000|53.141;2:29.599|0.000|47.491;3:26.553|0.000|44.469;4:26.850|0.000|49.517;5:29.484|0.000|44.496;6:26.596|0.000|48.042;7:27.831|0.000|48.182;8:28.508|0.000|50.312;9:29.162|0.000|52.178;10:27.036|0.000|42.546;11:26.371|0.000|45.892;12:27.229|0.000|46.873;13:27.059|0.000|51.002;14:27.612|0.000|45.417;15:31.103|0.000|79.667;16:31.535|0.000|42.414;17:30.997|0.000|43.735;18:29.448|0.000|41.256;19:30.751|0.000|41.528;20:31.060|0.000|47.340;21:31.281|0.000|49.092;22:30.343|0.000|40.116;23:31.028|0.000|44.850;24:29.954|0.000|45.783;25:30.106|0.000|42.789;26:31.404|0.000|45.832;27:29.115|0.000|48.556;28:31.071|0.000|38.757;29:31.550|0.000|40.325"
56.415,"auto_stronger_social_force_A",32.1031,0.0400,29.6390,0.0000,0.2920,20.0660,33.5001,29.5730,1.5858,9.1236,0,30,"0:27.880|0.000|43.893;1:27.687|0.000|53.195;2:29.571|0.000|47.521;3:26.542|0.000|44.517;4:26.848|0.000|49.566;5:29.490|0.000|44.494;6:26.596|0.000|48.087;7:27.827|0.000|48.228;8:28.526|0.000|50.361;9:29.173|0.000|52.225;10:27.072|0.000|42.563;11:26.396|0.000|45.920;12:27.227|0.000|46.929;13:27.067|0.000|51.057;14:27.613|0.000|45.472;15:31.116|0.000|79.696;16:31.531|0.000|42.362;17:31.000|0.000|43.687;18:29.439|0.000|41.204;19:30.753|0.000|41.476;20:31.081|0.000|47.300;21:31.298|0.000|49.056;22:30.332|0.000|40.060;23:31.025|0.000|44.803;24:30.009|0.000|45.782;25:30.109|0.000|42.740;26:31.380|0.000|45.789;27:29.109|0.000|48.577;28:31.070|0.000|38.704;29:31.550|0.000|40.282"
56.515,"auto_stronger_social_force_A",32.1031,0.0400,29.6235,0.0000,0.2920,20.0660,33.4956,29.5575,1.5858,9.0934,0,30,"0:27.913|0.000|43.922;1:27.702|0.000|53.240;2:29.549|0.000|47.543;3:26.530|0.000|44.563;4:26.847|0.000|49.608;5:29.494|0.000|44.494;6:26.594|0.000|48.128;7:27.824|0.000|48.273;8:28.545|0.000|50.403;9:29.182|0.000|52.268;10:27.103|0.000|42.579;11:26.421|0.000|45.951;12:27.226|0.000|46.980;13:27.073|0.000|51.104;14:27.612|0.000|45.524;15:31.125|0.000|79.718;16:31.526|0.000|42.315;17:31.003|0.000|43.642;18:29.432|0.000|41.163;19:30.755|0.000|41.430;20:31.101|0.000|47.265;21:31.315|0.000|49.023;22:30.323|0.000|40.014;23:31.023|0.000|44.757;24:30.057|0.000|45.782;25:30.109|0.000|42.698;26:31.359|0.000|45.750;27:29.102|0.000|48.607;28:31.070|0.000|38.658;29:31.546|0.000|40.243"
56.616,"auto_stronger_social_force_A",32.1031,0.0400,29.6081,0.0000,0.2920,20.0660,33.4912,29.5421,1.5858,9.0650,0,30,"0:27.946|0.000|43.950;1:27.719|0.000|53.285;2:29.520|0.000|47.567;3:26.518|0.000|44.612;4:26.845|0.000|49.654;5:29.495|0.000|44.493;6:26.592|0.000|48.168;7:27.820|0.000|48.322;8:28.566|0.000|50.444;9:29.190|0.000|52.315;10:27.132|0.000|42.593;11:26.447|0.000|45.988;12:27.223|0.000|47.039;13:27.080|0.000|51.151;14:27.610|0.000|45.572;15:31.133|0.000|79.739;16:31.523|0.000|42.266;17:31.007|0.000|43.598;18:29.426|0.000|41.118;19:30.756|0.000|41.387;20:31.123|0.000|47.235;21:31.329|0.000|48.993;22:30.316|0.000|39.978;23:31.022|0.000|44.706;24:30.114|0.000|45.780;25:30.108|0.000|42.653;26:31.339|0.000|45.710;27:29.092|0.000|48.636;28:31.071|0.000|38.614;29:31.543|0.000|40.198"
56.725,"auto_stronger_social_force_A",32.1031,0.0400,29.5911,0.0000,0.2920,20.0660,33.4864,29.5251,1.5858,9.0331,0,30,"0:27.983|0.000|43.981;1:27.737|0.000|53.329;2:29.487|0.000|47.595;3:26.511|0.000|44.650;4:26.845|0.000|49.705;5:29.495|0.000|44.493;6:26.590|0.000|48.211;7:27.817|0.000|48.378;8:28.589|0.000|50.489;9:29.200|0.000|52.370;10:27.162|0.000|42.609;11:26.478|0.000|46.032;12:27.218|0.000|47.110;13:27.087|0.000|51.200;14:27.608|0.000|45.610;15:31.137|0.000|79.760;16:31.520|0.000|42.211;17:31.007|0.000|43.554;18:29.420|0.000|41.065;19:30.752|0.000|41.350;20:31.146|0.000|47.205;21:31.341|0.000|48.964;22:30.315|0.000|39.940;23:31.021|0.000|44.649;24:30.170|0.000|45.781;25:30.107|0.000|42.600;26:31.311|0.000|45.655;27:29.078|0.000|48.682;28:31.073|0.000|38.565;29:31.540|0.000|40.145"
56.832,"auto_stronger_social_force_A",32.1031,0.0400,29.5741,0.0000,0.2920,20.0660,33.4816,29.5081,1.5858,9.0026,0,30,"0:28.019|0.000|44.008;1:27.756|0.000|53.366;2:29.459|0.000|47.623;3:26.513|0.000|44.676;4:26.843|0.000|49.759;5:29.495|0.000|44.493;6:26.590|0.000|48.251;7:27.813|0.000|48.434;8:28.607|0.000|50.520;9:29.209|0.000|52.427;10:27.189|0.000|42.624;11:26.510|0.000|46.079;12:27.212|0.000|47.181;13:27.095|0.000|51.245;14:27.610|0.000|45.643;15:31.139|0.000|79.777;16:31.514|0.000|42.165;17:31.006|0.000|43.508;18:29.415|0.000|41.011;19:30.746|0.000|41.308;20:31.171|0.000|47.177;21:31.352|0.000|48.934;22:30.315|0.000|39.896;23:31.018|0.000|44.595;24:30.246|0.000|45.767;25:30.106|0.000|42.547;26:31.266|0.000|45.568;27:29.064|0.000|48.734;28:31.076|0.000|38.518;29:31.536|0.000|40.090"
56.940,"auto_stronger_social_force_A",32.1031,0.0400,29.5571,0.0000,0.2920,20.0660,33.4767,29.4911,1.5858,8.9751,0,30,"0:28.054|0.000|44.036;1:27.775|0.000|53.406;2:29.437|0.000|47.646;3:26.517|0.000|44.711;4:26.843|0.000|49.814;5:29.495|0.000|44.493;6:26.590|0.000|48.297;7:27.813|0.000|48.483;8:28.619|0.000|50.550;9:29.217|0.000|52.484;10:27.216|0.000|42.642;11:26.544|0.000|46.134;12:27.200|0.000|47.211;13:27.104|0.000|51.293;14:27.626|0.000|45.687;15:31.138|0.000|79.797;16:31.508|0.000|42.119;17:31.006|0.000|43.456;18:29.410|0.000|40.952;19:30.741|0.000|41.258;20:31.197|0.000|47.148;21:31.361|0.000|48.898;22:30.313|0.000|39.844;23:31.014|0.000|44.542;24:30.333|0.000|45.702;25:30.104|0.000|42.493;26:31.100|0.000|45.708;27:29.050|0.000|48.785;28:31.077|0.000|38.473;29:31.532|0.000|40.033"
57.046,"auto_stronger_social_force_A",32.1031,0.0400,29.5416,0.0000,0.2920,20.0660,33.4724,29.4756,1.5858,8.9511,0,30,"0:28.080|0.000|44.056;1:27.795|0.000|53.444;2:29.419|0.000|47.668;3:26.518|0.000|44.751;4:26.844|0.000|49.866;5:29.495|0.000|44.493;6:26.591|0.000|48.342;7:27.811|0.000|48.529;8:28.631|0.000|50.584;9:29.225|0.000|52.536;10:27.238|0.000|42.658;11:26.573|0.000|46.186;12:27.202|0.000|47.242;13:27.113|0.000|51.339;14:27.662|0.000|45.752;15:31.134|0.000|79.820;16:31.502|0.000|42.081;17:31.006|0.000|43.407;18:29.405|0.000|40.899;19:30.736|0.000|41.208;20:31.219|0.000|47.129;21:31.370|0.000|48.860;22:30.313|0.000|39.794;23:31.010|0.000|44.502;24:30.242|0.000|45.697;25:30.102|0.000|42.444;26:31.119|0.000|45.711;27:29.038|0.000|48.826;28:31.076|0.000|38.434;29:31.527|0.000|39.982"
57.156,"auto_stronger_social_force_A",32.1031,0.0400,29.5247,0.0000,0.2920,20.0660,33.4676,29.4587,1.5858,8.9251,0,30,"0:28.102|0.000|44.076;1:27.813|0.000|53.481;2:29.402|0.000|47.690;3:26.519|0.000|44.796;4:26.844|0.000|49.923;5:29.495|0.000|44.493;6:26.591|0.000|48.395;7:27.805|0.000|48.586;8:28.645|0.000|50.628;9:29.233|0.000|52.591;10:27.258|0.000|42.674;11:26.604|0.000|46.247;12:27.212|0.000|47.295;13:27.123|0.000|51.391;14:27.691|0.000|45.792;15:31.123|0.000|79.849;16:31.499|0.000|42.042;17:31.004|0.000|43.353;18:29.399|0.000|40.841;19:30.729|0.000|41.151;20:31.242|0.000|47.109;21:31.380|0.000|48.813;22:30.313|0.000|39.738;23:31.007|0.000|44.462;24:30.251|0.000|45.661;25:30.101|0.000|42.391;26:31.187|0.000|45.655;27:29.024|0.000|48.869;28:31.075|0.000|38.390;29:31.523|0.000|39.929"
57.257,"auto_stronger_social_force_A",32.1031,0.0400,29.5092,0.0000,0.2920,20.0660,33.4632,29.4432,1.5858,8.8979,0,30,"0:28.119|0.000|44.094;1:27.825|0.000|53.512;2:29.390|0.000|47.709;3:26.523|0.000|44.834;4:26.846|0.000|49.975;5:29.496|0.000|44.494;6:26.592|0.000|48.444;7:27.803|0.000|48.626;8:28.659|0.000|50.672;9:29.241|0.000|52.640;10:27.274|0.000|42.688;11:26.626|0.000|46.307;12:27.211|0.000|47.334;13:27.128|0.000|51.435;14:27.715|0.000|45.815;15:31.115|0.000|79.873;16:31.498|0.000|42.006;17:31.003|0.000|43.303;18:29.393|0.000|40.790;19:30.723|0.000|41.100;20:31.264|0.000|47.090;21:31.388|0.000|48.767;22:30.313|0.000|39.687;23:31.009|0.000|44.431;24:30.212|0.000|45.644;25:30.099|0.000|42.344;26:31.221|0.000|45.634;27:29.011|0.000|48.908;28:31.072|0.000|38.347;29:31.520|0.000|39.883"
57.365,"auto_stronger_social_force_A",32.1031,0.0400,29.4922,0.0000,0.2920,20.0660,33.4584,29.4262,1.5858,8.8623,0,30,"0:28.134|0.000|44.115;1:27.838|0.000|53.550;2:29.378|0.000|47.732;3:26.526|0.000|44.886;4:26.847|0.000|50.038;5:29.496|0.000|44.500;6:26.594|0.000|48.500;7:27.800|0.000|48.676;8:28.674|0.000|50.725;9:29.250|0.000|52.692;10:27.290|0.000|42.703;11:26.635|0.000|46.363;12:27.206|0.000|47.385;13:27.125|0.000|51.477;14:27.740|0.000|45.834;15:31.103|0.000|79.901;16:31.499|0.000|41.958;17:31.001|0.000|43.249;18:29.386|0.000|40.733;19:30.717|0.000|41.045;20:31.290|0.000|47.070;21:31.396|0.000|48.713;22:30.312|0.000|39.632;23:31.015|0.000|44.399;24:30.153|0.000|45.629;25:30.096|0.000|42.295;26:31.257|0.000|45.613;27:28.996|0.000|48.953;28:31.070|0.000|38.294;29:31.519|0.000|39.834"
57.472,"auto_stronger_social_force_A",32.1031,0.0400,29.4752,0.0000,0.2920,20.0660,33.4536,29.4092,1.5858,8.8250,0,30,"0:28.142|0.000|44.135;1:27.850|0.000|53.592;2:29.365|0.000|47.758;3:26.529|0.000|44.936;4:26.846|0.000|50.104;5:29.489|0.000|44.504;6:26.596|0.000|48.553;7:27.796|0.000|48.730;8:28.689|0.000|50.781;9:29.260|0.000|52.739;10:27.303|0.000|42.718;11:26.629|0.000|46.412;12:27.203|0.000|47.454;13:27.125|0.000|51.526;14:27.769|0.000|45.856;15:31.088|0.000|79.927;16:31.495|0.000|41.919;17:31.000|0.000|43.198;18:29.378|0.000|40.678;19:30.713|0.000|40.993;20:31.317|0.000|47.050;21:31.402|0.000|48.659;22:30.310|0.000|39.578;23:31.024|0.000|44.362;24:30.114|0.000|45.582;25:30.093|0.000|42.251;26:31.291|0.000|45.597;27:28.984|0.000|48.996;28:31.068|0.000|38.239;29:31.520|0.000|39.785"
57.575,"auto_stronger_social_force_A",32.1031,0.0400,29.4598,0.0000,0.2920,20.0660,33.4493,29.3938,1.5858,8.7899,0,30,"0:28.145|0.000|44.153;1:27.862|0.000|53.636;2:29.352|0.000|47.786;3:26.532|0.000|44.980;4:26.844|0.000|50.163;5:29.487|0.000|44.504;6:26.598|0.000|48.600;7:27.791|0.000|48.784;8:28.704|0.000|50.831;9:29.269|0.000|52.783;10:27.315|0.000|42.732;11:26.624|0.000|46.461;12:27.202|0.000|47.513;13:27.127|0.000|51.588;14:27.800|0.000|45.880;15:31.073|0.000|79.951;16:31.493|0.000|41.877;17:30.999|0.000|43.153;18:29.371|0.000|40.629;19:30.712|0.000|40.945;20:31.344|0.000|47.028;21:31.409|0.000|48.609;22:30.307|0.000|39.530;23:31.038|0.000|44.328;24:30.084|0.000|45.556;25:30.094|0.000|42.207;26:31.321|0.000|45.584;27:28.974|0.000|49.034;28:31.065|0.000|38.188;29:31.523|0.000|39.737"
57.685,"auto_stronger_social_force_A",32.1031,0.0400,29.4428,0.0000,0.2920,20.0660,33.4445,29.3768,1.5858,8.7535,0,30,"0:28.147|0.000|44.173;1:27.875|0.000|53.688;2:29.339|0.000|47.819;3:26.532|0.000|45.026;4:26.839|0.000|50.206;5:29.486|0.000|44.504;6:26.597|0.000|48.647;7:27.785|0.000|48.842;8:28.721|0.000|50.884;9:29.280|0.000|52.833;10:27.328|0.000|42.750;11:26.622|0.000|46.509;12:27.203|0.000|47.572;13:27.131|0.000|51.648;14:27.837|0.000|45.908;15:31.054|0.000|79.981;16:31.486|0.000|41.830;17:31.000|0.000|43.109;18:29.365|0.000|40.577;19:30.715|0.000|40.892;20:31.374|0.000|46.998;21:31.417|0.000|48.556;22:30.302|0.000|39.483;23:31.050|0.000|44.293;24:30.056|0.000|45.532;25:30.095|0.000|42.163;26:31.352|0.000|45.570;27:28.963|0.000|49.070;28:31.060|0.000|38.134;29:31.525|0.000|39.690"
57.787,"auto_stronger_social_force_A",32.1031,0.0400,29.4273,0.0000,0.2920,20.0660,33.4402,29.3613,1.5858,8.7211,0,30,"0:28.141|0.000|44.201;1:27.887|0.000|53.737;2:29.329|0.000|47.850;3:26.532|0.000|45.067;4:26.839|0.000|50.243;5:29.485|0.000|44.501;6:26.594|0.000|48.685;7:27.780|0.000|48.896;8:28.737|0.000|50.932;9:29.290|0.000|52.879;10:27.341|0.000|42.768;11:26.621|0.000|46.550;12:27.205|0.000|47.624;13:27.135|0.000|51.698;14:27.872|0.000|45.934;15:31.036|0.000|80.013;16:31.484|0.000|41.779;17:31.002|0.000|43.070;18:29.360|0.000|40.533;19:30.716|0.000|40.848;20:31.402|0.000|46.970;21:31.427|0.000|48.509;22:30.297|0.000|39.437;23:31.060|0.000|44.259;24:30.034|0.000|45.509;25:30.095|0.000|42.120;26:31.383|0.000|45.554;27:28.955|0.000|49.099;28:31.056|0.000|38.085;29:31.524|0.000|39.649"
57.898,"auto_stronger_social_force_A",32.1031,0.0400,29.4103,0.0000,0.2920,20.0660,33.4354,29.3443,1.5858,8.6857,0,30,"0:28.137|0.000|44.231;1:27.899|0.000|53.792;2:29.318|0.000|47.886;3:26.531|0.000|45.110;4:26.846|0.000|50.301;5:29.489|0.000|44.484;6:26.587|0.000|48.729;7:27.779|0.000|48.952;8:28.755|0.000|50.980;9:29.300|0.000|52.932;10:27.357|0.000|42.791;11:26.622|0.000|46.594;12:27.207|0.000|47.677;13:27.140|0.000|51.748;14:27.913|0.000|45.963;15:31.013|0.000|80.051;16:31.479|0.000|41.723;17:31.006|0.000|43.025;18:29.355|0.000|40.485;19:30.717|0.000|40.801;20:31.435|0.000|46.938;21:31.439|0.000|48.453;22:30.292|0.000|39.384;23:31.075|0.000|44.220;24:30.007|0.000|45.480;25:30.095|0.000|42.070;26:31.418|0.000|45.530;27:28.947|0.000|49.128;28:31.053|0.000|38.032;29:31.522|0.000|39.604"
58.016,"auto_stronger_social_force_A",32.1031,0.0400,29.3918,0.0000,0.2920,20.0660,33.4303,29.3258,1.5858,8.6534,0,30,"0:28.136|0.000|44.268;1:27.911|0.000|53.850;2:29.307|0.000|47.924;3:26.525|0.000|45.161;4:26.843|0.000|50.364;5:29.471|0.000|44.457;6:26.578|0.000|48.780;7:27.778|0.000|49.013;8:28.775|0.000|51.028;9:29.310|0.000|52.989;10:27.373|0.000|42.816;11:26.623|0.000|46.641;12:27.203|0.000|47.734;13:27.142|0.000|51.798;14:27.955|0.000|45.993;15:30.985|0.000|80.091;16:31.472|0.000|41.665;17:31.011|0.000|42.980;18:29.352|0.000|40.436;19:30.718|0.000|40.751;20:31.471|0.000|46.904;21:31.448|0.000|48.394;22:30.289|0.000|39.329;23:31.091|0.000|44.176;24:29.984|0.000|45.446;25:30.094|0.000|42.017;26:31.441|0.000|45.500;27:28.940|0.000|49.155;28:31.053|0.000|37.981;29:31.519|0.000|39.552"
58.128,"auto_stronger_social_force_A",32.1025,0.0400,29.3810,0.0000,0.2920,20.0660,33.4266,29.3150,1.5858,8.6180,0,30,"0:28.135|0.000|44.309;1:27.924|0.000|53.904;2:29.298|0.000|47.957;3:26.521|0.000|45.210;4:26.837|0.000|50.437;5:29.410|0.000|44.424;6:26.572|0.000|48.814;7:27.778|0.000|49.067;8:28.793|0.000|51.077;9:29.318|0.000|53.043;10:27.387|0.000|42.841;11:26.625|0.000|46.686;12:27.202|0.000|47.781;13:27.133|0.000|51.856;14:27.991|0.000|46.020;15:30.957|0.000|80.129;16:31.465|0.000|41.614;17:31.014|0.000|42.940;18:29.351|0.000|40.391;19:30.716|0.000|40.712;20:31.504|0.000|46.871;21:31.449|0.000|48.351;22:30.290|0.000|39.279;23:31.107|0.000|44.131;24:29.951|0.000|45.416;25:30.091|0.000|41.966;26:31.456|0.000|45.473;27:28.935|0.000|49.178;28:31.055|0.000|37.935;29:31.516|0.000|39.498"
58.232,"auto_stronger_social_force_A",32.1025,0.0400,29.3810,0.0000,0.2920,20.0660,33.4266,29.3150,1.5858,8.5691,0,30,"0:28.126|0.000|44.343;1:27.941|0.000|53.955;2:29.290|0.000|47.979;3:26.522|0.000|45.250;4:26.832|0.000|50.502;5:29.363|0.000|44.392;6:26.573|0.000|48.848;7:27.778|0.000|49.117;8:28.810|0.000|51.123;9:29.327|0.000|53.098;10:27.401|0.000|42.866;11:26.623|0.000|46.728;12:27.196|0.000|47.830;13:27.124|0.000|51.918;14:28.025|0.000|46.046;15:30.928|0.000|80.166;16:31.461|0.000|41.562;17:31.013|0.000|42.902;18:29.350|0.000|40.345;19:30.710|0.000|40.676;20:31.532|0.000|46.839;21:31.442|0.000|48.311;22:30.291|0.000|39.227;23:31.123|0.000|44.084;24:29.926|0.000|45.390;25:30.088|0.000|41.913;26:31.465|0.000|45.446;27:28.932|0.000|49.200;28:31.059|0.000|37.886;29:31.514|0.000|39.442"
58.333,"auto_stronger_social_force_A",32.1025,0.0400,29.3810,0.0000,0.2920,20.0660,33.4266,29.3150,1.5858,8.5264,0,30,"0:28.112|0.000|44.375;1:27.958|0.000|54.001;2:29.282|0.000|47.997;3:26.527|0.000|45.284;4:26.836|0.000|50.543;5:29.333|0.000|44.370;6:26.573|0.000|48.887;7:27.775|0.000|49.158;8:28.822|0.000|51.163;9:29.334|0.000|53.149;10:27.414|0.000|42.889;11:26.622|0.000|46.764;12:27.188|0.000|47.881;13:27.118|0.000|51.976;14:28.057|0.000|46.076;15:30.904|0.000|80.199;16:31.459|0.000|41.524;17:31.011|0.000|42.862;18:29.349|0.000|40.302;19:30.704|0.000|40.636;20:31.560|0.000|46.807;21:31.430|0.000|48.270;22:30.292|0.000|39.178;23:31.138|0.000|44.041;24:29.922|0.000|45.391;25:30.087|0.000|41.862;26:31.472|0.000|45.418;27:28.930|0.000|49.219;28:31.063|0.000|37.844;29:31.512|0.000|39.389"
58.442,"auto_stronger_social_force_A",32.1025,0.0400,29.3810,0.0000,0.2920,20.0660,33.4266,29.3150,1.5858,8.4854,0,30,"0:28.094|0.000|44.406;1:27.977|0.000|54.051;2:29.271|0.000|48.013;3:26.531|0.000|45.327;4:26.840|0.000|50.589;5:29.303|0.000|44.349;6:26.572|0.000|48.932;7:27.769|0.000|49.200;8:28.831|0.000|51.204;9:29.341|0.000|53.204;10:27.428|0.000|42.914;11:26.621|0.000|46.798;12:27.183|0.000|47.928;13:27.118|0.000|52.028;14:28.088|0.000|46.109;15:30.879|0.000|80.230;16:31.461|0.000|41.485;17:31.010|0.000|42.814;18:29.347|0.000|40.254;19:30.697|0.000|40.586;20:31.590|0.000|46.764;21:31.422|0.000|48.218;22:30.292|0.000|39.124;23:31.156|0.000|43.998;24:29.924|0.000|45.391;25:30.084|0.000|41.808;26:31.477|0.000|45.379;27:28.928|0.000|49.234;28:31.064|0.000|37.803;29:31.508|0.000|39.333"
58.564,"auto_stronger_social_force_A",32.1025,0.0400,29.3810,0.0000,0.2920,20.0660,33.4266,29.3150,1.5858,8.4351,0,30,"0:28.070|0.000|44.437;1:27.994|0.000|54.092;2:29.256|0.000|48.033;3:26.535|0.000|45.379;4:26.844|0.000|50.649;5:29.260|0.000|44.327;6:26.571|0.000|48.990;7:27.759|0.000|49.256;8:28.842|0.000|51.257;9:29.349|0.000|53.263;10:27.444|0.000|42.939;11:26.622|0.000|46.831;12:27.179|0.000|47.975;13:27.126|0.000|52.079;14:28.113|0.000|46.138;15:30.853|0.000|80.266;16:31.464|0.000|41.432;17:31.008|0.000|42.754;18:29.344|0.000|40.196;19:30.691|0.000|40.524;20:31.615|0.000|46.707;21:31.415|0.000|48.162;22:30.293|0.000|39.064;23:31.179|0.000|43.950;24:29.938|0.000|45.386;25:30.080|0.000|41.750;26:31.480|0.000|45.296;27:28.925|0.000|49.246;28:31.063|0.000|37.752;29:31.502|0.000|39.275"
58.666,"auto_stronger_social_force_A",32.1025,0.0400,29.3810,0.0000,0.2920,20.0660,33.4266,29.3150,1.5858,8.3892,0,30,"0:28.048|0.000|44.466;1:28.001|0.000|54.121;2:29.236|0.000|48.052;3:26.538|0.000|45.424;4:26.846|0.000|50.696;5:29.217|0.000|44.311;6:26.571|0.000|49.040;7:27.749|0.000|49.304;8:28.851|0.000|51.304;9:29.355|0.000|53.312;10:27.457|0.000|42.960;11:26.625|0.000|46.857;12:27.175|0.000|48.017;13:27.129|0.000|52.133;14:28.131|0.000|46.165;15:30.832|0.000|80.295;16:31.468|0.000|41.391;17:31.006|0.000|42.703;18:29.342|0.000|40.145;19:30.686|0.000|40.472;20:31.610|0.000|46.682;21:31.410|0.000|48.117;22:30.294|0.000|39.014;23:31.197|0.000|43.912;24:29.966|0.000|45.376;25:30.077|0.000|41.703;26:31.482|0.000|45.224;27:28.922|0.000|49.253;28:31.063|0.000|37.705;29:31.499|0.000|39.226"
58.767,"auto_stronger_social_force_A",32.1025,0.0400,29.3810,0.0000,0.2920,20.0660,33.4266,29.3150,1.5858,8.3425,0,30,"0:28.026|0.000|44.492;1:28.007|0.000|54.156;2:29.218|0.000|48.067;3:26.541|0.000|45.469;4:26.846|0.000|50.739;5:29.176|0.000|44.299;6:26.571|0.000|49.089;7:27.743|0.000|49.345;8:28.859|0.000|51.353;9:29.363|0.000|53.358;10:27.473|0.000|42.982;11:26.631|0.000|46.883;12:27.172|0.000|48.056;13:27.127|0.000|52.192;14:28.141|0.000|46.191;15:30.813|0.000|80.319;16:31.467|0.000|41.359;17:31.004|0.000|42.654;18:29.339|0.000|40.094;19:30.680|0.000|40.422;20:31.588|0.000|46.636;21:31.405|0.000|48.073;22:30.296|0.000|38.967;23:31.216|0.000|43.875;24:29.998|0.000|45.362;25:30.076|0.000|41.657;26:31.483|0.000|45.165;27:28.921|0.000|49.258;28:31.062|0.000|37.658;29:31.499|0.000|39.178"
58.877,"auto_stronger_social_force_A",32.1025,0.0400,29.3810,0.0000,0.2920,20.0660,33.4266,29.3150,1.5858,8.2880,0,30,"0:28.004|0.000|44.520;1:28.015|0.000|54.203;2:29.194|0.000|48.085;3:26.547|0.000|45.520;4:26.848|0.000|50.785;5:29.134|0.000|44.284;6:26.570|0.000|49.142;7:27.735|0.000|49.399;8:28.869|0.000|51.409;9:29.375|0.000|53.407;10:27.493|0.000|43.013;11:26.649|0.000|46.917;12:27.166|0.000|48.107;13:27.126|0.000|52.254;14:28.148|0.000|46.223;15:30.796|0.000|80.296;16:31.462|0.000|41.322;17:31.001|0.000|42.601;18:29.334|0.000|40.036;19:30.673|0.000|40.369;20:31.556|0.000|46.565;21:31.398|0.000|48.027;22:30.298|0.000|38.915;23:31.237|0.000|43.831;24:30.031|0.000|45.347;25:30.078|0.000|41.607;26:31.480|0.000|45.104;27:28.918|0.000|49.263;28:31.060|0.000|37.603;29:31.502|0.000|39.125"
58.978,"auto_stronger_social_force_A",32.1025,0.0400,29.3810,0.0000,0.2920,20.0660,33.4266,29.3150,1.5858,8.2398,0,30,"0:27.988|0.000|44.547;1:28.023|0.000|54.249;2:29.171|0.000|48.096;3:26.553|0.000|45.566;4:26.851|0.000|50.821;5:29.103|0.000|44.271;6:26.568|0.000|49.187;7:27.730|0.000|49.445;8:28.877|0.000|51.458;9:29.387|0.000|53.452;10:27.507|0.000|43.038;11:26.668|0.000|46.947;12:27.164|0.000|48.151;13:27.131|0.000|52.300;14:28.153|0.000|46.254;15:30.776|0.000|80.268;16:31.464|0.000|41.273;17:30.999|0.000|42.557;18:29.329|0.000|39.987;19:30.669|0.000|40.323;20:31.534|0.000|46.519;21:31.391|0.000|47.985;22:30.297|0.000|38.871;23:31.254|0.000|43.791;24:30.060|0.000|45.332;25:30.081|0.000|41.566;26:31.473|0.000|45.054;27:28.916|0.000|49.266;28:31.058|0.000|37.554;29:31.504|0.000|39.085"
59.080,"auto_stronger_social_force_A",32.1025,0.0400,29.3810,0.0000,0.2920,20.0660,33.4266,29.3150,1.5858,8.1909,0,30,"0:27.971|0.000|44.575;1:28.030|0.000|54.299;2:29.144|0.000|48.103;3:26.555|0.000|45.612;4:26.858|0.000|50.858;5:29.076|0.000|44.258;6:26.564|0.000|49.231;7:27.726|0.000|49.492;8:28.885|0.000|51.509;9:29.400|0.000|53.495;10:27.516|0.000|43.057;11:26.683|0.000|46.978;12:27.162|0.000|48.199;13:27.136|0.000|52.349;14:28.157|0.000|46.291;15:30.791|0.000|80.296;16:31.463|0.000|41.225;17:31.001|0.000|42.517;18:29.325|0.000|39.937;19:30.667|0.000|40.277;20:31.514|0.000|46.477;21:31.381|0.000|47.939;22:30.293|0.000|38.825;23:31.262|0.000|43.764;24:30.091|0.000|45.313;25:30.085|0.000|41.517;26:31.465|0.000|44.999;27:28.913|0.000|49.270;28:31.056|0.000|37.505;29:31.507|0.000|39.039"
59.182,"auto_stronger_social_force_A",32.1025,0.0400,29.3810,0.0000,0.2920,20.0660,33.4266,29.3150,1.5858,8.1398,0,30,"0:27.954|0.000|44.605;1:28.037|0.000|54.355;2:29.113|0.000|48.106;3:26.556|0.000|45.661;4:26.868|0.000|50.898;5:29.055|0.000|44.250;6:26.560|0.000|49.275;7:27.722|0.000|49.545;8:28.895|0.000|51.562;9:29.414|0.000|53.535;10:27.514|0.000|43.069;11:26.700|0.000|47.011;12:27.163|0.000|48.252;13:27.143|0.000|52.403;14:28.161|0.000|46.331;15:30.796|0.000|80.309;16:31.460|0.000|41.175;17:31.004|0.000|42.479;18:29.323|0.000|39.888;19:30.669|0.000|40.228;20:31.494|0.000|46.433;21:31.369|0.000|47.893;22:30.287|0.000|38.774;23:31.257|0.000|43.751;24:30.127|0.000|45.289;25:30.089|0.000|41.472;26:31.457|0.000|44.943;27:28.910|0.000|49.274;28:31.055|0.000|37.453;29:31.509|0.000|38.997"
59.289,"auto_stronger_social_force_A",32.1025,0.0400,29.3810,0.0000,0.2920,20.0660,33.4266,29.3150,1.5858,8.0924,0,30,"0:27.936|0.000|44.638;1:28.045|0.000|54.407;2:29.079|0.000|48.114;3:26.557|0.000|45.699;4:26.882|0.000|50.934;5:29.041|0.000|44.245;6:26.553|0.000|49.315;7:27.719|0.000|49.595;8:28.907|0.000|51.610;9:29.423|0.000|53.575;10:27.510|0.000|43.084;11:26.717|0.000|47.045;12:27.163|0.000|48.303;13:27.149|0.000|52.454;14:28.163|0.000|46.370;15:30.789|0.000|80.321;16:31.457|0.000|41.125;17:31.008|0.000|42.443;18:29.324|0.000|39.846;19:30.672|0.000|40.184;20:31.475|0.000|46.390;21:31.354|0.000|47.850;22:30.281|0.000|38.728;23:31.253|0.000|43.724;24:30.161|0.000|45.265;25:30.091|0.000|41.426;26:31.453|0.000|44.895;27:28.907|0.000|49.279;28:31.056|0.000|37.405;29:31.508|0.000|38.956"
59.392,"auto_stronger_social_force_A",32.1025,0.0400,29.3810,0.0000,0.2920,20.0660,33.4266,29.3150,1.5858,8.0450,0,30,"0:27.917|0.000|44.680;1:28.054|0.000|54.462;2:29.036|0.000|48.128;3:26.560|0.000|45.734;4:26.896|0.000|50.970;5:29.033|0.000|44.242;6:26.546|0.000|49.360;7:27.717|0.000|49.649;8:28.921|0.000|51.661;9:29.434|0.000|53.621;10:27.506|0.000|43.099;11:26.737|0.000|47.085;12:27.163|0.000|48.356;13:27.155|0.000|52.505;14:28.167|0.000|46.413;15:30.786|0.000|80.332;16:31.455|0.000|41.073;17:31.017|0.000|42.402;18:29.327|0.000|39.800;19:30.676|0.000|40.134;20:31.453|0.000|46.345;21:31.335|0.000|47.802;22:30.275|0.000|38.684;23:31.251|0.000|43.684;24:30.199|0.000|45.238;25:30.092|0.000|41.378;26:31.451|0.000|44.846;27:28.903|0.000|49.283;28:31.057|0.000|37.358;29:31.505|0.000|38.911"
59.512,"auto_stronger_social_force_A",32.1025,0.0400,29.3810,0.0000,0.2920,20.0660,33.4266,29.3150,1.5858,7.9929,0,30,"0:27.897|0.000|44.731;1:28.065|0.000|54.523;2:28.984|0.000|48.144;3:26.565|0.000|45.774;4:26.907|0.000|51.015;5:29.023|0.000|44.240;6:26.540|0.000|49.404;7:27.712|0.000|49.710;8:28.938|0.000|51.718;9:29.446|0.000|53.678;10:27.501|0.000|43.118;11:26.759|0.000|47.134;12:27.162|0.000|48.419;13:27.158|0.000|52.572;14:28.177|0.000|46.463;15:30.789|0.000|80.339;16:31.454|0.000|41.015;17:31.025|0.000|42.360;18:29.332|0.000|39.747;19:30.678|0.000|40.093;20:31.427|0.000|46.296;21:31.316|0.000|47.752;22:30.273|0.000|38.639;23:31.248|0.000|43.631;24:30.244|0.000|45.206;25:30.093|0.000|41.323;26:31.447|0.000|44.787;27:28.898|0.000|49.293;28:31.059|0.000|37.305;29:31.505|0.000|38.853"
59.619,"auto_stronger_social_force_A",32.1025,0.0400,29.3810,0.0000,0.2920,20.0660,33.4266,29.3150,1.5858,7.9485,0,30,"0:27.879|0.000|44.775;1:28.075|0.000|54.570;2:28.936|0.000|48.156;3:26.573|0.000|45.812;4:26.918|0.000|51.058;5:29.016|0.000|44.238;6:26.539|0.000|49.437;7:27.707|0.000|49.762;8:28.951|0.000|51.760;9:29.457|0.000|53.729;10:27.495|0.000|43.133;11:26.779|0.000|47.177;12:27.158|0.000|48.469;13:27.157|0.000|52.623;14:28.184|0.000|46.502;15:30.791|0.000|80.340;16:31.454|0.000|40.968;17:31.028|0.000|42.324;18:29.336|0.000|39.709;19:30.676|0.000|40.057;20:31.403|0.000|46.255;21:31.306|0.000|47.724;22:30.273|0.000|38.596;23:31.246|0.000|43.581;24:30.282|0.000|45.181;25:30.095|0.000|41.273;26:31.440|0.000|44.737;27:28.892|0.000|49.304;28:31.062|0.000|37.261;29:31.504|0.000|38.802"
59.730,"auto_stronger_social_force_A",32.1025,0.0400,29.3810,0.0000,0.2920,20.0660,33.4266,29.3150,1.5858,7.9004,0,30,"0:27.858|0.000|44.827;1:28.088|0.000|54.623;2:28.875|0.000|48.171;3:26.584|0.000|45.861;4:26.932|0.000|51.114;5:29.008|0.000|44.238;6:26.538|0.000|49.477;7:27.700|0.000|49.825;8:28.964|0.000|51.805;9:29.467|0.000|53.791;10:27.491|0.000|43.159;11:26.805|0.000|47.226;12:27.151|0.000|48.531;13:27.155|0.000|52.659;14:28.187|0.000|46.538;15:30.791|0.000|80.340;16:31.455|0.000|40.916;17:31.031|0.000|42.276;18:29.336|0.000|39.664;19:30.673|0.000|40.008;20:31.376|0.000|46.210;21:31.305|0.000|47.697;22:30.273|0.000|38.539;23:31.244|0.000|43.521;24:30.325|0.000|45.155;25:30.095|0.000|41.212;26:31.430|0.000|44.686;27:28.882|0.000|49.323;28:31.064|0.000|37.213;29:31.501|0.000|38.740"
59.836,"auto_stronger_social_force_A",32.1025,0.0400,29.3810,0.0000,0.2920,20.0660,33.4266,29.3150,1.5858,7.8616,0,30,"0:27.839|0.000|44.871;1:28.099|0.000|54.671;2:28.824|0.000|48.184;3:26.593|0.000|45.902;4:26.942|0.000|51.164;5:29.000|0.000|44.238;6:26.539|0.000|49.517;7:27.695|0.000|49.879;8:28.957|0.000|51.824;9:29.477|0.000|53.844;10:27.488|0.000|43.188;11:26.828|0.000|47.266;12:27.144|0.000|48.595;13:27.161|0.000|52.696;14:28.187|0.000|46.569;15:30.791|0.000|80.340;16:31.455|0.000|40.876;17:31.034|0.000|42.232;18:29.335|0.000|39.621;19:30.671|0.000|39.962;20:31.354|0.000|46.176;21:31.304|0.000|47.667;22:30.272|0.000|38.488;23:31.241|0.000|43.471;24:30.361|0.000|45.134;25:30.095|0.000|41.163;26:31.425|0.000|44.646;27:28.874|0.000|49.343;28:31.064|0.000|37.174;29:31.499|0.000|38.689"
59.953,"auto_stronger_social_force_A",32.1025,0.0400,29.3810,0.0000,0.2920,20.0660,33.4266,29.3150,1.5858,7.8159,0,30,"0:27.818|0.000|44.920;1:28.109|0.000|54.728;2:28.765|0.000|48.198;3:26.602|0.000|45.950;4:26.955|0.000|51.226;5:28.994|0.000|44.239;6:26.538|0.000|49.571;7:27.689|0.000|49.946;8:28.947|0.000|51.879;9:29.489|0.000|53.904;10:27.483|0.000|43.229;11:26.856|0.000|47.312;12:27.147|0.000|48.658;13:27.182|0.000|52.753;14:28.183|0.000|46.608;15:30.791|0.000|80.340;16:31.459|0.000|40.818;17:31.036|0.000|42.175;18:29.336|0.000|39.566;19:30.669|0.000|39.902;20:31.324|0.000|46.131;21:31.303|0.000|47.626;22:30.273|0.000|38.427;23:31.238|0.000|43.414;24:30.403|0.000|45.106;25:30.096|0.000|41.104;26:31.421|0.000|44.607;27:28.865|0.000|49.370;28:31.061|0.000|37.127;29:31.497|0.000|38.630"
60.064,"auto_stronger_social_force_A",32.1025,0.0400,29.3810,0.0000,0.2920,20.0660,33.4266,29.3150,1.5858,7.7687,0,30,"0:27.799|0.000|44.964;1:28.115|0.000|54.778;2:28.711|0.000|48.212;3:26.608|0.000|45.996;4:26.968|0.000|51.285;5:28.990|0.000|44.241;6:26.538|0.000|49.626;7:27.689|0.000|50.000;8:28.943|0.000|51.951;9:29.501|0.000|53.958;10:27.478|0.000|43.272;11:26.881|0.000|47.351;12:27.164|0.000|48.718;13:27.206|0.000|52.805;14:28.172|0.000|46.648;15:30.796|0.000|80.337;16:31.459|0.000|40.775;17:31.037|0.000|42.121;18:29.335|0.000|39.511;19:30.665|0.000|39.845;20:31.298|0.000|46.084;21:31.302|0.000|47.584;22:30.274|0.000|38.370;23:31.236|0.000|43.366;24:30.430|0.000|45.086;25:30.098|0.000|41.050;26:31.418|0.000|44.581;27:28.856|0.000|49.395;28:31.059|0.000|37.079;29:31.497|0.000|38.575"
60.173,"auto_larger_social_force_B",32.1031,0.0400,29.3671,0.0000,0.2920,20.0660,33.4234,29.3011,1.5858,7.7393,0,30,"0:27.782|0.000|45.008;1:28.117|0.000|54.825;2:28.663|0.000|48.225;3:26.619|0.000|46.047;4:26.981|0.000|51.343;5:28.988|0.000|44.242;6:26.540|0.000|49.681;7:27.693|0.000|50.054;8:28.944|0.000|52.010;9:29.512|0.000|54.005;10:27.473|0.000|43.317;11:26.910|0.000|47.395;12:27.182|0.000|48.775;13:27.228|0.000|52.854;14:28.167|0.000|46.681;15:30.814|0.000|80.323;16:31.451|0.000|40.747;17:31.039|0.000|42.067;18:29.332|0.000|39.459;19:30.662|0.000|39.790;20:31.280|0.000|46.048;21:31.296|0.000|47.529;22:30.275|0.000|38.318;23:31.245|0.000|43.298;24:30.449|0.000|45.063;25:30.108|0.000|40.987;26:31.437|0.000|44.522;27:28.851|0.000|49.414;28:31.051|0.000|37.034;29:31.510|0.000|38.501"
60.273,"auto_larger_social_force_B",32.1031,0.0400,29.3516,0.0000,0.2920,20.0660,33.4191,29.2856,1.5858,7.7110,0,30,"0:27.768|0.000|45.045;1:28.117|0.000|54.870;2:28.610|0.000|48.245;3:26.628|0.000|46.095;4:26.991|0.000|51.398;5:28.986|0.000|44.243;6:26.544|0.000|49.733;7:27.701|0.000|50.114;8:28.948|0.000|52.063;9:29.522|0.000|54.042;10:27.470|0.000|43.359;11:26.937|0.000|47.442;12:27.196|0.000|48.823;13:27.248|0.000|52.896;14:28.166|0.000|46.711;15:30.819|0.000|80.315;16:31.437|0.000|40.727;17:31.042|0.000|42.015;18:29.328|0.000|39.408;19:30.659|0.000|39.739;20:31.263|0.000|46.016;21:31.290|0.000|47.479;22:30.277|0.000|38.274;23:31.253|0.000|43.225;24:30.459|0.000|45.045;25:30.118|0.000|40.919;26:31.449|0.000|44.464;27:28.845|0.000|49.430;28:31.043|0.000|36.989;29:31.524|0.000|38.423"
60.381,"auto_larger_social_force_B",32.1031,0.0400,29.3346,0.0000,0.2920,20.0660,33.4144,29.2686,1.5858,7.6761,0,30,"0:27.759|0.000|45.075;1:28.118|0.000|54.923;2:28.561|0.000|48.266;3:26.639|0.000|46.146;4:27.004|0.000|51.455;5:28.984|0.000|44.243;6:26.548|0.000|49.790;7:27.708|0.000|50.179;8:28.953|0.000|52.119;9:29.534|0.000|54.083;10:27.464|0.000|43.403;11:26.953|0.000|47.482;12:27.210|0.000|48.875;13:27.270|0.000|52.943;14:28.167|0.000|46.748;15:30.820|0.000|80.301;16:31.420|0.000|40.691;17:31.047|0.000|41.956;18:29.326|0.000|39.349;19:30.657|0.000|39.684;20:31.245|0.000|45.982;21:31.283|0.000|47.430;22:30.276|0.000|38.229;23:31.255|0.000|43.150;24:30.462|0.000|45.030;25:30.126|0.000|40.881;26:31.443|0.000|44.427;27:28.834|0.000|49.448;28:31.034|0.000|36.936;29:31.531|0.000|38.412"
60.490,"auto_larger_social_force_B",32.1031,0.0400,29.3176,0.0000,0.2920,20.0660,33.4096,29.2516,1.5858,7.6383,0,30,"0:27.751|0.000|45.109;1:28.120|0.000|54.977;2:28.522|0.000|48.285;3:26.648|0.000|46.195;4:27.016|0.000|51.514;5:28.983|0.000|44.244;6:26.551|0.000|49.847;7:27.714|0.000|50.242;8:28.959|0.000|52.176;9:29.549|0.000|54.129;10:27.457|0.000|43.444;11:26.956|0.000|47.509;12:27.224|0.000|48.929;13:27.293|0.000|52.989;14:28.168|0.000|46.794;15:30.823|0.000|80.279;16:31.405|0.000|40.640;17:31.052|0.000|41.894;18:29.325|0.000|39.283;19:30.656|0.000|39.631;20:31.228|0.000|45.946;21:31.273|0.000|47.385;22:30.271|0.000|38.188;23:31.249|0.000|43.097;24:30.463|0.000|45.018;25:30.123|0.000|40.850;26:31.426|0.000|44.399;27:28.823|0.000|49.465;28:31.025|0.000|36.879;29:31.517|0.000|38.384"
60.602,"auto_larger_social_force_B",32.1031,0.0400,29.3006,0.0000,0.2920,20.0660,33.4049,29.2346,1.5858,7.5989,0,30,"0:27.745|0.000|45.146;1:28.122|0.000|55.032;2:28.493|0.000|48.300;3:26.657|0.000|46.243;4:27.024|0.000|51.575;5:28.983|0.000|44.244;6:26.551|0.000|49.901;7:27.719|0.000|50.306;8:28.964|0.000|52.231;9:29.565|0.000|54.174;10:27.447|0.000|43.480;11:26.953|0.000|47.539;12:27.237|0.000|48.983;13:27.315|0.000|53.035;14:28.169|0.000|46.843;15:30.841|0.000|80.256;16:31.392|0.000|40.581;17:31.052|0.000|41.834;18:29.324|0.000|39.236;19:30.655|0.000|39.582;20:31.210|0.000|45.906;21:31.262|0.000|47.345;22:30.265|0.000|38.146;23:31.232|0.000|43.033;24:30.457|0.000|45.000;25:30.104|0.000|40.805;26:31.406|0.000|44.334;27:28.812|0.000|49.479;28:31.018|0.000|36.822;29:31.484|0.000|38.338"
60.711,"auto_larger_social_force_B",32.1031,0.0400,29.2836,0.0000,0.2920,20.0660,33.4002,29.2176,1.5858,7.5672,0,30,"0:27.739|0.000|45.187;1:28.125|0.000|55.087;2:28.473|0.000|48.313;3:26.668|0.000|46.288;4:27.027|0.000|51.632;5:28.983|0.000|44.244;6:26.549|0.000|49.953;7:27.722|0.000|50.365;8:28.965|0.000|52.282;9:29.578|0.000|54.217;10:27.436|0.000|43.514;11:26.948|0.000|47.575;12:27.248|0.000|49.034;13:27.336|0.000|53.078;14:28.172|0.000|46.893;15:30.857|0.000|80.235;16:31.382|0.000|40.526;17:31.051|0.000|41.782;18:29.322|0.000|39.203;19:30.655|0.000|39.535;20:31.190|0.000|45.863;21:31.251|0.000|47.317;22:30.258|0.000|38.101;23:31.209|0.000|42.968;24:30.450|0.000|44.983;25:30.079|0.000|40.752;26:31.390|0.000|44.269;27:28.805|0.000|49.489;28:31.013|0.000|36.772;29:31.463|0.000|38.304"
60.826,"auto_larger_social_force_B",32.1031,0.0400,29.2666,0.0000,0.2920,20.0660,33.3956,29.2006,1.5858,7.5402,0,30,"0:27.733|0.000|45.235;1:28.128|0.000|55.143;2:28.455|0.000|48.327;3:26.682|0.000|46.328;4:27.026|0.000|51.695;5:28.983|0.000|44.244;6:26.548|0.000|50.009;7:27.724|0.000|50.422;8:28.964|0.000|52.332;9:29.592|0.000|54.263;10:27.422|0.000|43.553;11:26.943|0.000|47.619;12:27.259|0.000|49.085;13:27.358|0.000|53.122;14:28.174|0.000|46.946;15:30.872|0.000|80.212;16:31.371|0.000|40.473;17:31.045|0.000|41.733;18:29.315|0.000|39.167;19:30.655|0.000|39.489;20:31.170|0.000|45.817;21:31.242|0.000|47.300;22:30.249|0.000|38.057;23:31.187|0.000|42.910;24:30.446|0.000|44.959;25:30.057|0.000|40.707;26:31.378|0.000|44.207;27:28.798|0.000|49.497;28:31.008|0.000|36.727;29:31.441|0.000|38.269"
60.944,"auto_larger_social_force_B",32.1031,0.0400,29.2481,0.0000,0.2920,20.0660,33.3905,29.1821,1.5858,7.5093,0,30,"0:27.727|0.000|45.292;1:28.133|0.000|55.205;2:28.439|0.000|48.343;3:26.701|0.000|46.369;4:27.023|0.000|51.768;5:28.983|0.000|44.244;6:26.548|0.000|50.062;7:27.729|0.000|50.480;8:28.962|0.000|52.389;9:29.605|0.000|54.316;10:27.409|0.000|43.582;11:26.939|0.000|47.673;12:27.273|0.000|49.140;13:27.384|0.000|53.166;14:28.175|0.000|47.006;15:30.888|0.000|80.185;16:31.359|0.000|40.416;17:31.037|0.000|41.676;18:29.299|0.000|39.126;19:30.653|0.000|39.444;20:31.149|0.000|45.766;21:31.227|0.000|47.282;22:30.242|0.000|38.009;23:31.164|0.000|42.852;24:30.443|0.000|44.901;25:30.032|0.000|40.661;26:31.367|0.000|44.144;27:28.792|0.000|49.505;28:31.002|0.000|36.676;29:31.415|0.000|38.229"
61.055,"auto_larger_social_force_B",32.1031,0.0400,29.2311,0.0000,0.2920,20.0660,33.3858,29.1651,1.5858,7.4772,0,30,"0:27.724|0.000|45.346;1:28.138|0.000|55.260;2:28.425|0.000|48.358;3:26.722|0.000|46.407;4:27.020|0.000|51.831;5:28.983|0.000|44.244;6:26.550|0.000|50.110;7:27.735|0.000|50.531;8:28.960|0.000|52.439;9:29.618|0.000|54.369;10:27.401|0.000|43.612;11:26.939|0.000|47.725;12:27.289|0.000|49.187;13:27.412|0.000|53.206;14:28.169|0.000|47.058;15:30.901|0.000|80.163;16:31.344|0.000|40.361;17:31.030|0.000|41.622;18:29.277|0.000|39.083;19:30.648|0.000|39.405;20:31.131|0.000|45.720;21:31.208|0.000|47.262;22:30.235|0.000|37.961;23:31.144|0.000|42.801;24:30.439|0.000|44.849;25:30.008|0.000|40.621;26:31.357|0.000|44.090;27:28.788|0.000|49.510;28:30.994|0.000|36.626;29:31.391|0.000|38.187"
61.162,"auto_larger_social_force_B",32.1031,0.0400,29.2141,0.0000,0.2920,20.0660,33.3811,29.1481,1.5858,7.4429,0,30,"0:27.721|0.000|45.400;1:28.143|0.000|55.314;2:28.414|0.000|48.373;3:26.742|0.000|46.435;4:27.019|0.000|51.892;5:28.982|0.000|44.246;6:26.554|0.000|50.161;7:27.741|0.000|50.574;8:28.962|0.000|52.485;9:29.632|0.000|54.424;10:27.394|0.000|43.644;11:26.942|0.000|47.775;12:27.309|0.000|49.233;13:27.442|0.000|53.248;14:28.166|0.000|47.096;15:30.913|0.000|80.143;16:31.327|0.000|40.307;17:31.024|0.000|41.567;18:29.258|0.000|39.038;19:30.641|0.000|39.362;20:31.112|0.000|45.674;21:31.183|0.000|47.240;22:30.229|0.000|37.912;23:31.125|0.000|42.754;24:30.435|0.000|44.799;25:29.983|0.000|40.583;26:31.346|0.000|44.038;27:28.785|0.000|49.514;28:30.985|0.000|36.573;29:31.365|0.000|38.141"
61.269,"auto_larger_social_force_B",32.1031,0.0400,29.1987,0.0000,0.2920,20.0660,33.3769,29.1327,1.5858,7.4094,0,30,"0:27.718|0.000|45.449;1:28.147|0.000|55.360;2:28.404|0.000|48.388;3:26.756|0.000|46.459;4:27.019|0.000|51.946;5:28.980|0.000|44.248;6:26.556|0.000|50.210;7:27.750|0.000|50.612;8:28.965|0.000|52.529;9:29.643|0.000|54.474;10:27.385|0.000|43.677;11:26.946|0.000|47.818;12:27.327|0.000|49.276;13:27.468|0.000|53.284;14:28.165|0.000|47.126;15:30.925|0.000|80.126;16:31.313|0.000|40.258;17:31.020|0.000|41.514;18:29.239|0.000|38.994;19:30.633|0.000|39.317;20:31.091|0.000|45.636;21:31.161|0.000|47.221;22:30.223|0.000|37.863;23:31.108|0.000|42.713;24:30.431|0.000|44.755;25:29.958|0.000|40.549;26:31.335|0.000|43.991;27:28.784|0.000|49.515;28:30.978|0.000|36.522;29:31.341|0.000|38.098"
61.390,"auto_larger_social_force_B",32.1031,0.0400,29.1801,0.0000,0.2920,20.0660,33.3718,29.1141,1.5858,7.3691,0,30,"0:27.712|0.000|45.506;1:28.151|0.000|55.417;2:28.394|0.000|48.405;3:26.771|0.000|46.495;4:27.020|0.000|52.007;5:28.977|0.000|44.253;6:26.560|0.000|50.269;7:27.762|0.000|50.660;8:28.968|0.000|52.585;9:29.655|0.000|54.533;10:27.374|0.000|43.719;11:26.950|0.000|47.865;12:27.346|0.000|49.316;13:27.482|0.000|53.302;14:28.167|0.000|47.166;15:30.940|0.000|80.107;16:31.304|0.000|40.210;17:31.015|0.000|41.452;18:29.216|0.000|38.940;19:30.623|0.000|39.259;20:31.065|0.000|45.591;21:31.136|0.000|47.200;22:30.215|0.000|37.804;23:31.087|0.000|42.666;24:30.422|0.000|44.708;25:29.925|0.000|40.514;26:31.320|0.000|43.940;27:28.784|0.000|49.515;28:30.970|0.000|36.462;29:31.310|0.000|38.047"
61.491,"auto_larger_social_force_B",32.1031,0.0400,29.1631,0.0000,0.2920,20.0660,33.3672,29.0971,1.5858,7.3338,0,30,"0:27.704|0.000|45.555;1:28.155|0.000|55.474;2:28.386|0.000|48.421;3:26.786|0.000|46.532;4:27.021|0.000|52.061;5:28.974|0.000|44.259;6:26.565|0.000|50.324;7:27.773|0.000|50.706;8:28.972|0.000|52.639;9:29.667|0.000|54.586;10:27.364|0.000|43.763;11:26.952|0.000|47.903;12:27.352|0.000|49.342;13:27.494|0.000|53.331;14:28.173|0.000|47.207;15:30.955|0.000|80.089;16:31.300|0.000|40.158;17:31.009|0.000|41.398;18:29.196|0.000|38.887;19:30.613|0.000|39.203;20:31.040|0.000|45.549;21:31.113|0.000|47.180;22:30.209|0.000|37.751;23:31.066|0.000|42.626;24:30.410|0.000|44.669;25:29.893|0.000|40.484;26:31.304|0.000|43.896;27:28.784|0.000|49.515;28:30.964|0.000|36.408;29:31.281|0.000|38.000"
61.597,"auto_larger_social_force_B",32.1031,0.0400,29.1477,0.0000,0.2920,20.0660,33.3630,29.0817,1.5858,7.3031,0,30,"0:27.695|0.000|45.599;1:28.158|0.000|55.524;2:28.380|0.000|48.434;3:26.798|0.000|46.569;4:27.021|0.000|52.106;5:28.972|0.000|44.266;6:26.570|0.000|50.371;7:27.783|0.000|50.744;8:28.976|0.000|52.686;9:29.680|0.000|54.628;10:27.356|0.000|43.803;11:26.951|0.000|47.935;12:27.356|0.000|49.369;13:27.503|0.000|53.359;14:28.183|0.000|47.248;15:30.967|0.000|80.076;16:31.297|0.000|40.107;17:31.003|0.000|41.351;18:29.178|0.000|38.841;19:30.603|0.000|39.153;20:31.021|0.000|45.520;21:31.090|0.000|47.162;22:30.205|0.000|37.707;23:31.046|0.000|42.595;24:30.397|0.000|44.633;25:29.864|0.000|40.461;26:31.289|0.000|43.853;27:28.784|0.000|49.515;28:30.958|0.000|36.360;29:31.254|0.000|37.959"
61.703,"auto_larger_social_force_B",32.1031,0.0400,29.1307,0.0000,0.2920,20.0660,33.3584,29.0647,1.5858,7.2680,0,30,"0:27.687|0.000|45.650;1:28.160|0.000|55.583;2:28.373|0.000|48.449;3:26.813|0.000|46.616;4:27.020|0.000|52.155;5:28.967|0.000|44.276;6:26.574|0.000|50.425;7:27.792|0.000|50.788;8:28.981|0.000|52.740;9:29.697|0.000|54.675;10:27.346|0.000|43.848;11:26.945|0.000|47.974;12:27.361|0.000|49.407;13:27.516|0.000|53.398;14:28.197|0.000|47.297;15:30.982|0.000|80.062;16:31.292|0.000|40.049;17:30.997|0.000|41.301;18:29.157|0.000|38.788;19:30.591|0.000|39.097;20:31.010|0.000|45.502;21:31.059|0.000|47.136;22:30.198|0.000|37.657;23:31.020|0.000|42.559;24:30.381|0.000|44.595;25:29.834|0.000|40.438;26:31.274|0.000|43.805;27:28.784|0.000|49.515;28:30.952|0.000|36.307;29:31.222|0.000|37.911"
61.803,"auto_larger_social_force_B",32.1031,0.0400,29.1152,0.0000,0.2920,20.0660,33.3542,29.0492,1.5858,7.2364,0,30,"0:27.684|0.000|45.687;1:28.162|0.000|55.637;2:28.366|0.000|48.463;3:26.825|0.000|46.662;4:27.018|0.000|52.197;5:28.963|0.000|44.288;6:26.577|0.000|50.473;7:27.801|0.000|50.832;8:28.985|0.000|52.790;9:29.714|0.000|54.718;10:27.337|0.000|43.889;11:26.937|0.000|48.012;12:27.366|0.000|49.447;13:27.529|0.000|53.441;14:28.209|0.000|47.342;15:30.994|0.000|80.051;16:31.287|0.000|40.001;17:30.991|0.000|41.253;18:29.137|0.000|38.743;19:30.582|0.000|39.046;20:31.001|0.000|45.477;21:31.029|0.000|47.110;22:30.190|0.000|37.616;23:30.994|0.000|42.525;24:30.369|0.000|44.572;25:29.807|0.000|40.420;26:31.265|0.000|43.763;27:28.784|0.000|49.515;28:30.946|0.000|36.258;29:31.192|0.000|37.859"
61.912,"auto_larger_social_force_B",32.1031,0.0400,29.0982,0.0000,0.2920,20.0660,33.3496,29.0322,1.5858,7.2021,0,30,"0:27.685|0.000|45.718;1:28.164|0.000|55.694;2:28.359|0.000|48.477;3:26.840|0.000|46.713;4:27.014|0.000|52.243;5:28.958|0.000|44.303;6:26.580|0.000|50.525;7:27.810|0.000|50.883;8:28.989|0.000|52.845;9:29.734|0.000|54.762;10:27.325|0.000|43.932;11:26.928|0.000|48.054;12:27.371|0.000|49.493;13:27.543|0.000|53.493;14:28.222|0.000|47.392;15:31.006|0.000|80.040;16:31.281|0.000|39.947;17:30.987|0.000|41.204;18:29.114|0.000|38.696;19:30.575|0.000|38.992;20:30.992|0.000|45.447;21:30.995|0.000|47.080;22:30.179|0.000|37.576;23:30.970|0.000|42.498;24:30.359|0.000|44.538;25:29.776|0.000|40.398;26:31.257|0.000|43.720;27:28.784|0.000|49.515;28:30.940|0.000|36.206;29:31.164|0.000|37.798"
62.020,"auto_larger_social_force_B",32.1031,0.0400,29.0828,0.0000,0.2920,20.0660,33.3454,29.0168,1.5858,7.1698,0,30,"0:27.689|0.000|45.752;1:28.168|0.000|55.746;2:28.353|0.000|48.494;3:26.854|0.000|46.760;4:27.009|0.000|52.285;5:28.953|0.000|44.320;6:26.581|0.000|50.571;7:27.819|0.000|50.933;8:28.991|0.000|52.895;9:29.748|0.000|54.791;10:27.314|0.000|43.971;11:26.923|0.000|48.091;12:27.375|0.000|49.538;13:27.556|0.000|53.543;14:28.235|0.000|47.441;15:31.016|0.000|80.031;16:31.274|0.000|39.897;17:30.984|0.000|41.157;18:29.094|0.000|38.657;19:30.569|0.000|38.945;20:30.983|0.000|45.416;21:30.963|0.000|47.051;22:30.166|0.000|37.538;23:30.955|0.000|42.477;24:30.350|0.000|44.502;25:29.747|0.000|40.376;26:31.251|0.000|43.675;27:28.784|0.000|49.515;28:30.933|0.000|36.156;29:31.157|0.000|37.752"
62.124,"auto_larger_social_force_B",32.1031,0.0400,29.0658,0.0000,0.2920,20.0660,33.3408,28.9998,1.5858,7.1374,0,30,"0:27.692|0.000|45.791;1:28.172|0.000|55.800;2:28.345|0.000|48.521;3:26.872|0.000|46.811;4:27.004|0.000|52.328;5:28.948|0.000|44.340;6:26.582|0.000|50.621;7:27.829|0.000|50.987;8:28.994|0.000|52.949;9:29.759|0.000|54.824;10:27.303|0.000|44.008;11:26.918|0.000|48.134;12:27.382|0.000|49.587;13:27.570|0.000|53.595;14:28.248|0.000|47.493;15:31.025|0.000|80.020;16:31.266|0.000|39.844;17:30.981|0.000|41.106;18:29.073|0.000|38.623;19:30.565|0.000|38.891;20:30.974|0.000|45.379;21:30.928|0.000|47.020;22:30.150|0.000|37.501;23:30.941|0.000|42.449;24:30.340|0.000|44.461;25:29.719|0.000|40.354;26:31.244|0.000|43.626;27:28.784|0.000|49.515;28:30.926|0.000|36.105;29:31.165|0.000|37.698"
62.227,"auto_larger_social_force_B",32.1031,0.0400,29.0504,0.0000,0.2920,20.0660,33.3366,28.9844,1.5858,7.1073,0,30,"0:27.695|0.000|45.828;1:28.175|0.000|55.848;2:28.336|0.000|48.558;3:26.888|0.000|46.858;4:27.001|0.000|52.366;5:28.942|0.000|44.361;6:26.583|0.000|50.665;7:27.836|0.000|51.035;8:28.996|0.000|52.999;9:29.769|0.000|54.861;10:27.292|0.000|44.041;11:26.913|0.000|48.179;12:27.390|0.000|49.630;13:27.584|0.000|53.643;14:28.259|0.000|47.541;15:31.033|0.000|80.012;16:31.259|0.000|39.797;17:30.978|0.000|41.058;18:29.054|0.000|38.591;19:30.560|0.000|38.843;20:30.967|0.000|45.341;21:30.897|0.000|46.993;22:30.137|0.000|37.477;23:30.929|0.000|42.419;24:30.331|0.000|44.417;25:29.694|0.000|40.334;26:31.238|0.000|43.579;27:28.784|0.000|49.515;28:30.918|0.000|36.058;29:31.174|0.000|37.647"
62.335,"auto_larger_social_force_B",32.1031,0.0400,29.0334,0.0000,0.2920,20.0660,33.3320,28.9674,1.5858,7.0730,0,30,"0:27.700|0.000|45.872;1:28.178|0.000|55.900;2:28.326|0.000|48.600;3:26.907|0.000|46.912;4:26.999|0.000|52.409;5:28.934|0.000|44.388;6:26.586|0.000|50.710;7:27.844|0.000|51.088;8:29.000|0.000|53.053;9:29.782|0.000|54.907;10:27.281|0.000|44.078;11:26.908|0.000|48.232;12:27.401|0.000|49.671;13:27.601|0.000|53.695;14:28.270|0.000|47.591;15:31.042|0.000|80.004;16:31.253|0.000|39.745;17:30.975|0.000|41.003;18:29.030|0.000|38.554;19:30.555|0.000|38.794;20:30.959|0.000|45.298;21:30.864|0.000|46.965;22:30.126|0.000|37.448;23:30.915|0.000|42.382;24:30.322|0.000|44.364;25:29.670|0.000|40.313;26:31.231|0.000|43.526;27:28.784|0.000|49.515;28:30.908|0.000|36.005;29:31.184|0.000|37.586"
62.443,"auto_larger_social_force_B",32.1031,0.0400,29.0164,0.0000,0.2920,20.0660,33.3275,28.9504,1.5858,7.0421,0,30,"0:27.704|0.000|45.919;1:28.178|0.000|55.949;2:28.317|0.000|48.624;3:26.929|0.000|46.964;4:26.998|0.000|52.458;5:28.924|0.000|44.421;6:26.591|0.000|50.756;7:27.853|0.000|51.139;8:29.006|0.000|53.103;9:29.796|0.000|54.960;10:27.270|0.000|44.112;11:26.903|0.000|48.288;12:27.407|0.000|49.705;13:27.617|0.000|53.743;14:28.282|0.000|47.640;15:31.051|0.000|79.996;16:31.247|0.000|39.694;17:30.972|0.000|40.945;18:29.008|0.000|38.519;19:30.546|0.000|38.747;20:30.950|0.000|45.252;21:30.830|0.000|46.939;22:30.116|0.000|37.412;23:30.901|0.000|42.335;24:30.312|0.000|44.309;25:29.647|0.000|40.291;26:31.225|0.000|43.472;27:28.783|0.000|49.516;28:30.899|0.000|35.955;29:31.194|0.000|37.529"
62.546,"auto_larger_social_force_B",32.1031,0.0400,29.0009,0.0000,0.2920,20.0660,33.3233,28.9349,1.5858,7.0156,0,30,"0:27.708|0.000|45.962;1:28.177|0.000|55.994;2:28.313|0.000|48.643;3:26.941|0.000|46.997;4:26.997|0.000|52.505;5:28.913|0.000|44.454;6:26.596|0.000|50.797;7:27.863|0.000|51.181;8:29.014|0.000|53.149;9:29.808|0.000|55.009;10:27.264|0.000|44.137;11:26.900|0.000|48.337;12:27.411|0.000|49.732;13:27.633|0.000|53.785;14:28.293|0.000|47.676;15:31.057|0.000|79.990;16:31.242|0.000|39.649;17:30.970|0.000|40.894;18:28.991|0.000|38.488;19:30.538|0.000|38.699;20:30.942|0.000|45.212;21:30.801|0.000|46.915;22:30.105|0.000|37.377;23:30.889|0.000|42.289;24:30.302|0.000|44.260;25:29.626|0.000|40.270;26:31.219|0.000|43.422;27:28.783|0.000|49.517;28:30.890|0.000|35.911;29:31.202|0.000|37.479"
62.650,"auto_larger_social_force_B",32.1031,0.0400,28.9839,0.0000,0.2920,20.0660,33.3188,28.9179,1.5858,6.9830,0,30,"0:27.712|0.000|46.008;1:28.175|0.000|56.047;2:28.306|0.000|48.684;3:26.938|0.000|47.033;4:26.997|0.000|52.560;5:28.896|0.000|44.499;6:26.603|0.000|50.845;7:27.878|0.000|51.224;8:29.024|0.000|53.199;9:29.821|0.000|55.065;10:27.258|0.000|44.166;11:26.896|0.000|48.390;12:27.412|0.000|49.769;13:27.649|0.000|53.834;14:28.306|0.000|47.706;15:31.062|0.000|79.986;16:31.238|0.000|39.600;17:30.966|0.000|40.840;18:28.973|0.000|38.454;19:30.529|0.000|38.648;20:30.932|0.000|45.167;21:30.774|0.000|46.896;22:30.093|0.000|37.333;23:30.875|0.000|42.235;24:30.291|0.000|44.207;25:29.600|0.000|40.243;26:31.210|0.000|43.367;27:28.782|0.000|49.519;28:30.880|0.000|35.859;29:31.210|0.000|37.425"
62.759,"auto_larger_social_force_B",32.1031,0.0400,28.9685,0.0000,0.2920,20.0660,33.3146,28.9025,1.5858,6.9534,0,30,"0:27.715|0.000|46.049;1:28.173|0.000|56.093;2:28.294|0.000|48.726;3:26.928|0.000|47.078;4:26.998|0.000|52.609;5:28.877|0.000|44.538;6:26.609|0.000|50.892;7:27.892|0.000|51.264;8:29.035|0.000|53.246;9:29.833|0.000|55.114;10:27.253|0.000|44.193;11:26.892|0.000|48.434;12:27.410|0.000|49.801;13:27.661|0.000|53.877;14:28.320|0.000|47.726;15:31.065|0.000|79.984;16:31.235|0.000|39.557;17:30.963|0.000|40.791;18:28.957|0.000|38.420;19:30.520|0.000|38.599;20:30.922|0.000|45.126;21:30.753|0.000|46.879;22:30.083|0.000|37.289;23:30.862|0.000|42.188;24:30.280|0.000|44.161;25:29.574|0.000|40.215;26:31.201|0.000|43.317;27:28.782|0.000|49.521;28:30.872|0.000|35.812;29:31.217|0.000|37.378"
62.868,"auto_larger_social_force_B",32.1031,0.0400,28.9515,0.0000,0.2920,20.0660,33.3101,28.8855,1.5858,6.9189,0,30,"0:27.718|0.000|46.094;1:28.172|0.000|56.145;2:28.278|0.000|48.775;3:26.917|0.000|47.130;4:27.000|0.000|52.666;5:28.860|0.000|44.572;6:26.616|0.000|50.946;7:27.909|0.000|51.303;8:29.046|0.000|53.303;9:29.848|0.000|55.167;10:27.248|0.000|44.226;11:26.885|0.000|48.475;12:27.400|0.000|49.844;13:27.670|0.000|53.920;14:28.337|0.000|47.749;15:31.068|0.000|79.982;16:31.230|0.000|39.512;17:30.959|0.000|40.739;18:28.937|0.000|38.377;19:30.508|0.000|38.546;20:30.911|0.000|45.082;21:30.733|0.000|46.860;22:30.072|0.000|37.238;23:30.846|0.000|42.135;24:30.268|0.000|44.115;25:29.546|0.000|40.183;26:31.189|0.000|43.259;27:28.781|0.000|49.524;28:30.864|0.000|35.758;29:31.227|0.000|37.327"
62.972,"auto_larger_social_force_B",32.1031,0.0400,28.9345,0.0000,0.2920,20.0660,33.3056,28.8685,1.5858,6.8847,0,30,"0:27.722|0.000|46.136;1:28.172|0.000|56.199;2:28.261|0.000|48.821;3:26.906|0.000|47.177;4:27.001|0.000|52.725;5:28.851|0.000|44.598;6:26.624|0.000|50.999;7:27.924|0.000|51.328;8:29.054|0.000|53.358;9:29.864|0.000|55.217;10:27.242|0.000|44.264;11:26.875|0.000|48.513;12:27.392|0.000|49.888;13:27.676|0.000|53.963;14:28.359|0.000|47.768;15:31.070|0.000|79.981;16:31.224|0.000|39.467;17:30.955|0.000|40.688;18:28.916|0.000|38.331;19:30.498|0.000|38.493;20:30.900|0.000|45.046;21:30.717|0.000|46.843;22:30.060|0.000|37.187;23:30.830|0.000|42.084;24:30.255|0.000|44.071;25:29.519|0.000|40.150;26:31.178|0.000|43.202;27:28.779|0.000|49.528;28:30.856|0.000|35.705;29:31.239|0.000|37.278"
63.075,"auto_larger_social_force_B",32.1031,0.0400,28.9190,0.0000,0.2920,20.0660,33.3015,28.8530,1.5858,6.8527,0,30,"0:27.724|0.000|46.175;1:28.172|0.000|56.249;2:28.242|0.000|48.861;3:26.896|0.000|47.219;4:26.999|0.000|52.787;5:28.843|0.000|44.629;6:26.632|0.000|51.048;7:27.934|0.000|51.358;8:29.061|0.000|53.409;9:29.879|0.000|55.259;10:27.237|0.000|44.302;11:26.864|0.000|48.555;12:27.386|0.000|49.928;13:27.682|0.000|54.007;14:28.379|0.000|47.783;15:31.072|0.000|79.980;16:31.216|0.000|39.428;17:30.952|0.000|40.639;18:28.896|0.000|38.286;19:30.488|0.000|38.445;20:30.892|0.000|45.012;21:30.702|0.000|46.827;22:30.048|0.000|37.140;23:30.815|0.000|42.041;24:30.244|0.000|44.027;25:29.493|0.000|40.119;26:31.171|0.000|43.161;27:28.776|0.000|49.536;28:30.849|0.000|35.656;29:31.251|0.000|37.233"
63.175,"auto_larger_social_force_B",32.1031,0.0400,28.9036,0.0000,0.2920,20.0660,33.2974,28.8376,1.5858,6.8213,0,30,"0:27.726|0.000|46.215;1:28.172|0.000|56.300;2:28.222|0.000|48.895;3:26.886|0.000|47.265;4:26.990|0.000|52.829;5:28.834|0.000|44.666;6:26.639|0.000|51.096;7:27.944|0.000|51.392;8:29.068|0.000|53.458;9:29.894|0.000|55.298;10:27.232|0.000|44.344;11:26.852|0.000|48.593;12:27.380|0.000|49.970;13:27.688|0.000|54.053;14:28.398|0.000|47.799;15:31.074|0.000|79.979;16:31.207|0.000|39.387;17:30.950|0.000|40.589;18:28.877|0.000|38.241;19:30.480|0.000|38.396;20:30.890|0.000|44.976;21:30.687|0.000|46.810;22:30.034|0.000|37.093;23:30.801|0.000|41.999;24:30.234|0.000|43.985;25:29.468|0.000|40.088;26:31.166|0.000|43.116;27:28.771|0.000|49.548;28:30.842|0.000|35.607;29:31.263|0.000|37.188"
63.286,"auto_larger_social_force_B",32.1031,0.0400,28.8866,0.0000,0.2920,20.0660,33.2929,28.8206,1.5858,6.7870,0,30,"0:27.728|0.000|46.256;1:28.173|0.000|56.357;2:28.194|0.000|48.925;3:26.875|0.000|47.319;4:26.981|0.000|52.851;5:28.822|0.000|44.711;6:26.647|0.000|51.149;7:27.958|0.000|51.436;8:29.076|0.000|53.511;9:29.912|0.000|55.346;10:27.227|0.000|44.390;11:26.844|0.000|48.627;12:27.372|0.000|50.021;13:27.694|0.000|54.108;14:28.423|0.000|47.814;15:31.074|0.000|79.979;16:31.196|0.000|39.335;17:30.947|0.000|40.532;18:28.858|0.000|38.190;19:30.471|0.000|38.342;20:30.894|0.000|44.936;21:30.670|0.000|46.788;22:30.019|0.000|37.044;23:30.785|0.000|41.948;24:30.227|0.000|43.942;25:29.439|0.000|40.057;26:31.163|0.000|43.059;27:28.762|0.000|49.572;28:30.833|0.000|35.554;29:31.279|0.000|37.134"
63.405,"auto_larger_social_force_B",32.1031,0.0400,28.8680,0.0000,0.2920,20.0660,33.2880,28.8020,1.5858,6.7506,0,30,"0:27.730|0.000|46.302;1:28.175|0.000|56.417;2:28.158|0.000|48.956;3:26.863|0.000|47.375;4:26.975|0.000|52.869;5:28.810|0.000|44.765;6:26.651|0.000|51.205;7:27.973|0.000|51.489;8:29.085|0.000|53.567;9:29.928|0.000|55.395;10:27.224|0.000|44.440;11:26.838|0.000|48.669;12:27.365|0.000|50.078;13:27.701|0.000|54.166;14:28.452|0.000|47.826;15:31.074|0.000|79.979;16:31.185|0.000|39.278;17:30.943|0.000|40.475;18:28.835|0.000|38.138;19:30.461|0.000|38.285;20:30.901|0.000|44.887;21:30.652|0.000|46.760;22:30.002|0.000|36.997;23:30.773|0.000|41.898;24:30.222|0.000|43.895;25:29.408|0.000|40.026;26:31.162|0.000|42.996;27:28.752|0.000|49.605;28:30.824|0.000|35.496;29:31.293|0.000|37.075"
63.516,"auto_larger_social_force_B",32.1031,0.0400,28.8511,0.0000,0.2920,20.0660,33.2835,28.7851,1.5858,6.7169,0,30,"0:27.732|0.000|46.346;1:28.176|0.000|56.473;2:28.119|0.000|48.981;3:26.850|0.000|47.426;4:26.990|0.000|52.905;5:28.800|0.000|44.818;6:26.654|0.000|51.252;7:27.987|0.000|51.542;8:29.093|0.000|53.616;9:29.939|0.000|55.438;10:27.219|0.000|44.485;11:26.831|0.000|48.715;12:27.359|0.000|50.132;13:27.708|0.000|54.221;14:28.484|0.000|47.837;15:31.074|0.000|79.979;16:31.175|0.000|39.223;17:30.938|0.000|40.427;18:28.812|0.000|38.094;19:30.452|0.000|38.231;20:30.907|0.000|44.841;21:30.634|0.000|46.732;22:29.987|0.000|36.948;23:30.765|0.000|41.854;24:30.216|0.000|43.846;25:29.379|0.000|39.996;26:31.160|0.000|42.938;27:28.740|0.000|49.643;28:30.815|0.000|35.443;29:31.296|0.000|37.036"
63.624,"auto_larger_social_force_B",32.1031,0.0400,28.8341,0.0000,0.2920,20.0660,33.2790,28.7681,1.5858,6.6874,0,30,"0:27.734|0.000|46.393;1:28.176|0.000|56.527;2:28.081|0.000|49.003;3:26.835|0.000|47.474;4:27.020|0.000|52.949;5:28.790|0.000|44.871;6:26.656|0.000|51.302;7:28.001|0.000|51.596;8:29.102|0.000|53.661;9:29.948|0.000|55.481;10:27.213|0.000|44.527;11:26.822|0.000|48.764;12:27.353|0.000|50.185;13:27.714|0.000|54.275;14:28.520|0.000|47.851;15:31.074|0.000|79.979;16:31.164|0.000|39.171;17:30.930|0.000|40.379;18:28.786|0.000|38.053;19:30.443|0.000|38.182;20:30.915|0.000|44.798;21:30.616|0.000|46.704;22:29.974|0.000|36.902;23:30.759|0.000|41.807;24:30.210|0.000|43.794;25:29.354|0.000|39.973;26:31.157|0.000|42.883;27:28.728|0.000|49.686;28:30.807|0.000|35.395;29:31.290|0.000|37.008"
63.729,"auto_larger_social_force_B",32.1031,0.0400,28.8186,0.0000,0.2920,20.0660,33.2749,28.7526,1.5858,6.6575,0,30,"0:27.736|0.000|46.436;1:28.176|0.000|56.576;2:28.047|0.000|49.020;3:26.821|0.000|47.516;4:27.043|0.000|52.975;5:28.779|0.000|44.919;6:26.658|0.000|51.348;7:28.015|0.000|51.644;8:29.111|0.000|53.706;9:29.956|0.000|55.524;10:27.206|0.000|44.562;11:26.815|0.000|48.813;12:27.345|0.000|50.232;13:27.721|0.000|54.324;14:28.559|0.000|47.866;15:31.074|0.000|79.979;16:31.155|0.000|39.126;17:30.921|0.000|40.329;18:28.762|0.000|38.015;19:30.433|0.000|38.137;20:30.921|0.000|44.757;21:30.600|0.000|46.678;22:29.967|0.000|36.866;23:30.754|0.000|41.762;24:30.205|0.000|43.744;25:29.335|0.000|39.955;26:31.153|0.000|42.832;27:28.717|0.000|49.727;28:30.800|0.000|35.347;29:31.282|0.000|36.976"
63.837,"auto_larger_social_force_B",32.1031,0.0400,28.8016,0.0000,0.2920,20.0660,33.2704,28.7356,1.5858,6.6230,0,30,"0:27.737|0.000|46.486;1:28.175|0.000|56.627;2:28.007|0.000|49.040;3:26.806|0.000|47.559;4:27.065|0.000|52.996;5:28.766|0.000|44.971;6:26.661|0.000|51.396;7:28.031|0.000|51.695;8:29.122|0.000|53.756;9:29.965|0.000|55.576;10:27.196|0.000|44.600;11:26.808|0.000|48.867;12:27.336|0.000|50.282;13:27.731|0.000|54.376;14:28.607|0.000|47.881;15:31.074|0.000|79.979;16:31.146|0.000|39.078;17:30.911|0.000|40.273;18:28.738|0.000|37.982;19:30.420|0.000|38.090;20:30.927|0.000|44.712;21:30.582|0.000|46.650;22:29.963|0.000|36.828;23:30.748|0.000|41.710;24:30.200|0.000|43.689;25:29.316|0.000|39.933;26:31.148|0.000|42.777;27:28.705|0.000|49.770;28:30.793|0.000|35.294;29:31.273|0.000|36.933"
63.945,"auto_larger_social_force_B",32.1031,0.0400,28.7846,0.0000,0.2920,20.0660,33.2660,28.7186,1.5858,6.5864,0,30,"0:27.738|0.000|46.536;1:28.174|0.000|56.681;2:27.967|0.000|49.061;3:26.790|0.000|47.601;4:27.090|0.000|53.013;5:28.752|0.000|45.021;6:26.665|0.000|51.448;7:28.047|0.000|51.744;8:29.132|0.000|53.809;9:29.974|0.000|55.631;10:27.186|0.000|44.639;11:26.800|0.000|48.919;12:27.326|0.000|50.329;13:27.743|0.000|54.430;14:28.660|0.000|47.896;15:31.074|0.000|79.979;16:31.140|0.000|39.036;17:30.901|0.000|40.216;18:28.722|0.000|37.959;19:30.405|0.000|38.040;20:30.933|0.000|44.667;21:30.565|0.000|46.623;22:29.960|0.000|36.785;23:30.742|0.000|41.656;24:30.195|0.000|43.638;25:29.300|0.000|39.912;26:31.142|0.000|42.724;27:28.694|0.000|49.808;28:30.787|0.000|35.238;29:31.265|0.000|36.881"
64.053,"auto_larger_social_force_B",32.1031,0.0400,28.7676,0.0000,0.2920,20.0660,33.2615,28.7016,1.5858,6.5465,0,30,"0:27.742|0.000|46.587;1:28.173|0.000|56.731;2:27.924|0.000|49.086;3:26.774|0.000|47.644;4:27.123|0.000|53.030;5:28.738|0.000|45.072;6:26.669|0.000|51.502;7:28.062|0.000|51.785;8:29.142|0.000|53.862;9:29.983|0.000|55.687;10:27.176|0.000|44.671;11:26.791|0.000|48.969;12:27.315|0.000|50.375;13:27.754|0.000|54.482;14:28.714|0.000|47.911;15:31.074|0.000|79.979;16:31.136|0.000|38.991;17:30.893|0.000|40.157;18:28.706|0.000|37.927;19:30.391|0.000|37.987;20:30.939|0.000|44.622;21:30.548|0.000|46.597;22:29.957|0.000|36.737;23:30.736|0.000|41.601;24:30.190|0.000|43.588;25:29.284|0.000|39.890;26:31.137|0.000|42.672;27:28.683|0.000|49.842;28:30.781|0.000|35.179;29:31.258|0.000|36.826"
64.171,"auto_larger_social_force_B",32.1031,0.0400,28.7491,0.0000,0.2920,20.0660,33.2567,28.6831,1.5858,6.5062,0,30,"0:27.745|0.000|46.639;1:28.173|0.000|56.783;2:27.883|0.000|49.112;3:26.763|0.000|47.681;4:27.163|0.000|53.052;5:28.724|0.000|45.125;6:26.674|0.000|51.560;7:28.078|0.000|51.824;8:29.152|0.000|53.920;9:29.992|0.000|55.747;10:27.170|0.000|44.700;11:26.780|0.000|49.017;12:27.303|0.000|50.425;13:27.766|0.000|54.531;14:28.769|0.000|47.926;15:31.074|0.000|79.979;16:31.134|0.000|38.933;17:30.886|0.000|40.096;18:28.687|0.000|37.887;19:30.376|0.000|37.931;20:30.946|0.000|44.576;21:30.532|0.000|46.572;22:29.953|0.000|36.680;23:30.731|0.000|41.543;24:30.182|0.000|43.540;25:29.266|0.000|39.866;26:31.135|0.000|42.621;27:28.672|0.000|49.872;28:30.776|0.000|35.118;29:31.249|0.000|36.766"
64.279,"auto_larger_social_force_B",32.1031,0.0400,28.7336,0.0000,0.2920,20.0660,33.2527,28.6676,1.5858,6.4724,0,30,"0:27.748|0.000|46.682;1:28.175|0.000|56.828;2:27.857|0.000|49.131;3:26.754|0.000|47.712;4:27.200|0.000|53.074;5:28.715|0.000|45.166;6:26.679|0.000|51.611;7:28.093|0.000|51.859;8:29.161|0.000|53.971;9:29.999|0.000|55.798;10:27.166|0.000|44.728;11:26.772|0.000|49.052;12:27.296|0.000|50.462;13:27.773|0.000|54.573;14:28.813|0.000|47.940;15:31.074|0.000|79.979;16:31.131|0.000|38.889;17:30.880|0.000|40.046;18:28.669|0.000|37.848;19:30.363|0.000|37.882;20:30.954|0.000|44.538;21:30.519|0.000|46.550;22:29.950|0.000|36.631;23:30.726|0.000|41.494;24:30.173|0.000|43.502;25:29.251|0.000|39.841;26:31.136|0.000|42.580;27:28.662|0.000|49.897;28:30.772|0.000|35.068;29:31.242|0.000|36.714"
64.386,"auto_larger_social_force_B",32.1031,0.0400,28.7166,0.0000,0.2920,20.0660,33.2482,28.6506,1.5858,6.4372,0,30,"0:27.750|0.000|46.727;1:28.177|0.000|56.879;2:27.836|0.000|49.149;3:26.746|0.000|47.746;4:27.241|0.000|53.101;5:28.711|0.000|45.206;6:26.685|0.000|51.665;7:28.109|0.000|51.896;8:29.170|0.000|54.026;9:30.009|0.000|55.852;10:27.161|0.000|44.763;11:26.761|0.000|49.084;12:27.289|0.000|50.500;13:27.779|0.000|54.621;14:28.859|0.000|47.958;15:31.074|0.000|79.979;16:31.125|0.000|38.842;17:30.873|0.000|39.993;18:28.649|0.000|37.800;19:30.348|0.000|37.829;20:30.963|0.000|44.499;21:30.506|0.000|46.524;22:29.949|0.000|36.577;23:30.718|0.000|41.442;24:30.160|0.000|43.466;25:29.234|0.000|39.811;26:31.138|0.000|42.532;27:28.653|0.000|49.924;28:30.766|0.000|35.013;29:31.234|0.000|36.659"
64.494,"auto_larger_social_force_B",32.1031,0.0400,28.6996,0.0000,0.2920,20.0660,33.2438,28.6336,1.5858,6.4026,0,30,"0:27.749|0.000|46.769;1:28.180|0.000|56.935;2:27.818|0.000|49.169;3:26.738|0.000|47.785;4:27.282|0.000|53.132;5:28.709|0.000|45.245;6:26.691|0.000|51.718;7:28.125|0.000|51.933;8:29.178|0.000|54.082;9:30.022|0.000|55.904;10:27.155|0.000|44.801;11:26.748|0.000|49.119;12:27.284|0.000|50.539;13:27.786|0.000|54.673;14:28.902|0.000|47.980;15:31.074|0.000|79.979;16:31.118|0.000|38.792;17:30.866|0.000|39.941;18:28.628|0.000|37.748;19:30.334|0.000|37.776;20:30.973|0.000|44.462;21:30.493|0.000|46.497;22:29.948|0.000|36.523;23:30.707|0.000|41.391;24:30.144|0.000|43.428;25:29.215|0.000|39.777;26:31.142|0.000|42.482;27:28.643|0.000|49.950;28:30.760|0.000|34.960;29:31.228|0.000|36.604"
64.600,"auto_larger_social_force_B",32.1031,0.0400,28.6827,0.0000,0.2920,20.0660,33.2394,28.6167,1.5858,6.3697,0,30,"0:27.745|0.000|46.808;1:28.182|0.000|56.991;2:27.803|0.000|49.190;3:26.729|0.000|47.829;4:27.321|0.000|53.163;5:28.706|0.000|45.291;6:26.695|0.000|51.770;7:28.140|0.000|51.969;8:29.186|0.000|54.135;9:30.037|0.000|55.957;10:27.149|0.000|44.842;11:26.733|0.000|49.152;12:27.278|0.000|50.581;13:27.792|0.000|54.727;14:28.946|0.000|48.006;15:31.074|0.000|79.979;16:31.112|0.000|38.740;17:30.858|0.000|39.893;18:28.607|0.000|37.696;19:30.320|0.000|37.722;20:30.984|0.000|44.425;21:30.487|0.000|46.478;22:29.945|0.000|36.470;23:30.693|0.000|41.331;24:30.126|0.000|43.399;25:29.196|0.000|39.744;26:31.143|0.000|42.439;27:28.635|0.000|49.973;28:30.754|0.000|34.908;29:31.223|0.000|36.555"
64.717,"auto_larger_social_force_B",32.1031,0.0400,28.6657,0.0000,0.2920,20.0660,33.2350,28.5997,1.5858,6.3373,0,30,"0:27.740|0.000|46.850;1:28.184|0.000|57.048;2:27.791|0.000|49.213;3:26.721|0.000|47.877;4:27.361|0.000|53.196;5:28.701|0.000|45.342;6:26.698|0.000|51.820;7:28.156|0.000|52.006;8:29.193|0.000|54.185;9:30.052|0.000|56.006;10:27.145|0.000|44.886;11:26.720|0.000|49.182;12:27.272|0.000|50.629;13:27.797|0.000|54.780;14:28.984|0.000|48.032;15:31.074|0.000|79.979;16:31.105|0.000|38.685;17:30.850|0.000|39.850;18:28.585|0.000|37.645;19:30.309|0.000|37.670;20:30.995|0.000|44.389;21:30.485|0.000|46.462;22:29.939|0.000|36.421;23:30.681|0.000|41.278;24:30.113|0.000|43.369;25:29.176|0.000|39.710;26:31.141|0.000|42.395;27:28.626|0.000|49.994;28:30.747|0.000|34.856;29:31.218|0.000|36.503"
64.829,"auto_larger_social_force_B",32.1031,0.0400,28.6487,0.0000,0.2920,20.0660,33.2306,28.5827,1.5858,6.3047,0,30,"0:27.733|0.000|46.891;1:28.188|0.000|57.105;2:27.781|0.000|49.235;3:26.713|0.000|47.929;4:27.403|0.000|53.231;5:28.697|0.000|45.394;6:26.701|0.000|51.868;7:28.173|0.000|52.047;8:29.200|0.000|54.233;9:30.065|0.000|56.048;10:27.140|0.000|44.930;11:26.710|0.000|49.213;12:27.265|0.000|50.681;13:27.804|0.000|54.835;14:29.016|0.000|48.055;15:31.074|0.000|79.979;16:31.097|0.000|38.632;17:30.840|0.000|39.805;18:28.561|0.000|37.596;19:30.298|0.000|37.624;20:31.005|0.000|44.356;21:30.484|0.000|46.445;22:29.930|0.000|36.373;23:30.674|0.000|41.231;24:30.100|0.000|43.335;25:29.154|0.000|39.673;26:31.139|0.000|42.346;27:28.617|0.000|50.015;28:30.741|0.000|34.804;29:31.215|0.000|36.450"
64.931,"auto_larger_social_force_B",32.1031,0.0400,28.6317,0.0000,0.2920,20.0660,33.2262,28.5657,1.5858,6.2736,0,30,"0:27.727|0.000|46.927;1:28.192|0.000|57.160;2:27.773|0.000|49.258;3:26.707|0.000|47.981;4:27.440|0.000|53.269;5:28.694|0.000|45.446;6:26.702|0.000|51.917;7:28.192|0.000|52.090;8:29.210|0.000|54.275;9:30.074|0.000|56.088;10:27.136|0.000|44.974;11:26.701|0.000|49.247;12:27.259|0.000|50.734;13:27.811|0.000|54.888;14:29.043|0.000|48.077;15:31.074|0.000|79.979;16:31.089|0.000|38.579;17:30.829|0.000|39.757;18:28.538|0.000|37.550;19:30.286|0.000|37.575;20:31.011|0.000|44.328;21:30.486|0.000|46.425;22:29.921|0.000|36.325;23:30.670|0.000|41.184;24:30.086|0.000|43.298;25:29.133|0.000|39.638;26:31.137|0.000|42.295;27:28.610|0.000|50.032;28:30.734|0.000|34.754;29:31.211|0.000|36.396"
65.042,"auto_larger_social_force_B",32.1031,0.0400,28.6147,0.0000,0.2920,20.0660,33.2219,28.5487,1.5858,6.2401,0,30,"0:27.724|0.000|46.967;1:28.195|0.000|57.215;2:27.766|0.000|49.282;3:26.702|0.000|48.033;4:27.468|0.000|53.297;5:28.692|0.000|45.500;6:26.702|0.000|51.964;7:28.213|0.000|52.135;8:29.224|0.000|54.315;9:30.082|0.000|56.133;10:27.130|0.000|45.016;11:26.692|0.000|49.287;12:27.254|0.000|50.788;13:27.819|0.000|54.942;14:29.070|0.000|48.102;15:31.074|0.000|79.979;16:31.082|0.000|38.526;17:30.818|0.000|39.709;18:28.516|0.000|37.510;19:30.273|0.000|37.523;20:31.015|0.000|44.299;21:30.487|0.000|46.401;22:29.910|0.000|36.283;23:30.666|0.000|41.135;24:30.071|0.000|43.256;25:29.112|0.000|39.604;26:31.133|0.000|42.242;27:28.604|0.000|50.046;28:30.728|0.000|34.701;29:31.207|0.000|36.340"
65.142,"auto_larger_social_force_B",32.1031,0.0400,28.5992,0.0000,0.2920,20.0660,33.2179,28.5332,1.5858,6.2109,0,30,"0:27.719|0.000|47.007;1:28.196|0.000|57.263;2:27.760|0.000|49.303;3:26.696|0.000|48.080;4:27.487|0.000|53.323;5:28.690|0.000|45.548;6:26.704|0.000|52.005;7:28.231|0.000|52.174;8:29.238|0.000|54.351;9:30.090|0.000|56.180;10:27.124|0.000|45.055;11:26.684|0.000|49.329;12:27.251|0.000|50.835;13:27.826|0.000|54.991;14:29.096|0.000|48.127;15:31.074|0.000|79.979;16:31.076|0.000|38.479;17:30.809|0.000|39.666;18:28.495|0.000|37.471;19:30.260|0.000|37.473;20:31.019|0.000|44.270;21:30.488|0.000|46.378;22:29.903|0.000|36.254;23:30.663|0.000|41.088;24:30.057|0.000|43.213;25:29.094|0.000|39.571;26:31.130|0.000|42.194;27:28.600|0.000|50.056;28:30.722|0.000|34.655;29:31.203|0.000|36.287"
65.258,"auto_larger_social_force_B",32.1031,0.0400,28.5822,0.0000,0.2920,20.0660,33.2135,28.5162,1.5858,6.1816,0,30,"0:27.713|0.000|47.054;1:28.195|0.000|57.313;2:27.754|0.000|49.327;3:26.687|0.000|48.128;4:27.503|0.000|53.354;5:28.687|0.000|45.601;6:26.708|0.000|52.048;7:28.251|0.000|52.216;8:29.257|0.000|54.387;9:30.099|0.000|56.235;10:27.117|0.000|45.094;11:26.675|0.000|49.381;12:27.245|0.000|50.887;13:27.833|0.000|55.041;14:29.123|0.000|48.156;15:31.073|0.000|79.980;16:31.071|0.000|38.428;17:30.801|0.000|39.617;18:28.472|0.000|37.426;19:30.247|0.000|37.416;20:31.022|0.000|44.234;21:30.489|0.000|46.351;22:29.899|0.000|36.217;23:30.659|0.000|41.034;24:30.042|0.000|43.162;25:29.074|0.000|39.532;26:31.126|0.000|42.141;27:28.596|0.000|50.065;28:30.715|0.000|34.606;29:31.199|0.000|36.230"
65.358,"auto_larger_social_force_B",32.1031,0.0400,28.5668,0.0000,0.2920,20.0660,33.2096,28.5008,1.5858,6.1518,0,30,"0:27.708|0.000|47.099;1:28.194|0.000|57.361;2:27.749|0.000|49.348;3:26.678|0.000|48.169;4:27.516|0.000|53.385;5:28.682|0.000|45.646;6:26.712|0.000|52.089;7:28.272|0.000|52.251;8:29.273|0.000|54.419;9:30.106|0.000|56.286;10:27.111|0.000|45.129;11:26.669|0.000|49.431;12:27.237|0.000|50.930;13:27.839|0.000|55.089;14:29.145|0.000|48.184;15:31.072|0.000|79.982;16:31.066|0.000|38.384;17:30.794|0.000|39.570;18:28.456|0.000|37.391;19:30.235|0.000|37.366;20:31.025|0.000|44.197;21:30.490|0.000|46.325;22:29.896|0.000|36.178;23:30.655|0.000|40.984;24:30.027|0.000|43.116;25:29.059|0.000|39.500;26:31.124|0.000|42.093;27:28.593|0.000|50.070;28:30.708|0.000|34.558;29:31.194|0.000|36.179"
65.465,"auto_larger_social_force_B",32.1031,0.0400,28.5498,0.0000,0.2920,20.0660,33.2052,28.4838,1.5858,6.1172,0,30,"0:27.703|0.000|47.151;1:28.192|0.000|57.415;2:27.743|0.000|49.369;3:26.664|0.000|48.222;4:27.529|0.000|53.423;5:28.677|0.000|45.692;6:26.718|0.000|52.139;7:28.295|0.000|52.284;8:29.289|0.000|54.457;9:30.114|0.000|56.343;10:27.103|0.000|45.169;11:26.664|0.000|49.487;12:27.226|0.000|50.975;13:27.844|0.000|55.143;14:29.169|0.000|48.214;15:31.070|0.000|79.983;16:31.062|0.000|38.332;17:30.786|0.000|39.517;18:28.443|0.000|37.354;19:30.223|0.000|37.312;20:31.028|0.000|44.154;21:30.491|0.000|46.295;22:29.891|0.000|36.129;23:30.650|0.000|40.930;24:30.009|0.000|43.067;25:29.051|0.000|39.472;26:31.122|0.000|42.040;27:28.591|0.000|50.074;28:30.700|0.000|34.504;29:31.188|0.000|36.122"
65.568,"auto_larger_social_force_B",32.1031,0.0400,28.5343,0.0000,0.2920,20.0660,33.2013,28.4683,1.5858,6.0851,0,30,"0:27.699|0.000|47.198;1:28.191|0.000|57.462;2:27.737|0.000|49.385;3:26.654|0.000|48.269;4:27.541|0.000|53.465;5:28.671|0.000|45.737;6:26.723|0.000|52.187;7:28.317|0.000|52.310;8:29.305|0.000|54.496;9:30.122|0.000|56.394;10:27.097|0.000|45.202;11:26.658|0.000|49.537;12:27.215|0.000|51.018;13:27.848|0.000|55.193;14:29.190|0.000|48.241;15:31.068|0.000|79.984;16:31.059|0.000|38.289;17:30.779|0.000|39.467;18:28.432|0.000|37.317;19:30.212|0.000|37.263;20:31.030|0.000|44.113;21:30.492|0.000|46.266;22:29.888|0.000|36.081;23:30.645|0.000|40.883;24:29.992|0.000|43.024;25:29.044|0.000|39.443;26:31.122|0.000|41.993;27:28.589|0.000|50.077;28:30.693|0.000|34.454;29:31.182|0.000|36.073"
65.669,"auto_larger_social_force_B",32.1031,0.0400,28.5189,0.0000,0.2920,20.0660,33.1973,28.4529,1.5858,6.0521,0,30,"0:27.694|0.000|47.245;1:28.192|0.000|57.510;2:27.731|0.000|49.400;3:26.650|0.000|48.299;4:27.553|0.000|53.513;5:28.665|0.000|45.782;6:26.728|0.000|52.237;7:28.339|0.000|52.333;8:29.323|0.000|54.539;9:30.131|0.000|56.445;10:27.093|0.000|45.232;11:26.652|0.000|49.585;12:27.204|0.000|51.060;13:27.851|0.000|55.247;14:29.209|0.000|48.268;15:31.064|0.000|79.985;16:31.054|0.000|38.246;17:30.772|0.000|39.418;18:28.420|0.000|37.276;19:30.201|0.000|37.214;20:31.030|0.000|44.072;21:30.493|0.000|46.233;22:29.886|0.000|36.030;23:30.640|0.000|40.836;24:29.975|0.000|42.983;25:29.038|0.000|39.407;26:31.121|0.000|41.945;27:28.588|0.000|50.078;28:30.686|0.000|34.403;29:31.177|0.000|36.023"
65.769,"auto_larger_social_force_B",32.1031,0.0400,28.5034,0.0000,0.2920,20.0660,33.1934,28.4374,1.5858,6.0200,0,30,"0:27.687|0.000|47.289;1:28.193|0.000|57.559;2:27.726|0.000|49.415;3:26.650|0.000|48.326;4:27.564|0.000|53.564;5:28.659|0.000|45.825;6:26.735|0.000|52.287;7:28.363|0.000|52.356;8:29.340|0.000|54.585;9:30.140|0.000|56.495;10:27.092|0.000|45.259;11:26.643|0.000|49.628;12:27.197|0.000|51.087;13:27.854|0.000|55.301;14:29.230|0.000|48.293;15:31.060|0.000|79.987;16:31.048|0.000|38.204;17:30.766|0.000|39.369;18:28.408|0.000|37.231;19:30.190|0.000|37.167;20:31.031|0.000|44.030;21:30.494|0.000|46.199;22:29.883|0.000|35.979;23:30.636|0.000|40.790;24:29.959|0.000|42.948;25:29.032|0.000|39.367;26:31.120|0.000|41.896;27:28.587|0.000|50.079;28:30.680|0.000|34.353;29:31.172|0.000|35.976"
65.876,"auto_larger_social_force_B",32.1031,0.0400,28.4864,0.0000,0.2920,20.0660,33.1891,28.4204,1.5858,5.9857,0,30,"0:27.678|0.000|47.336;1:28.195|0.000|57.613;2:27.723|0.000|49.430;3:26.652|0.000|48.359;4:27.578|0.000|53.619;5:28.655|0.000|45.873;6:26.743|0.000|52.342;7:28.391|0.000|52.377;8:29.359|0.000|54.636;9:30.151|0.000|56.545;10:27.091|0.000|45.288;11:26.631|0.000|49.676;12:27.194|0.000|51.120;13:27.856|0.000|55.358;14:29.251|0.000|48.319;15:31.054|0.000|79.989;16:31.041|0.000|38.156;17:30.760|0.000|39.317;18:28.395|0.000|37.180;19:30.178|0.000|37.115;20:31.032|0.000|43.985;21:30.494|0.000|46.158;22:29.879|0.000|35.925;23:30.633|0.000|40.745;24:29.940|0.000|42.910;25:29.026|0.000|39.318;26:31.117|0.000|41.847;27:28.587|0.000|50.079;28:30.672|0.000|34.299;29:31.167|0.000|35.927"
65.978,"auto_larger_social_force_B",32.1031,0.0400,28.4710,0.0000,0.2920,20.0660,33.1852,28.4050,1.5858,5.9560,0,30,"0:27.670|0.000|47.374;1:28.196|0.000|57.663;2:27.721|0.000|49.444;3:26.655|0.000|48.391;4:27.591|0.000|53.668;5:28.651|0.000|45.917;6:26.750|0.000|52.394;7:28.415|0.000|52.396;8:29.377|0.000|54.683;9:30.161|0.000|56.588;10:27.092|0.000|45.316;11:26.620|0.000|49.722;12:27.192|0.000|51.155;13:27.859|0.000|55.408;14:29.270|0.000|48.342;15:31.050|0.000|79.990;16:31.034|0.000|38.110;17:30.752|0.000|39.272;18:28.383|0.000|37.132;19:30.166|0.000|37.069;20:31.034|0.000|43.944;21:30.496|0.000|46.124;22:29.874|0.000|35.877;23:30.631|0.000|40.701;24:29.923|0.000|42.871;25:29.020|0.000|39.270;26:31.113|0.000|41.805;27:28.587|0.000|50.079;28:30.665|0.000|34.251;29:31.163|0.000|35.884"
66.089,"auto_larger_social_force_B",32.1031,0.0400,28.4540,0.0000,0.2920,20.0660,33.1809,28.3880,1.5858,5.9228,0,30,"0:27.659|0.000|47.415;1:28.199|0.000|57.719;2:27.720|0.000|49.456;3:26.658|0.000|48.431;4:27.605|0.000|53.721;5:28.646|0.000|45.969;6:26.755|0.000|52.454;7:28.442|0.000|52.418;8:29.399|0.000|54.733;9:30.172|0.000|56.641;10:27.093|0.000|45.352;11:26.611|0.000|49.764;12:27.188|0.000|51.198;13:27.863|0.000|55.463;14:29.291|0.000|48.368;15:31.044|0.000|79.992;16:31.026|0.000|38.056;17:30.741|0.000|39.222;18:28.370|0.000|37.078;19:30.153|0.000|37.017;20:31.038|0.000|43.901;21:30.499|0.000|46.085;22:29.868|0.000|35.826;23:30.630|0.000|40.648;24:29.909|0.000|42.834;25:29.014|0.000|39.215;26:31.105|0.000|41.758;27:28.587|0.000|50.079;28:30.657|0.000|34.198;29:31.161|0.000|35.835"
66.192,"auto_larger_social_force_B",32.1031,0.0400,28.4370,0.0000,0.2920,20.0660,33.1766,28.3710,1.5858,5.8919,0,30,"0:27.648|0.000|47.455;1:28.201|0.000|57.772;2:27.720|0.000|49.466;3:26.662|0.000|48.472;4:27.619|0.000|53.767;5:28.642|0.000|46.019;6:26.760|0.000|52.512;7:28.467|0.000|52.438;8:29.421|0.000|54.780;9:30.182|0.000|56.692;10:27.093|0.000|45.390;11:26.609|0.000|49.797;12:27.184|0.000|51.244;13:27.868|0.000|55.515;14:29.306|0.000|48.385;15:31.038|0.000|79.994;16:31.019|0.000|38.002;17:30.727|0.000|39.173;18:28.359|0.000|37.026;19:30.138|0.000|36.967;20:31.042|0.000|43.858;21:30.504|0.000|46.045;22:29.860|0.000|35.782;23:30.630|0.000|40.596;24:29.898|0.000|42.801;25:29.009|0.000|39.161;26:31.097|0.000|41.711;27:28.587|0.000|50.079;28:30.650|0.000|34.147;29:31.160|0.000|35.789"
66.301,"auto_larger_social_force_B",32.1031,0.0400,28.4200,0.0000,0.2920,20.0660,33.1723,28.3540,1.5858,5.8616,0,30,"0:27.637|0.000|47.493;1:28.203|0.000|57.827;2:27.720|0.000|49.478;3:26.666|0.000|48.516;4:27.633|0.000|53.813;5:28.639|0.000|46.071;6:26.765|0.000|52.575;7:28.493|0.000|52.457;8:29.443|0.000|54.824;9:30.189|0.000|56.743;10:27.095|0.000|45.432;11:26.609|0.000|49.838;12:27.182|0.000|51.294;13:27.872|0.000|55.567;14:29.319|0.000|48.401;15:31.027|0.000|79.998;16:31.010|0.000|37.947;17:30.713|0.000|39.127;18:28.345|0.000|36.975;19:30.124|0.000|36.915;20:31.046|0.000|43.814;21:30.511|0.000|46.001;22:29.852|0.000|35.737;23:30.630|0.000|40.541;24:29.888|0.000|42.765;25:29.004|0.000|39.105;26:31.088|0.000|41.661;27:28.587|0.000|50.079;28:30.644|0.000|34.097;29:31.159|0.000|35.742"
66.407,"auto_larger_social_force_B",32.1031,0.0400,28.4046,0.0000,0.2920,20.0660,33.1684,28.3386,1.5858,5.8354,0,30,"0:27.629|0.000|47.525;1:28.205|0.000|57.877;2:27.719|0.000|49.490;3:26.670|0.000|48.558;4:27.645|0.000|53.857;5:28.636|0.000|46.117;6:26.763|0.000|52.613;7:28.519|0.000|52.477;8:29.462|0.000|54.858;9:30.194|0.000|56.790;10:27.096|0.000|45.472;11:26.607|0.000|49.880;12:27.181|0.000|51.340;13:27.876|0.000|55.615;14:29.330|0.000|48.418;15:31.014|0.000|80.002;16:31.001|0.000|37.898;17:30.701|0.000|39.089;18:28.330|0.000|36.930;19:30.110|0.000|36.871;20:31.048|0.000|43.778;21:30.516|0.000|45.961;22:29.844|0.000|35.692;23:30.629|0.000|40.489;24:29.880|0.000|42.728;25:28.996|0.000|39.056;26:31.081|0.000|41.614;27:28.587|0.000|50.079;28:30.639|0.000|34.053;29:31.157|0.000|35.699"
66.517,"auto_larger_social_force_B",32.1031,0.0400,28.3876,0.0000,0.2920,20.0660,33.1641,28.3216,1.5858,5.8031,0,30,"0:27.621|0.000|47.560;1:28.206|0.000|57.931;2:27.718|0.000|49.503;3:26.673|0.000|48.603;4:27.658|0.000|53.903;5:28.633|0.000|46.169;6:26.775|0.000|52.658;7:28.550|0.000|52.504;8:29.484|0.000|54.895;9:30.199|0.000|56.844;10:27.100|0.000|45.515;11:26.606|0.000|49.930;12:27.179|0.000|51.390;13:27.881|0.000|55.667;14:29.339|0.000|48.435;15:30.998|0.000|80.008;16:30.992|0.000|37.845;17:30.693|0.000|39.050;18:28.311|0.000|36.881;19:30.093|0.000|36.822;20:31.045|0.000|43.739;21:30.522|0.000|45.915;22:29.837|0.000|35.646;23:30.629|0.000|40.432;24:29.871|0.000|42.682;25:28.985|0.000|39.003;26:31.074|0.000|41.561;27:28.587|0.000|50.079;28:30.635|0.000|34.002;29:31.154|0.000|35.649"
66.620,"auto_larger_social_force_B",32.1031,0.0400,28.3706,0.0000,0.2920,20.0660,33.1599,28.3046,1.5858,5.7697,0,30,"0:27.614|0.000|47.599;1:28.207|0.000|57.985;2:27.717|0.000|49.516;3:26.675|0.000|48.646;4:27.668|0.000|53.945;5:28.629|0.000|46.219;6:26.806|0.000|52.718;7:28.584|0.000|52.535;8:29.508|0.000|54.934;9:30.204|0.000|56.899;10:27.103|0.000|45.556;11:26.606|0.000|49.982;12:27.176|0.000|51.440;13:27.885|0.000|55.719;14:29.347|0.000|48.453;15:30.983|0.000|80.015;16:30.985|0.000|37.796;17:30.686|0.000|39.006;18:28.293|0.000|36.834;19:30.077|0.000|36.769;20:31.039|0.000|43.701;21:30.527|0.000|45.869;22:29.834|0.000|35.604;23:30.627|0.000|40.375;24:29.861|0.000|42.630;25:28.973|0.000|38.948;26:31.066|0.000|41.509;27:28.587|0.000|50.079;28:30.632|0.000|33.950;29:31.152|0.000|35.595"
66.722,"auto_larger_social_force_B",32.1031,0.0400,28.3551,0.0000,0.2920,20.0660,33.1560,28.2891,1.5858,5.7378,0,30,"0:27.606|0.000|47.638;1:28.208|0.000|58.036;2:27.714|0.000|49.529;3:26.677|0.000|48.687;4:27.676|0.000|53.985;5:28.624|0.000|46.265;6:26.838|0.000|52.769;7:28.617|0.000|52.565;8:29.526|0.000|54.967;9:30.208|0.000|56.950;10:27.105|0.000|45.593;11:26.606|0.000|50.031;12:27.174|0.000|51.483;13:27.888|0.000|55.767;14:29.354|0.000|48.469;15:30.968|0.000|80.022;16:30.981|0.000|37.754;17:30.679|0.000|38.961;18:28.278|0.000|36.797;19:30.062|0.000|36.720;20:31.033|0.000|43.664;21:30.532|0.000|45.824;22:29.832|0.000|35.564;23:30.625|0.000|40.325;24:29.852|0.000|42.582;25:28.963|0.000|38.903;26:31.059|0.000|41.464;27:28.587|0.000|50.079;28:30.629|0.000|33.900;29:31.149|0.000|35.544"
66.827,"auto_larger_social_force_B",32.1031,0.0400,28.3397,0.0000,0.2920,20.0660,33.1522,28.2737,1.5858,5.7055,0,30,"0:27.598|0.000|47.682;1:28.209|0.000|58.082;2:27.712|0.000|49.542;3:26.681|0.000|48.725;4:27.683|0.000|54.028;5:28.620|0.000|46.311;6:26.868|0.000|52.809;7:28.650|0.000|52.594;8:29.541|0.000|54.997;9:30.212|0.000|57.000;10:27.106|0.000|45.627;11:26.605|0.000|50.080;12:27.171|0.000|51.522;13:27.892|0.000|55.812;14:29.361|0.000|48.487;15:30.954|0.000|80.029;16:30.980|0.000|37.711;17:30.671|0.000|38.913;18:28.267|0.000|36.766;19:30.051|0.000|36.674;20:31.028|0.000|43.629;21:30.537|0.000|45.776;22:29.832|0.000|35.522;23:30.623|0.000|40.276;24:29.845|0.000|42.534;25:28.954|0.000|38.867;26:31.052|0.000|41.421;27:28.587|0.000|50.079;28:30.625|0.000|33.850;29:31.147|0.000|35.492"
66.931,"auto_larger_social_force_B",32.1031,0.0400,28.3227,0.0000,0.2920,20.0660,33.1479,28.2567,1.5858,5.6696,0,30,"0:27.589|0.000|47.734;1:28.213|0.000|58.133;2:27.709|0.000|49.559;3:26.686|0.000|48.769;4:27.691|0.000|54.079;5:28.615|0.000|46.362;6:26.896|0.000|52.846;7:28.688|0.000|52.626;8:29.557|0.000|55.032;9:30.216|0.000|57.055;10:27.105|0.000|45.662;11:26.603|0.000|50.135;12:27.167|0.000|51.565;13:27.896|0.000|55.861;14:29.369|0.000|48.510;15:30.939|0.000|80.036;16:30.978|0.000|37.660;17:30.665|0.000|38.859;18:28.259|0.000|36.729;19:30.039|0.000|36.623;20:31.023|0.000|43.587;21:30.543|0.000|45.722;22:29.832|0.000|35.471;23:30.621|0.000|40.222;24:29.837|0.000|42.481;25:28.950|0.000|38.828;26:31.045|0.000|41.376;27:28.587|0.000|50.079;28:30.620|0.000|33.795;29:31.142|0.000|35.435"
67.036,"auto_larger_social_force_B",32.1031,0.0400,28.3072,0.0000,0.2920,20.0660,33.1441,28.2412,1.5858,5.6369,0,30,"0:27.582|0.000|47.783;1:28.217|0.000|58.181;2:27.706|0.000|49.575;3:26.691|0.000|48.809;4:27.699|0.000|54.129;5:28.610|0.000|46.408;6:26.923|0.000|52.876;7:28.720|0.000|52.653;8:29.571|0.000|55.068;9:30.220|0.000|57.105;10:27.102|0.000|45.692;11:26.600|0.000|50.187;12:27.163|0.000|51.605;13:27.901|0.000|55.909;14:29.376|0.000|48.533;15:30.924|0.000|80.041;16:30.978|0.000|37.617;17:30.658|0.000|38.809;18:28.251|0.000|36.690;19:30.028|0.000|36.575;20:31.020|0.000|43.547;21:30.549|0.000|45.671;22:29.832|0.000|35.421;23:30.620|0.000|40.173;24:29.829|0.000|42.433;25:28.947|0.000|38.787;26:31.040|0.000|41.336;27:28.587|0.000|50.079;28:30.616|0.000|33.745;29:31.137|0.000|35.384"
67.137,"auto_larger_social_force_B",32.1031,0.0400,28.2918,0.0000,0.2920,20.0660,33.1402,28.2258,1.5858,5.6053,0,30,"0:27.576|0.000|47.832;1:28.221|0.000|58.230;2:27.703|0.000|49.593;3:26.696|0.000|48.846;4:27.706|0.000|54.180;5:28.608|0.000|46.450;6:26.951|0.000|52.902;7:28.750|0.000|52.678;8:29.586|0.000|55.107;9:30.225|0.000|57.156;10:27.098|0.000|45.725;11:26.597|0.000|50.238;12:27.158|0.000|51.642;13:27.905|0.000|55.957;14:29.383|0.000|48.556;15:30.910|0.000|80.045;16:30.975|0.000|37.575;17:30.651|0.000|38.761;18:28.241|0.000|36.647;19:30.015|0.000|36.527;20:31.018|0.000|43.508;21:30.554|0.000|45.622;22:29.833|0.000|35.371;23:30.619|0.000|40.126;24:29.819|0.000|42.390;25:28.944|0.000|38.742;26:31.038|0.000|41.291;27:28.587|0.000|50.079;28:30.611|0.000|33.695;29:31.133|0.000|35.336"
67.242,"auto_larger_social_force_B",32.1031,0.0400,28.2748,0.0000,0.2920,20.0660,33.1360,28.2088,1.5858,5.5716,0,30,"0:27.570|0.000|47.885;1:28.226|0.000|58.285;2:27.699|0.000|49.611;3:26.698|0.000|48.885;4:27.713|0.000|54.234;5:28.607|0.000|46.497;6:26.982|0.000|52.926;7:28.780|0.000|52.705;8:29.604|0.000|55.155;9:30.232|0.000|57.209;10:27.092|0.000|45.764;11:26.594|0.000|50.296;12:27.156|0.000|51.680;13:27.910|0.000|56.012;14:29.390|0.000|48.583;15:30.896|0.000|80.048;16:30.970|0.000|37.527;17:30.642|0.000|38.708;18:28.232|0.000|36.597;19:30.001|0.000|36.477;20:31.015|0.000|43.466;21:30.558|0.000|45.571;22:29.834|0.000|35.318;23:30.619|0.000|40.074;24:29.805|0.000|42.342;25:28.940|0.000|38.689;26:31.035|0.000|41.239;27:28.587|0.000|50.079;28:30.606|0.000|33.641;29:31.130|0.000|35.286"
67.349,"auto_larger_social_force_B",32.1031,0.0400,28.2593,0.0000,0.2920,20.0660,33.1322,28.1933,1.5858,5.5412,0,30,"0:27.563|0.000|47.933;1:28.230|0.000|58.336;2:27.696|0.000|49.629;3:26.699|0.000|48.926;4:27.718|0.000|54.284;5:28.608|0.000|46.541;6:27.016|0.000|52.947;7:28.808|0.000|52.733;8:29.621|0.000|55.201;9:30.240|0.000|57.259;10:27.089|0.000|45.792;11:26.594|0.000|50.349;12:27.155|0.000|51.713;13:27.915|0.000|56.063;14:29.397|0.000|48.608;15:30.881|0.000|80.049;16:30.966|0.000|37.480;17:30.633|0.000|38.660;18:28.223|0.000|36.550;19:29.989|0.000|36.433;20:31.013|0.000|43.429;21:30.563|0.000|45.526;22:29.836|0.000|35.268;23:30.619|0.000|40.026;24:29.790|0.000|42.298;25:28.938|0.000|38.639;26:31.032|0.000|41.193;27:28.588|0.000|50.078;28:30.600|0.000|33.593;29:31.131|0.000|35.244"
67.458,"auto_larger_social_force_B",32.1031,0.0400,28.2423,0.0000,0.2920,20.0660,33.1280,28.1763,1.5858,5.5092,0,30,"0:27.553|0.000|47.981;1:28.234|0.000|58.392;2:27.691|0.000|49.647;3:26.697|0.000|48.973;4:27.726|0.000|54.337;5:28.609|0.000|46.590;6:27.057|0.000|52.971;7:28.835|0.000|52.762;8:29.638|0.000|55.252;9:30.249|0.000|57.313;10:27.089|0.000|45.820;11:26.597|0.000|50.400;12:27.155|0.000|51.751;13:27.919|0.000|56.118;14:29.405|0.000|48.635;15:30.867|0.000|80.051;16:30.961|0.000|37.427;17:30.623|0.000|38.612;18:28.214|0.000|36.498;19:29.977|0.000|36.387;20:31.011|0.000|43.389;21:30.571|0.000|45.483;22:29.836|0.000|35.215;23:30.619|0.000|39.977;24:29.776|0.000|42.256;25:28.935|0.000|38.584;26:31.028|0.000|41.142;27:28.590|0.000|50.076;28:30.595|0.000|33.541;29:31.134|0.000|35.200"
67.558,"auto_larger_social_force_B",32.1031,0.0400,28.2269,0.0000,0.2920,20.0660,33.1242,28.1609,1.5858,5.4793,0,30,"0:27.542|0.000|48.023;1:28.239|0.000|58.443;2:27.686|0.000|49.664;3:26.693|0.000|49.020;4:27.736|0.000|54.383;5:28.607|0.000|46.638;6:27.094|0.000|52.994;7:28.857|0.000|52.787;8:29.652|0.000|55.299;9:30.257|0.000|57.359;10:27.090|0.000|45.850;11:26.602|0.000|50.450;12:27.156|0.000|51.789;13:27.925|0.000|56.168;14:29.413|0.000|48.659;15:30.853|0.000|80.052;16:30.956|0.000|37.376;17:30.613|0.000|38.569;18:28.204|0.000|36.451;19:29.968|0.000|36.348;20:31.008|0.000|43.353;21:30.581|0.000|45.448;22:29.833|0.000|35.169;23:30.617|0.000|39.934;24:29.766|0.000|42.231;25:28.932|0.000|38.533;26:31.024|0.000|41.094;27:28.593|0.000|50.077;28:30.590|0.000|33.493;29:31.138|0.000|35.156"
67.668,"auto_larger_social_force_B",32.1031,0.0400,28.2099,0.0000,0.2920,20.0660,33.1200,28.1439,1.5858,5.4479,0,30,"0:27.529|0.000|48.072;1:28.244|0.000|58.499;2:27.680|0.000|49.682;3:26.688|0.000|49.070;4:27.749|0.000|54.431;5:28.604|0.000|46.692;6:27.136|0.000|53.020;7:28.878|0.000|52.814;8:29.669|0.000|55.349;9:30.266|0.000|57.408;10:27.091|0.000|45.885;11:26.609|0.000|50.509;12:27.156|0.000|51.836;13:27.931|0.000|56.222;14:29.421|0.000|48.685;15:30.838|0.000|80.055;16:30.949|0.000|37.322;17:30.603|0.000|38.519;18:28.192|0.000|36.400;19:29.960|0.000|36.301;20:31.003|0.000|43.317;21:30.593|0.000|45.409;22:29.827|0.000|35.118;23:30.613|0.000|39.885;24:29.760|0.000|42.198;25:28.928|0.000|38.479;26:31.019|0.000|41.042;27:28.615|0.000|50.079;28:30.586|0.000|33.442;29:31.144|0.000|35.112"
67.777,"auto_larger_social_force_B",32.1031,0.0400,28.1929,0.0000,0.2920,20.0660,33.1158,28.1269,1.5858,5.4165,0,30,"0:27.519|0.000|48.112;1:28.248|0.000|58.554;2:27.672|0.000|49.702;3:26.682|0.000|49.121;4:27.764|0.000|54.479;5:28.602|0.000|46.745;6:27.182|0.000|53.047;7:28.896|0.000|52.840;8:29.688|0.000|55.395;9:30.272|0.000|57.459;10:27.091|0.000|45.923;11:26.616|0.000|50.569;12:27.157|0.000|51.885;13:27.937|0.000|56.275;14:29.428|0.000|48.709;15:30.824|0.000|80.058;16:30.943|0.000|37.269;17:30.594|0.000|38.468;18:28.180|0.000|36.350;19:29.954|0.000|36.250;20:30.995|0.000|43.280;21:30.609|0.000|45.368;22:29.821|0.000|35.067;23:30.609|0.000|39.835;24:29.754|0.000|42.157;25:28.922|0.000|38.425;26:31.014|0.000|40.990;27:28.669|0.000|50.083;28:30.581|0.000|33.391;29:31.146|0.000|35.071"
67.879,"auto_larger_social_force_B",32.1031,0.0400,28.1775,0.0000,0.2920,20.0660,33.1120,28.1115,1.5858,5.3877,0,30,"0:27.513|0.000|48.139;1:28.251|0.000|58.603;2:27.660|0.000|49.726;3:26.677|0.000|49.166;4:27.778|0.000|54.518;5:28.601|0.000|46.792;6:27.222|0.000|53.077;7:28.912|0.000|52.864;8:29.707|0.000|55.435;9:30.277|0.000|57.508;10:27.092|0.000|45.960;11:26.622|0.000|50.622;12:27.158|0.000|51.931;13:27.941|0.000|56.322;14:29.435|0.000|48.729;15:30.811|0.000|80.061;16:30.938|0.000|37.221;17:30.588|0.000|38.424;18:28.169|0.000|36.307;19:29.948|0.000|36.204;20:30.987|0.000|43.247;21:30.622|0.000|45.339;22:29.814|0.000|35.026;23:30.605|0.000|39.788;24:29.747|0.000|42.116;25:28.917|0.000|38.379;26:31.009|0.000|40.943;27:28.731|0.000|50.054;28:30.578|0.000|33.345;29:31.146|0.000|35.031"
67.986,"auto_larger_social_force_B",32.1031,0.0400,28.1605,0.0000,0.2920,20.0660,33.1079,28.0945,1.5858,5.3593,0,30,"0:27.508|0.000|48.175;1:28.254|0.000|58.654;2:27.639|0.000|49.774;3:26.671|0.000|49.216;4:27.789|0.000|54.549;5:28.601|0.000|46.842;6:27.254|0.000|53.102;7:28.933|0.000|52.896;8:29.730|0.000|55.478;9:30.283|0.000|57.563;10:27.095|0.000|46.001;11:26.626|0.000|50.680;12:27.161|0.000|51.981;13:27.944|0.000|56.371;14:29.441|0.000|48.748;15:30.797|0.000|80.065;16:30.934|0.000|37.171;17:30.584|0.000|38.375;18:28.157|0.000|36.261;19:29.941|0.000|36.152;20:30.978|0.000|43.212;21:30.633|0.000|45.303;22:29.810|0.000|34.988;23:30.601|0.000|39.733;24:29.740|0.000|42.064;25:28.911|0.000|38.331;26:31.004|0.000|40.892;27:28.777|0.000|50.043;28:30.574|0.000|33.297;29:31.147|0.000|34.981"
68.089,"auto_larger_social_force_B",32.1031,0.0400,28.1450,0.0000,0.2920,20.0660,33.1041,28.0790,1.5858,5.3325,0,30,"0:27.505|0.000|48.211;1:28.256|0.000|58.702;2:27.614|0.000|49.846;3:26.667|0.000|49.261;4:27.796|0.000|54.583;5:28.600|0.000|46.886;6:27.277|0.000|53.124;7:28.954|0.000|52.930;8:29.750|0.000|55.515;9:30.287|0.000|57.614;10:27.097|0.000|46.039;11:26.629|0.000|50.732;12:27.164|0.000|52.025;13:27.946|0.000|56.416;14:29.446|0.000|48.767;15:30.784|0.000|80.069;16:30.932|0.000|37.126;17:30.581|0.000|38.329;18:28.146|0.000|36.216;19:29.933|0.000|36.104;20:30.968|0.000|43.185;21:30.645|0.000|45.267;22:29.810|0.000|34.951;23:30.598|0.000|39.682;24:29.735|0.000|42.014;25:28.905|0.000|38.283;26:30.998|0.000|40.846;27:28.822|0.000|50.032;28:30.570|0.000|33.252;29:31.148|0.000|34.933"
68.196,"auto_larger_social_force_B",32.1031,0.0400,28.1280,0.0000,0.2920,20.0660,33.1000,28.0620,1.5858,5.3029,0,30,"0:27.501|0.000|48.252;1:28.258|0.000|58.757;2:27.596|0.000|49.925;3:26.660|0.000|49.310;4:27.804|0.000|54.626;5:28.598|0.000|46.933;6:27.296|0.000|53.153;7:28.977|0.000|52.970;8:29.767|0.000|55.541;9:30.292|0.000|57.670;10:27.099|0.000|46.080;11:26.633|0.000|50.787;12:27.165|0.000|52.074;13:27.947|0.000|56.468;14:29.452|0.000|48.788;15:30.770|0.000|80.074;16:30.931|0.000|37.079;17:30.578|0.000|38.278;18:28.136|0.000|36.167;19:29.924|0.000|36.050;20:30.961|0.000|43.154;21:30.659|0.000|45.226;22:29.809|0.000|34.903;23:30.593|0.000|39.627;24:29.729|0.000|41.959;25:28.901|0.000|38.231;26:30.993|0.000|40.795;27:28.873|0.000|50.018;28:30.564|0.000|33.203;29:31.147|0.000|34.878"
68.318,"auto_larger_social_force_B",32.1031,0.0400,28.1095,0.0000,0.2920,20.0660,33.0955,28.0435,1.5858,5.2681,0,30,"0:27.497|0.000|48.303;1:28.260|0.000|58.818;2:27.595|0.000|49.987;3:26.650|0.000|49.359;4:27.813|0.000|54.681;5:28.594|0.000|46.979;6:27.312|0.000|53.187;7:29.001|0.000|53.015;8:29.780|0.000|55.572;9:30.298|0.000|57.731;10:27.100|0.000|46.125;11:26.639|0.000|50.846;12:27.164|0.000|52.122;13:27.948|0.000|56.525;14:29.459|0.000|48.810;15:30.744|0.000|80.074;16:30.931|0.000|37.027;17:30.575|0.000|38.222;18:28.128|0.000|36.114;19:29.914|0.000|35.989;20:30.954|0.000|43.117;21:30.675|0.000|45.176;22:29.809|0.000|34.846;23:30.587|0.000|39.568;24:29.721|0.000|41.899;25:28.899|0.000|38.174;26:30.987|0.000|40.740;27:28.935|0.000|50.002;28:30.557|0.000|33.146;29:31.146|0.000|34.816"
68.424,"auto_larger_social_force_B",32.1031,0.0400,28.0925,0.0000,0.2920,20.0660,33.0913,28.0265,1.5858,5.2343,0,30,"0:27.496|0.000|48.352;1:28.262|0.000|58.876;2:27.606|0.000|50.032;3:26.638|0.000|49.399;4:27.822|0.000|54.735;5:28.588|0.000|47.023;6:27.327|0.000|53.223;7:29.023|0.000|53.056;8:29.793|0.000|55.609;9:30.305|0.000|57.786;10:27.101|0.000|46.166;11:26.644|0.000|50.899;12:27.161|0.000|52.162;13:27.951|0.000|56.578;14:29.465|0.000|48.830;15:30.729|0.000|80.074;16:30.929|0.000|36.983;17:30.571|0.000|38.170;18:28.124|0.000|36.066;19:29.903|0.000|35.933;20:30.947|0.000|43.079;21:30.689|0.000|45.126;22:29.811|0.000|34.791;23:30.583|0.000|39.516;24:29.712|0.000|41.846;25:28.899|0.000|38.122;26:30.982|0.000|40.690;27:28.992|0.000|49.989;28:30.551|0.000|33.091;29:31.145|0.000|34.761"
68.525,"auto_larger_social_force_B",32.1031,0.0400,28.0770,0.0000,0.2920,20.0660,33.0876,28.0110,1.5858,5.2022,0,30,"0:27.495|0.000|48.397;1:28.264|0.000|58.929;2:27.623|0.000|50.087;3:26.624|0.000|49.437;4:27.828|0.000|54.787;5:28.581|0.000|47.066;6:27.342|0.000|53.265;7:29.044|0.000|53.095;8:29.807|0.000|55.649;9:30.311|0.000|57.837;10:27.102|0.000|46.203;11:26.649|0.000|50.945;12:27.157|0.000|52.201;13:27.953|0.000|56.628;14:29.471|0.000|48.849;15:30.721|0.000|80.078;16:30.926|0.000|36.945;17:30.567|0.000|38.123;18:28.120|0.000|36.021;19:29.893|0.000|35.883;20:30.940|0.000|43.042;21:30.701|0.000|45.080;22:29.812|0.000|34.740;23:30.580|0.000|39.469;24:29.704|0.000|41.799;25:28.899|0.000|38.074;26:30.977|0.000|40.643;27:29.042|0.000|49.980;28:30.545|0.000|33.041;29:31.145|0.000|34.711"
68.634,"auto_larger_social_force_B",32.1031,0.0400,28.0600,0.0000,0.2920,20.0660,33.0835,27.9940,1.5858,5.1678,0,30,"0:27.493|0.000|48.447;1:28.266|0.000|58.985;2:27.641|0.000|50.158;3:26.607|0.000|49.483;4:27.837|0.000|54.844;5:28.572|0.000|47.111;6:27.359|0.000|53.315;7:29.068|0.000|53.134;8:29.824|0.000|55.697;9:30.317|0.000|57.890;10:27.102|0.000|46.242;11:26.655|0.000|50.995;12:27.151|0.000|52.244;13:27.956|0.000|56.682;14:29.477|0.000|48.868;15:30.724|0.000|80.083;16:30.922|0.000|36.903;17:30.563|0.000|38.071;18:28.116|0.000|35.971;19:29.883|0.000|35.829;20:30.933|0.000|42.999;21:30.716|0.000|45.030;22:29.813|0.000|34.684;23:30.578|0.000|39.422;24:29.694|0.000|41.754;25:28.899|0.000|38.020;26:30.971|0.000|40.594;27:29.094|0.000|49.972;28:30.539|0.000|32.985;29:31.147|0.000|34.657"
68.737,"auto_larger_social_force_B",32.1031,0.0400,28.0446,0.0000,0.2920,20.0660,33.0797,27.9786,1.5858,5.1372,0,30,"0:27.490|0.000|48.491;1:28.268|0.000|59.037;2:27.655|0.000|50.218;3:26.597|0.000|49.507;4:27.845|0.000|54.895;5:28.566|0.000|47.155;6:27.375|0.000|53.363;7:29.091|0.000|53.167;8:29.838|0.000|55.745;9:30.323|0.000|57.938;10:27.102|0.000|46.278;11:26.661|0.000|51.043;12:27.146|0.000|52.279;13:27.958|0.000|56.732;14:29.482|0.000|48.887;15:30.723|0.000|80.085;16:30.917|0.000|36.860;17:30.559|0.000|38.023;18:28.112|0.000|35.924;19:29.875|0.000|35.780;20:30.927|0.000|42.958;21:30.731|0.000|44.986;22:29.814|0.000|34.634;23:30.577|0.000|39.377;24:29.684|0.000|41.712;25:28.899|0.000|37.970;26:30.966|0.000|40.551;27:29.137|0.000|49.969;28:30.532|0.000|32.936;29:31.149|0.000|34.611"
68.841,"auto_larger_social_force_B",32.1031,0.0400,28.0276,0.0000,0.2920,20.0660,33.0757,27.9616,1.5858,5.1053,0,30,"0:27.487|0.000|48.540;1:28.271|0.000|59.092;2:27.667|0.000|50.280;3:26.593|0.000|49.534;4:27.855|0.000|54.950;5:28.559|0.000|47.205;6:27.393|0.000|53.415;7:29.116|0.000|53.204;8:29.854|0.000|55.800;9:30.328|0.000|57.993;10:27.103|0.000|46.314;11:26.665|0.000|51.097;12:27.145|0.000|52.316;13:27.962|0.000|56.786;14:29.489|0.000|48.907;15:30.723|0.000|80.085;16:30.911|0.000|36.809;17:30.553|0.000|37.972;18:28.107|0.000|35.874;19:29.868|0.000|35.730;20:30.920|0.000|42.913;21:30.748|0.000|44.940;22:29.813|0.000|34.580;23:30.578|0.000|39.325;24:29.674|0.000|41.663;25:28.899|0.000|37.916;26:30.959|0.000|40.500;27:29.180|0.000|49.972;28:30.524|0.000|32.883;29:31.153|0.000|34.561"
68.949,"auto_larger_social_force_B",32.1031,0.0400,28.0121,0.0000,0.2920,20.0660,33.0719,27.9461,1.5858,5.0757,0,30,"0:27.483|0.000|48.583;1:28.274|0.000|59.141;2:27.676|0.000|50.335;3:26.591|0.000|49.564;4:27.866|0.000|54.997;5:28.552|0.000|47.252;6:27.411|0.000|53.462;7:29.138|0.000|53.235;8:29.869|0.000|55.850;9:30.331|0.000|58.045;10:27.106|0.000|46.345;11:26.667|0.000|51.146;12:27.144|0.000|52.354;13:27.966|0.000|56.835;14:29.495|0.000|48.926;15:30.723|0.000|80.085;16:30.906|0.000|36.759;17:30.547|0.000|37.923;18:28.102|0.000|35.827;19:29.862|0.000|35.685;20:30.913|0.000|42.873;21:30.763|0.000|44.900;22:29.811|0.000|34.534;23:30.579|0.000|39.278;24:29.667|0.000|41.622;25:28.898|0.000|37.866;26:30.953|0.000|40.452;27:29.219|0.000|49.976;28:30.518|0.000|32.834;29:31.156|0.000|34.514"
69.058,"auto_larger_social_force_B",32.1031,0.0400,27.9951,0.0000,0.2920,20.0660,33.0679,27.9291,1.5858,5.0452,0,30,"0:27.478|0.000|48.632;1:28.277|0.000|59.196;2:27.686|0.000|50.391;3:26.588|0.000|49.600;4:27.878|0.000|55.044;5:28.544|0.000|47.306;6:27.431|0.000|53.512;7:29.160|0.000|53.261;8:29.887|0.000|55.903;9:30.334|0.000|58.104;10:27.111|0.000|46.381;11:26.668|0.000|51.202;12:27.145|0.000|52.394;13:27.971|0.000|56.889;14:29.503|0.000|48.950;15:30.723|0.000|80.085;16:30.899|0.000|36.703;17:30.540|0.000|37.870;18:28.095|0.000|35.775;19:29.856|0.000|35.634;20:30.904|0.000|42.829;21:30.780|0.000|44.858;22:29.807|0.000|34.487;23:30.578|0.000|39.226;24:29.663|0.000|41.579;25:28.897|0.000|37.808;26:30.946|0.000|40.398;27:29.260|0.000|49.986;28:30.513|0.000|32.783;29:31.159|0.000|34.467"
69.167,"auto_larger_social_force_B",32.1031,0.0400,27.9782,0.0000,0.2920,20.0660,33.0638,27.9122,1.5858,5.0177,0,30,"0:27.475|0.000|48.681;1:28.280|0.000|59.250;2:27.697|0.000|50.443;3:26.587|0.000|49.639;4:27.890|0.000|55.091;5:28.537|0.000|47.360;6:27.450|0.000|53.555;7:29.178|0.000|53.289;8:29.906|0.000|55.954;9:30.336|0.000|58.166;10:27.117|0.000|46.416;11:26.668|0.000|51.256;12:27.147|0.000|52.437;13:27.974|0.000|56.942;14:29.512|0.000|48.975;15:30.723|0.000|80.085;16:30.891|0.000|36.649;17:30.533|0.000|37.822;18:28.089|0.000|35.722;19:29.851|0.000|35.587;20:30.895|0.000|42.787;21:30.795|0.000|44.817;22:29.804|0.000|34.438;23:30.577|0.000|39.171;24:29.661|0.000|41.536;25:28.895|0.000|37.750;26:30.940|0.000|40.345;27:29.300|0.000|49.997;28:30.510|0.000|32.736;29:31.158|0.000|34.425"
69.270,"auto_larger_social_force_B",32.1031,0.0400,27.9627,0.0000,0.2920,20.0660,33.0601,27.8967,1.5858,4.9890,0,30,"0:27.474|0.000|48.721;1:28.283|0.000|59.300;2:27.708|0.000|50.488;3:26.587|0.000|49.678;4:27.901|0.000|55.136;5:28.532|0.000|47.409;6:27.468|0.000|53.595;7:29.193|0.000|53.316;8:29.922|0.000|55.996;9:30.337|0.000|58.222;10:27.122|0.000|46.451;11:26.668|0.000|51.305;12:27.150|0.000|52.479;13:27.977|0.000|56.990;14:29.522|0.000|48.999;15:30.723|0.000|80.085;16:30.884|0.000|36.600;17:30.527|0.000|37.776;18:28.082|0.000|35.674;19:29.846|0.000|35.545;20:30.886|0.000|42.752;21:30.808|0.000|44.783;22:29.801|0.000|34.391;23:30.576|0.000|39.122;24:29.660|0.000|41.494;25:28.891|0.000|37.707;26:30.934|0.000|40.295;27:29.349|0.000|50.006;28:30.508|0.000|32.690;29:31.154|0.000|34.387"
69.387,"auto_larger_social_force_B",32.1031,0.0400,27.9442,0.0000,0.2920,20.0660,33.0557,27.8782,1.5858,4.9551,0,30,"0:27.478|0.000|48.761;1:28.287|0.000|59.358;2:27.719|0.000|50.529;3:26.588|0.000|49.726;4:27.911|0.000|55.185;5:28.525|0.000|47.465;6:27.489|0.000|53.644;7:29.212|0.000|53.348;8:29.943|0.000|56.042;9:30.340|0.000|58.283;10:27.129|0.000|46.493;11:26.669|0.000|51.362;12:27.154|0.000|52.528;13:27.980|0.000|57.046;14:29.532|0.000|49.027;15:30.723|0.000|80.085;16:30.876|0.000|36.544;17:30.522|0.000|37.719;18:28.074|0.000|35.619;19:29.838|0.000|35.497;20:30.875|0.000|42.714;21:30.817|0.000|44.750;22:29.800|0.000|34.339;23:30.574|0.000|39.062;24:29.659|0.000|41.441;25:28.890|0.000|37.652;26:30.927|0.000|40.238;27:29.401|0.000|50.018;28:30.507|0.000|32.635;29:31.150|0.000|34.337"
69.499,"auto_larger_social_force_B",32.1031,0.0400,27.9272,0.0000,0.2920,20.0660,33.0516,27.8612,1.5858,4.9234,0,30,"0:27.485|0.000|48.797;1:28.290|0.000|59.414;2:27.730|0.000|50.560;3:26.590|0.000|49.772;4:27.917|0.000|55.228;5:28.517|0.000|47.516;6:27.505|0.000|53.687;7:29.230|0.000|53.383;8:29.963|0.000|56.090;9:30.343|0.000|58.340;10:27.135|0.000|46.534;11:26.671|0.000|51.416;12:27.156|0.000|52.576;13:27.982|0.000|57.101;14:29.543|0.000|49.055;15:30.723|0.000|80.085;16:30.873|0.000|36.496;17:30.517|0.000|37.664;18:28.067|0.000|35.566;19:29.830|0.000|35.449;20:30.865|0.000|42.676;21:30.826|0.000|44.717;22:29.802|0.000|34.290;23:30.572|0.000|39.007;24:29.658|0.000|41.389;25:28.891|0.000|37.601;26:30.920|0.000|40.186;27:29.447|0.000|50.030;28:30.505|0.000|32.584;29:31.146|0.000|34.284"
69.609,"auto_larger_social_force_B",32.1031,0.0400,27.9102,0.0000,0.2920,20.0660,33.0476,27.8442,1.5858,4.8914,0,30,"0:27.491|0.000|48.837;1:28.294|0.000|59.465;2:27.745|0.000|50.595;3:26.591|0.000|49.819;4:27.922|0.000|55.274;5:28.509|0.000|47.564;6:27.516|0.000|53.727;7:29.249|0.000|53.423;8:29.979|0.000|56.134;9:30.346|0.000|58.395;10:27.140|0.000|46.576;11:26.673|0.000|51.468;12:27.152|0.000|52.621;13:27.985|0.000|57.151;14:29.554|0.000|49.081;15:30.723|0.000|80.085;16:30.873|0.000|36.450;17:30.512|0.000|37.609;18:28.061|0.000|35.517;19:29.820|0.000|35.398;20:30.855|0.000|42.637;21:30.834|0.000|44.680;22:29.804|0.000|34.240;23:30.569|0.000|38.953;24:29.658|0.000|41.336;25:28.889|0.000|37.550;26:30.912|0.000|40.138;27:29.494|0.000|50.038;28:30.502|0.000|32.532;29:31.142|0.000|34.228"
69.711,"auto_larger_social_force_B",32.1031,0.0400,27.8932,0.0000,0.2920,20.0660,33.0436,27.8272,1.5858,4.8578,0,30,"0:27.496|0.000|48.882;1:28.300|0.000|59.519;2:27.764|0.000|50.632;3:26.591|0.000|49.866;4:27.926|0.000|55.324;5:28.500|0.000|47.609;6:27.527|0.000|53.770;7:29.269|0.000|53.468;8:29.990|0.000|56.173;9:30.350|0.000|58.449;10:27.145|0.000|46.618;11:26.674|0.000|51.520;12:27.150|0.000|52.654;13:27.989|0.000|57.200;14:29.567|0.000|49.108;15:30.723|0.000|80.085;16:30.874|0.000|36.401;17:30.508|0.000|37.555;18:28.055|0.000|35.465;19:29.811|0.000|35.343;20:30.847|0.000|42.601;21:30.842|0.000|44.637;22:29.807|0.000|34.187;23:30.566|0.000|38.900;24:29.658|0.000|41.284;25:28.887|0.000|37.497;26:30.905|0.000|40.094;27:29.540|0.000|50.045;28:30.498|0.000|32.478;29:31.137|0.000|34.171"
69.820,"auto_larger_social_force_B",32.1031,0.0400,27.8777,0.0000,0.2920,20.0660,33.0399,27.8117,1.5858,4.8276,0,30,"0:27.501|0.000|48.924;1:28.305|0.000|59.569;2:27.782|0.000|50.665;3:26.591|0.000|49.913;4:27.929|0.000|55.372;5:28.490|0.000|47.650;6:27.538|0.000|53.812;7:29.288|0.000|53.509;8:29.998|0.000|56.210;9:30.353|0.000|58.498;10:27.150|0.000|46.655;11:26.676|0.000|51.568;12:27.150|0.000|52.678;13:27.995|0.000|57.247;14:29.579|0.000|49.131;15:30.723|0.000|80.085;16:30.875|0.000|36.358;17:30.503|0.000|37.507;18:28.049|0.000|35.415;19:29.801|0.000|35.292;20:30.843|0.000|42.570;21:30.850|0.000|44.595;22:29.809|0.000|34.138;23:30.564|0.000|38.854;24:29.659|0.000|41.237;25:28.884|0.000|37.448;26:30.901|0.000|40.056;27:29.578|0.000|50.054;28:30.495|0.000|32.429;29:31.131|0.000|34.120"
69.927,"auto_larger_social_force_B",32.1031,0.0400,27.8607,0.0000,0.2920,20.0660,33.0359,27.7947,1.5858,4.7933,0,30,"0:27.507|0.000|48.970;1:28.311|0.000|59.626;2:27.799|0.000|50.700;3:26.590|0.000|49.966;4:27.933|0.000|55.428;5:28.479|0.000|47.694;6:27.550|0.000|53.863;7:29.310|0.000|53.554;8:30.006|0.000|56.254;9:30.357|0.000|58.551;10:27.156|0.000|46.696;11:26.679|0.000|51.620;12:27.152|0.000|52.702;13:28.001|0.000|57.299;14:29.593|0.000|49.153;15:30.723|0.000|80.085;16:30.873|0.000|36.317;17:30.497|0.000|37.455;18:28.043|0.000|35.358;19:29.790|0.000|35.236;20:30.839|0.000|42.535;21:30.859|0.000|44.546;22:29.813|0.000|34.083;23:30.563|0.000|38.804;24:29.657|0.000|41.186;25:28.882|0.000|37.393;26:30.900|0.000|40.013;27:29.612|0.000|50.068;28:30.490|0.000|32.374;29:31.125|0.000|34.065"
70.029,"auto_larger_social_force_B",32.1031,0.0400,27.8453,0.0000,0.2920,20.0660,33.0322,27.7793,1.5858,4.7633,0,30,"0:27.513|0.000|49.013;1:28.316|0.000|59.678;2:27.814|0.000|50.735;3:26.588|0.000|50.015;4:27.936|0.000|55.479;5:28.471|0.000|47.730;6:27.561|0.000|53.911;7:29.331|0.000|53.595;8:30.013|0.000|56.299;9:30.360|0.000|58.598;10:27.161|0.000|46.732;11:26.683|0.000|51.669;12:27.157|0.000|52.725;13:28.007|0.000|57.347;14:29.607|0.000|49.173;15:30.723|0.000|80.085;16:30.870|0.000|36.277;17:30.492|0.000|37.409;18:28.037|0.000|35.306;19:29.778|0.000|35.186;20:30.837|0.000|42.501;21:30.866|0.000|44.499;22:29.816|0.000|34.034;23:30.563|0.000|38.761;24:29.654|0.000|41.140;25:28.880|0.000|37.343;26:30.900|0.000|39.970;27:29.638|0.000|50.084;28:30.485|0.000|32.325;29:31.120|0.000|34.018"
70.132,"auto_larger_social_force_B",32.1025,0.0400,27.8345,0.0000,0.2920,20.0660,33.0291,27.7685,1.5858,4.7254,0,30,"0:27.520|0.000|49.059;1:28.321|0.000|59.734;2:27.831|0.000|50.776;3:26.591|0.000|50.067;4:27.938|0.000|55.535;5:28.463|0.000|47.770;6:27.572|0.000|53.964;7:29.353|0.000|53.636;8:30.022|0.000|56.351;9:30.363|0.000|58.651;10:27.167|0.000|46.770;11:26.687|0.000|51.720;12:27.171|0.000|52.754;13:28.013|0.000|57.401;14:29.623|0.000|49.193;15:30.723|0.000|80.085;16:30.866|0.000|36.228;17:30.487|0.000|37.358;18:28.031|0.000|35.249;19:29.767|0.000|35.132;20:30.834|0.000|42.462;21:30.872|0.000|44.448;22:29.821|0.000|33.981;23:30.564|0.000|38.711;24:29.648|0.000|41.090;25:28.879|0.000|37.289;26:30.902|0.000|39.922;27:29.660|0.000|50.100;28:30.480|0.000|32.272;29:31.119|0.000|33.971"
70.242,"auto_larger_social_force_B",32.1025,0.0400,27.8345,0.0000,0.2920,20.0660,33.0291,27.7685,1.5858,4.6777,0,30,"0:27.527|0.000|49.104;1:28.325|0.000|59.790;2:27.850|0.000|50.823;3:26.600|0.000|50.113;4:27.941|0.000|55.591;5:28.456|0.000|47.811;6:27.583|0.000|54.017;7:29.373|0.000|53.672;8:30.030|0.000|56.405;9:30.365|0.000|58.703;10:27.172|0.000|46.806;11:26.692|0.000|51.770;12:27.199|0.000|52.789;13:28.019|0.000|57.456;14:29.639|0.000|49.213;15:30.723|0.000|80.085;16:30.863|0.000|36.176;17:30.482|0.000|37.309;18:28.025|0.000|35.192;19:29.759|0.000|35.080;20:30.831|0.000|42.419;21:30.879|0.000|44.396;22:29.824|0.000|33.929;23:30.565|0.000|38.664;24:29.642|0.000|41.040;25:28.878|0.000|37.235;26:30.903|0.000|39.876;27:29.678|0.000|50.116;28:30.475|0.000|32.220;29:31.120|0.000|33.928"
70.354,"auto_larger_social_force_B",32.1025,0.0400,27.8345,0.0000,0.2920,20.0660,33.0291,27.7685,1.5858,4.6296,0,30,"0:27.534|0.000|49.150;1:28.331|0.000|59.845;2:27.869|0.000|50.874;3:26.611|0.000|50.164;4:27.946|0.000|55.646;5:28.449|0.000|47.859;6:27.594|0.000|54.070;7:29.393|0.000|53.709;8:30.038|0.000|56.461;9:30.369|0.000|58.753;10:27.177|0.000|46.842;11:26.696|0.000|51.824;12:27.220|0.000|52.821;13:28.025|0.000|57.510;14:29.658|0.000|49.230;15:30.726|0.000|80.090;16:30.858|0.000|36.122;17:30.479|0.000|37.262;18:28.017|0.000|35.136;19:29.753|0.000|35.031;20:30.828|0.000|42.373;21:30.887|0.000|44.344;22:29.824|0.000|33.878;23:30.565|0.000|38.617;24:29.636|0.000|40.996;25:28.877|0.000|37.181;26:30.902|0.000|39.826;27:29.698|0.000|50.136;28:30.471|0.000|32.167;29:31.123|0.000|33.880"
70.458,"auto_larger_social_force_B",32.1025,0.0400,27.8345,0.0000,0.2920,20.0660,33.0291,27.7685,1.5858,4.5886,0,30,"0:27.539|0.000|49.189;1:28.336|0.000|59.894;2:27.885|0.000|50.921;3:26.619|0.000|50.210;4:27.954|0.000|55.694;5:28.442|0.000|47.904;6:27.606|0.000|54.115;7:29.410|0.000|53.744;8:30.044|0.000|56.510;9:30.372|0.000|58.801;10:27.181|0.000|46.876;11:26.699|0.000|51.876;12:27.238|0.000|52.848;13:28.031|0.000|57.558;14:29.672|0.000|49.243;15:30.734|0.000|80.090;16:30.852|0.000|36.073;17:30.477|0.000|37.218;18:28.010|0.000|35.088;19:29.749|0.000|34.984;20:30.826|0.000|42.331;21:30.896|0.000|44.302;22:29.822|0.000|33.832;23:30.564|0.000|38.574;24:29.633|0.000|40.959;25:28.876|0.000|37.134;26:30.902|0.000|39.780;27:29.716|0.000|50.156;28:30.468|0.000|32.122;29:31.127|0.000|33.838"
70.563,"auto_larger_social_force_B",32.1025,0.0400,27.8345,0.0000,0.2920,20.0660,33.0291,27.7685,1.5858,4.5433,0,30,"0:27.542|0.000|49.228;1:28.340|0.000|59.948;2:27.901|0.000|50.972;3:26.628|0.000|50.263;4:27.963|0.000|55.748;5:28.434|0.000|47.957;6:27.620|0.000|54.161;7:29.425|0.000|53.777;8:30.053|0.000|56.564;9:30.376|0.000|58.854;10:27.185|0.000|46.912;11:26.700|0.000|51.934;12:27.259|0.000|52.880;13:28.037|0.000|57.610;14:29.688|0.000|49.258;15:30.742|0.000|80.084;16:30.847|0.000|36.020;17:30.475|0.000|37.169;18:28.003|0.000|35.036;19:29.745|0.000|34.932;20:30.824|0.000|42.285;21:30.907|0.000|44.255;22:29.818|0.000|33.781;23:30.562|0.000|38.526;24:29.632|0.000|40.919;25:28.875|0.000|37.083;26:30.901|0.000|39.727;27:29.733|0.000|50.179;28:30.466|0.000|32.073;29:31.130|0.000|33.797"
70.675,"auto_larger_social_force_B",32.1025,0.0400,27.8345,0.0000,0.2920,20.0660,33.0291,27.7685,1.5858,4.4970,0,30,"0:27.545|0.000|49.268;1:28.345|0.000|60.001;2:27.918|0.000|51.023;3:26.636|0.000|50.318;4:27.972|0.000|55.798;5:28.427|0.000|48.012;6:27.639|0.000|54.209;7:29.437|0.000|53.807;8:30.064|0.000|56.617;9:30.380|0.000|58.910;10:27.187|0.000|46.950;11:26.701|0.000|51.993;12:27.283|0.000|52.917;13:28.042|0.000|57.663;14:29.707|0.000|49.273;15:30.750|0.000|80.076;16:30.843|0.000|35.967;17:30.473|0.000|37.117;18:27.999|0.000|34.986;19:29.740|0.000|34.885;20:30.821|0.000|42.238;21:30.917|0.000|44.206;22:29.814|0.000|33.735;23:30.560|0.000|38.474;24:29.632|0.000|40.871;25:28.875|0.000|37.035;26:30.899|0.000|39.672;27:29.750|0.000|50.204;28:30.464|0.000|32.023;29:31.130|0.000|33.753"
70.789,"auto_larger_social_force_B",32.1025,0.0400,27.8345,0.0000,0.2920,20.0660,33.0291,27.7685,1.5858,4.4551,0,30,"0:27.547|0.000|49.309;1:28.348|0.000|60.050;2:27.937|0.000|51.072;3:26.643|0.000|50.373;4:27.981|0.000|55.841;5:28.421|0.000|48.066;6:27.657|0.000|54.254;7:29.447|0.000|53.837;8:30.078|0.000|56.668;9:30.383|0.000|58.966;10:27.186|0.000|46.987;11:26.702|0.000|52.050;12:27.308|0.000|52.957;13:28.047|0.000|57.712;14:29.729|0.000|49.287;15:30.760|0.000|80.066;16:30.840|0.000|35.916;17:30.472|0.000|37.063;18:27.997|0.000|34.939;19:29.732|0.000|34.840;20:30.816|0.000|42.191;21:30.924|0.000|44.165;22:29.811|0.000|33.693;23:30.558|0.000|38.420;24:29.631|0.000|40.822;25:28.874|0.000|36.986;26:30.897|0.000|39.618;27:29.764|0.000|50.232;28:30.462|0.000|31.977;29:31.131|0.000|33.704"
70.895,"auto_larger_social_force_B",32.1025,0.0400,27.8345,0.0000,0.2920,20.0660,33.0291,27.7685,1.5858,4.4119,0,30,"0:27.548|0.000|49.351;1:28.351|0.000|60.104;2:27.958|0.000|51.118;3:26.651|0.000|50.429;4:27.984|0.000|55.883;5:28.415|0.000|48.120;6:27.673|0.000|54.290;7:29.455|0.000|53.869;8:30.092|0.000|56.721;9:30.387|0.000|59.023;10:27.186|0.000|47.027;11:26.704|0.000|52.105;12:27.335|0.000|52.999;13:28.051|0.000|57.763;14:29.755|0.000|49.301;15:30.766|0.000|80.058;16:30.838|0.000|35.868;17:30.470|0.000|37.008;18:27.996|0.000|34.888;19:29.723|0.000|34.790;20:30.810|0.000|42.145;21:30.925|0.000|44.131;22:29.812|0.000|33.649;23:30.555|0.000|38.365;24:29.632|0.000|40.770;25:28.873|0.000|36.933;26:30.895|0.000|39.564;27:29.780|0.000|50.269;28:30.458|0.000|31.929;29:31.132|0.000|33.651"
71.006,"auto_larger_social_force_B",32.1025,0.0400,27.8345,0.0000,0.2920,20.0660,33.0291,27.7685,1.5858,4.3701,0,30,"0:27.551|0.000|49.390;1:28.354|0.000|60.160;2:27.982|0.000|51.165;3:26.660|0.000|50.484;4:27.986|0.000|55.931;5:28.407|0.000|48.171;6:27.683|0.000|54.325;7:29.463|0.000|53.905;8:30.105|0.000|56.767;9:30.392|0.000|59.080;10:27.185|0.000|47.067;11:26.707|0.000|52.157;12:27.362|0.000|53.041;13:28.054|0.000|57.817;14:29.786|0.000|49.318;15:30.769|0.000|80.051;16:30.837|0.000|35.820;17:30.468|0.000|36.954;18:27.997|0.000|34.837;19:29.714|0.000|34.738;20:30.802|0.000|42.097;21:30.924|0.000|44.096;22:29.813|0.000|33.599;23:30.551|0.000|38.309;24:29.633|0.000|40.719;25:28.873|0.000|36.878;26:30.894|0.000|39.512;27:29.799|0.000|50.306;28:30.454|0.000|31.881;29:31.131|0.000|33.595"
71.115,"auto_larger_social_force_B",32.1025,0.0400,27.8345,0.0000,0.2920,20.0660,33.0291,27.7685,1.5858,4.3250,0,30,"0:27.557|0.000|49.430;1:28.357|0.000|60.218;2:28.004|0.000|51.208;3:26.669|0.000|50.539;4:27.989|0.000|55.983;5:28.397|0.000|48.217;6:27.692|0.000|54.365;7:29.473|0.000|53.946;8:30.115|0.000|56.809;9:30.397|0.000|59.135;10:27.187|0.000|47.107;11:26.710|0.000|52.207;12:27.391|0.000|53.080;13:28.057|0.000|57.872;14:29.823|0.000|49.338;15:30.770|0.000|80.043;16:30.838|0.000|35.771;17:30.465|0.000|36.901;18:27.996|0.000|34.788;19:29.704|0.000|34.684;20:30.794|0.000|42.053;21:30.923|0.000|44.057;22:29.815|0.000|33.545;23:30.547|0.000|38.255;24:29.633|0.000|40.667;25:28.873|0.000|36.820;26:30.894|0.000|39.461;27:29.816|0.000|50.344;28:30.448|0.000|31.831;29:31.130|0.000|33.539"
71.222,"auto_larger_social_force_B",32.1025,0.0400,27.8345,0.0000,0.2920,20.0660,33.0291,27.7685,1.5858,4.2779,0,30,"0:27.562|0.000|49.472;1:28.359|0.000|60.278;2:28.019|0.000|51.231;3:26.679|0.000|50.594;4:27.991|0.000|56.039;5:28.384|0.000|48.263;6:27.703|0.000|54.411;7:29.482|0.000|53.991;8:30.122|0.000|56.852;9:30.401|0.000|59.189;10:27.191|0.000|47.148;11:26.711|0.000|52.255;12:27.420|0.000|53.116;13:28.061|0.000|57.928;14:29.865|0.000|49.359;15:30.779|0.000|80.037;16:30.837|0.000|35.728;17:30.462|0.000|36.849;18:27.992|0.000|34.737;19:29.693|0.000|34.631;20:30.787|0.000|42.015;21:30.922|0.000|44.016;22:29.818|0.000|33.490;23:30.544|0.000|38.203;24:29.632|0.000|40.617;25:28.873|0.000|36.763;26:30.895|0.000|39.415;27:29.834|0.000|50.381;28:30.443|0.000|31.777;29:31.129|0.000|33.484"
71.329,"auto_larger_social_force_B",32.1025,0.0400,27.8345,0.0000,0.2920,20.0660,33.0291,27.7685,1.5858,4.2339,0,30,"0:27.566|0.000|49.512;1:28.361|0.000|60.331;2:28.029|0.000|51.260;3:26.688|0.000|50.642;4:27.992|0.000|56.090;5:28.372|0.000|48.307;6:27.714|0.000|54.458;7:29.490|0.000|54.032;8:30.128|0.000|56.897;9:30.404|0.000|59.237;10:27.194|0.000|47.185;11:26.711|0.000|52.294;12:27.444|0.000|53.145;13:28.064|0.000|57.979;14:29.908|0.000|49.378;15:30.792|0.000|80.026;16:30.835|0.000|35.690;17:30.458|0.000|36.802;18:27.990|0.000|34.688;19:29.682|0.000|34.582;20:30.783|0.000|41.979;21:30.921|0.000|43.978;22:29.821|0.000|33.439;23:30.543|0.000|38.157;24:29.631|0.000|40.571;25:28.874|0.000|36.713;26:30.897|0.000|39.374;27:29.852|0.000|50.416;28:30.438|0.000|31.727;29:31.129|0.000|33.435"
71.436,"auto_larger_social_force_B",32.1025,0.0400,27.8345,0.0000,0.2920,20.0660,33.0291,27.7685,1.5858,4.1857,0,30,"0:27.572|0.000|49.558;1:28.364|0.000|60.388;2:28.042|0.000|51.298;3:26.697|0.000|50.696;4:27.994|0.000|56.148;5:28.361|0.000|48.349;6:27.724|0.000|54.512;7:29.497|0.000|54.078;8:30.136|0.000|56.950;9:30.406|0.000|59.287;10:27.198|0.000|47.225;11:26.707|0.000|52.341;12:27.470|0.000|53.174;13:28.068|0.000|58.034;14:29.958|0.000|49.398;15:30.805|0.000|80.013;16:30.830|0.000|35.649;17:30.455|0.000|36.750;18:27.986|0.000|34.633;19:29.672|0.000|34.529;20:30.780|0.000|41.939;21:30.919|0.000|43.933;22:29.823|0.000|33.384;23:30.544|0.000|38.110;24:29.630|0.000|40.522;25:28.874|0.000|36.658;26:30.901|0.000|39.327;27:29.871|0.000|50.456;28:30.432|0.000|31.672;29:31.131|0.000|33.382"
71.537,"auto_larger_social_force_B",32.1025,0.0400,27.8345,0.0000,0.2920,20.0660,33.0291,27.7685,1.5858,4.1437,0,30,"0:27.577|0.000|49.598;1:28.366|0.000|60.437;2:28.054|0.000|51.337;3:26.703|0.000|50.742;4:27.996|0.000|56.198;5:28.355|0.000|48.382;6:27.734|0.000|54.561;7:29.503|0.000|54.118;8:30.142|0.000|56.999;9:30.406|0.000|59.331;10:27.201|0.000|47.261;11:26.703|0.000|52.385;12:27.494|0.000|53.203;13:28.072|0.000|58.083;14:30.005|0.000|49.415;15:30.818|0.000|80.003;16:30.825|0.000|35.609;17:30.453|0.000|36.705;18:27.982|0.000|34.583;19:29.664|0.000|34.481;20:30.778|0.000|41.900;21:30.918|0.000|43.893;22:29.825|0.000|33.335;23:30.546|0.000|38.063;24:29.627|0.000|40.481;25:28.874|0.000|36.609;26:30.904|0.000|39.289;27:29.888|0.000|50.493;28:30.425|0.000|31.624;29:31.134|0.000|33.339"
71.647,"auto_larger_social_force_B",32.1025,0.0400,27.8345,0.0000,0.2920,20.0660,33.0291,27.7685,1.5858,4.0984,0,30,"0:27.583|0.000|49.643;1:28.369|0.000|60.491;2:28.069|0.000|51.386;3:26.708|0.000|50.796;4:28.000|0.000|56.254;5:28.351|0.000|48.424;6:27.746|0.000|54.615;7:29.511|0.000|54.162;8:30.148|0.000|57.055;9:30.406|0.000|59.383;10:27.203|0.000|47.300;11:26.698|0.000|52.432;12:27.520|0.000|53.235;13:28.076|0.000|58.136;14:30.053|0.000|49.432;15:30.830|0.000|79.993;16:30.820|0.000|35.558;17:30.450|0.000|36.655;18:27.977|0.000|34.527;19:29.655|0.000|34.430;20:30.775|0.000|41.854;21:30.919|0.000|43.850;22:29.825|0.000|33.282;23:30.549|0.000|38.012;24:29.626|0.000|40.433;25:28.874|0.000|36.557;26:30.905|0.000|39.248;27:29.907|0.000|50.533;28:30.418|0.000|31.571;29:31.138|0.000|33.292"
71.759,"auto_larger_social_force_B",32.1025,0.0400,27.8345,0.0000,0.2920,20.0660,33.0291,27.7685,1.5858,4.0531,0,30,"0:27.589|0.000|49.687;1:28.373|0.000|60.544;2:28.083|0.000|51.439;3:26.712|0.000|50.855;4:28.004|0.000|56.308;5:28.346|0.000|48.468;6:27.758|0.000|54.667;7:29.522|0.000|54.202;8:30.155|0.000|57.111;9:30.405|0.000|59.434;10:27.206|0.000|47.339;11:26.697|0.000|52.477;12:27.540|0.000|53.262;13:28.081|0.000|58.187;14:30.097|0.000|49.448;15:30.840|0.000|79.985;16:30.814|0.000|35.505;17:30.448|0.000|36.605;18:27.972|0.000|34.473;19:29.647|0.000|34.380;20:30.773|0.000|41.808;21:30.922|0.000|43.806;22:29.825|0.000|33.233;23:30.551|0.000|37.965;24:29.625|0.000|40.384;25:28.875|0.000|36.505;26:30.906|0.000|39.207;27:29.927|0.000|50.574;28:30.413|0.000|31.518;29:31.142|0.000|33.244"
71.873,"auto_larger_social_force_B",32.1025,0.0400,27.8345,0.0000,0.2920,20.0660,33.0291,27.7685,1.5858,4.0065,0,30,"0:27.595|0.000|49.736;1:28.376|0.000|60.603;2:28.100|0.000|51.499;3:26.716|0.000|50.923;4:28.010|0.000|56.362;5:28.340|0.000|48.521;6:27.773|0.000|54.723;7:29.536|0.000|54.246;8:30.164|0.000|57.171;9:30.405|0.000|59.493;10:27.208|0.000|47.381;11:26.698|0.000|52.530;12:27.560|0.000|53.293;13:28.086|0.000|58.245;14:30.145|0.000|49.467;15:30.851|0.000|79.977;16:30.807|0.000|35.445;17:30.447|0.000|36.550;18:27.968|0.000|34.413;19:29.639|0.000|34.322;20:30.771|0.000|41.756;21:30.922|0.000|43.762;22:29.822|0.000|33.182;23:30.551|0.000|37.910;24:29.625|0.000|40.330;25:28.875|0.000|36.449;26:30.905|0.000|39.157;27:29.949|0.000|50.619;28:30.409|0.000|31.465;29:31.146|0.000|33.195"
71.979,"auto_larger_social_force_B",32.1025,0.0400,27.8345,0.0000,0.2920,20.0660,33.0291,27.7685,1.5858,3.9670,0,30,"0:27.599|0.000|49.776;1:28.380|0.000|60.653;2:28.114|0.000|51.549;3:26.721|0.000|50.974;4:28.014|0.000|56.409;5:28.336|0.000|48.567;6:27.785|0.000|54.766;7:29.548|0.000|54.283;8:30.172|0.000|57.221;9:30.406|0.000|59.544;10:27.210|0.000|47.416;11:26.698|0.000|52.574;12:27.576|0.000|53.321;13:28.090|0.000|58.293;14:30.185|0.000|49.483;15:30.859|0.000|79.972;16:30.799|0.000|35.395;17:30.444|0.000|36.507;18:27.965|0.000|34.362;19:29.632|0.000|34.277;20:30.769|0.000|41.712;21:30.920|0.000|43.726;22:29.821|0.000|33.135;23:30.551|0.000|37.862;24:29.628|0.000|40.284;25:28.874|0.000|36.403;26:30.905|0.000|39.110;27:29.967|0.000|50.656;28:30.408|0.000|31.421;29:31.147|0.000|33.159"
72.092,"auto_larger_social_force_B",32.1025,0.0400,27.8345,0.0000,0.2920,20.0660,33.0291,27.7685,1.5858,3.9169,0,30,"0:27.605|0.000|49.823;1:28.384|0.000|60.712;2:28.133|0.000|51.606;3:26.727|0.000|51.034;4:28.020|0.000|56.473;5:28.332|0.000|48.624;6:27.801|0.000|54.816;7:29.562|0.000|54.321;8:30.182|0.000|57.277;9:30.406|0.000|59.605;10:27.212|0.000|47.458;11:26.700|0.000|52.628;12:27.594|0.000|53.360;13:28.095|0.000|58.350;14:30.233|0.000|49.502;15:30.866|0.000|79.968;16:30.790|0.000|35.336;17:30.441|0.000|36.454;18:27.963|0.000|34.304;19:29.622|0.000|34.226;20:30.765|0.000|41.662;21:30.916|0.000|43.682;22:29.820|0.000|33.079;23:30.551|0.000|37.804;24:29.631|0.000|40.229;25:28.871|0.000|36.348;26:30.905|0.000|39.050;27:29.989|0.000|50.699;28:30.407|0.000|31.365;29:31.146|0.000|33.117"
72.200,"auto_larger_social_force_B",32.1025,0.0400,27.8345,0.0000,0.2920,20.0660,33.0291,27.7685,1.5858,3.8771,0,30,"0:27.606|0.000|49.872;1:28.388|0.000|60.762;2:28.151|0.000|51.652;3:26.732|0.000|51.079;4:28.020|0.000|56.522;5:28.329|0.000|48.669;6:27.813|0.000|54.858;7:29.569|0.000|54.337;8:30.191|0.000|57.320;9:30.407|0.000|59.656;10:27.214|0.000|47.491;11:26.703|0.000|52.667;12:27.612|0.000|53.396;13:28.100|0.000|58.398;14:30.274|0.000|49.521;15:30.871|0.000|79.965;16:30.785|0.000|35.286;17:30.437|0.000|36.410;18:27.960|0.000|34.259;19:29.613|0.000|34.181;20:30.761|0.000|41.618;21:30.912|0.000|43.642;22:29.823|0.000|33.037;23:30.550|0.000|37.754;24:29.636|0.000|40.187;25:28.866|0.000|36.298;26:30.903|0.000|39.001;27:30.006|0.000|50.727;28:30.407|0.000|31.321;29:31.139|0.000|33.084"
72.300,"auto_larger_social_force_B",32.1025,0.0400,27.8345,0.0000,0.2920,20.0660,33.0291,27.7685,1.5858,3.8333,0,30,"0:27.611|0.000|49.925;1:28.393|0.000|60.815;2:28.172|0.000|51.700;3:26.739|0.000|51.133;4:28.015|0.000|56.574;5:28.324|0.000|48.720;6:27.826|0.000|54.905;7:29.575|0.000|54.364;8:30.201|0.000|57.372;9:30.410|0.000|59.712;10:27.219|0.000|47.527;11:26.706|0.000|52.717;12:27.634|0.000|53.441;13:28.105|0.000|58.451;14:30.311|0.000|49.541;15:30.877|0.000|79.963;16:30.782|0.000|35.233;17:30.432|0.000|36.360;18:27.957|0.000|34.211;19:29.604|0.000|34.127;20:30.756|0.000|41.568;21:30.904|0.000|43.600;22:29.834|0.000|32.998;23:30.548|0.000|37.700;24:29.643|0.000|40.137;25:28.861|0.000|36.247;26:30.899|0.000|38.945;27:30.023|0.000|50.757;28:30.406|0.000|31.272;29:31.128|0.000|33.041"
72.409,"auto_larger_social_force_B",32.1025,0.0400,27.8345,0.0000,0.2920,20.0660,33.0291,27.7685,1.5858,3.7919,0,30,"0:27.615|0.000|49.969;1:28.398|0.000|60.862;2:28.191|0.000|51.744;3:26.744|0.000|51.179;4:28.009|0.000|56.623;5:28.318|0.000|48.767;6:27.837|0.000|54.947;7:29.579|0.000|54.393;8:30.209|0.000|57.421;9:30.412|0.000|59.763;10:27.226|0.000|47.561;11:26.706|0.000|52.755;12:27.653|0.000|53.484;13:28.111|0.000|58.496;14:30.339|0.000|49.557;15:30.882|0.000|79.961;16:30.780|0.000|35.186;17:30.428|0.000|36.312;18:27.955|0.000|34.168;19:29.595|0.000|34.077;20:30.752|0.000|41.524;21:30.900|0.000|43.562;22:29.844|0.000|32.957;23:30.546|0.000|37.650;24:29.647|0.000|40.090;25:28.858|0.000|36.202;26:30.895|0.000|38.894;27:30.037|0.000|50.783;28:30.403|0.000|31.224;29:31.120|0.000|32.993"
72.518,"auto_larger_social_force_B",32.1025,0.0400,27.8345,0.0000,0.2920,20.0660,33.0291,27.7685,1.5858,3.7445,0,30,"0:27.619|0.000|50.021;1:28.404|0.000|60.918;2:28.210|0.000|51.795;3:26.747|0.000|51.227;4:28.004|0.000|56.687;5:28.311|0.000|48.817;6:27.848|0.000|54.995;7:29.584|0.000|54.429;8:30.216|0.000|57.473;9:30.415|0.000|59.818;10:27.233|0.000|47.599;11:26.705|0.000|52.784;12:27.672|0.000|53.531;13:28.118|0.000|58.549;14:30.368|0.000|49.574;15:30.886|0.000|79.960;16:30.779|0.000|35.132;17:30.424|0.000|36.258;18:27.953|0.000|34.118;19:29.586|0.000|34.021;20:30.745|0.000|41.471;21:30.897|0.000|43.520;22:29.855|0.000|32.909;23:30.544|0.000|37.597;24:29.649|0.000|40.038;25:28.858|0.000|36.152;26:30.892|0.000|38.838;27:30.053|0.000|50.804;28:30.401|0.000|31.170;29:31.111|0.000|32.937"
72.627,"auto_larger_social_force_B",32.1025,0.0400,27.8345,0.0000,0.2920,20.0660,33.0291,27.7685,1.5858,3.6967,0,30,"0:27.622|0.000|50.076;1:28.410|0.000|60.976;2:28.223|0.000|51.842;3:26.752|0.000|51.273;4:28.000|0.000|56.748;5:28.303|0.000|48.869;6:27.859|0.000|55.045;7:29.588|0.000|54.471;8:30.221|0.000|57.527;9:30.416|0.000|59.872;10:27.238|0.000|47.643;11:26.707|0.000|52.801;12:27.692|0.000|53.579;13:28.125|0.000|58.604;14:30.396|0.000|49.594;15:30.891|0.000|79.958;16:30.777|0.000|35.081;17:30.420|0.000|36.204;18:27.950|0.000|34.068;19:29.575|0.000|33.964;20:30.741|0.000|41.418;21:30.895|0.000|43.472;22:29.863|0.000|32.851;23:30.544|0.000|37.544;24:29.651|0.000|39.988;25:28.859|0.000|36.098;26:30.892|0.000|38.785;27:30.070|0.000|50.822;28:30.398|0.000|31.115;29:31.101|0.000|32.880"
72.729,"auto_larger_social_force_B",32.1025,0.0400,27.8345,0.0000,0.2920,20.0660,33.0291,27.7685,1.5858,3.6536,0,30,"0:27.624|0.000|50.127;1:28.416|0.000|61.029;2:28.228|0.000|51.879;3:26.759|0.000|51.312;4:27.998|0.000|56.801;5:28.297|0.000|48.915;6:27.868|0.000|55.092;7:29.591|0.000|54.515;8:30.224|0.000|57.576;9:30.417|0.000|59.920;10:27.242|0.000|47.685;11:26.711|0.000|52.807;12:27.711|0.000|53.620;13:28.132|0.000|58.654;14:30.420|0.000|49.613;15:30.895|0.000|79.958;16:30.773|0.000|35.040;17:30.415|0.000|36.155;18:27.947|0.000|34.020;19:29.564|0.000|33.913;20:30.741|0.000|41.370;21:30.893|0.000|43.425;22:29.869|0.000|32.801;23:30.545|0.000|37.498;24:29.652|0.000|39.943;25:28.860|0.000|36.043;26:30.893|0.000|38.738;27:30.084|0.000|50.835;28:30.394|0.000|31.064;29:31.093|0.000|32.829"
72.837,"auto_larger_social_force_B",32.1025,0.0400,27.8345,0.0000,0.2920,20.0660,33.0291,27.7685,1.5858,3.6076,0,30,"0:27.627|0.000|50.185;1:28.421|0.000|61.086;2:28.231|0.000|51.919;3:26.770|0.000|51.354;4:27.996|0.000|56.857;5:28.294|0.000|48.960;6:27.875|0.000|55.145;7:29.594|0.000|54.566;8:30.228|0.000|57.631;9:30.417|0.000|59.971;10:27.248|0.000|47.734;11:26.717|0.000|52.810;12:27.733|0.000|53.661;13:28.139|0.000|58.709;14:30.442|0.000|49.634;15:30.898|0.000|79.957;16:30.766|0.000|34.994;17:30.409|0.000|36.103;18:27.943|0.000|33.965;19:29.552|0.000|33.859;20:30.744|0.000|41.313;21:30.891|0.000|43.371;22:29.874|0.000|32.748;23:30.546|0.000|37.448;24:29.652|0.000|39.898;25:28.862|0.000|35.985;26:30.894|0.000|38.684;27:30.091|0.000|50.844;28:30.390|0.000|31.010;29:31.084|0.000|32.774"
72.952,"auto_larger_social_force_B",32.1025,0.0400,27.8345,0.0000,0.2920,20.0660,33.0291,27.7685,1.5858,3.5589,0,30,"0:27.630|0.000|50.248;1:28.426|0.000|61.146;2:28.233|0.000|51.966;3:26.785|0.000|51.400;4:27.995|0.000|56.914;5:28.292|0.000|49.009;6:27.884|0.000|55.203;7:29.597|0.000|54.622;8:30.232|0.000|57.691;9:30.416|0.000|60.028;10:27.255|0.000|47.788;11:26.741|0.000|52.816;12:27.760|0.000|53.704;13:28.145|0.000|58.769;14:30.464|0.000|49.657;15:30.901|0.000|79.957;16:30.760|0.000|34.936;17:30.404|0.000|36.047;18:27.939|0.000|33.903;19:29.540|0.000|33.803;20:30.747|0.000|41.247;21:30.889|0.000|43.309;22:29.880|0.000|32.693;23:30.548|0.000|37.393;24:29.653|0.000|39.854;25:28.862|0.000|35.925;26:30.894|0.000|38.630;27:30.100|0.000|50.851;28:30.385|0.000|30.952;29:31.077|0.000|32.718"
73.060,"auto_larger_social_force_B",32.1025,0.0400,27.8345,0.0000,0.2920,20.0660,33.0291,27.7685,1.5858,3.5185,0,30,"0:27.634|0.000|50.300;1:28.431|0.000|61.197;2:28.235|0.000|52.011;3:26.801|0.000|51.435;4:27.991|0.000|56.964;5:28.293|0.000|49.050;6:27.891|0.000|55.254;7:29.601|0.000|54.670;8:30.236|0.000|57.741;9:30.415|0.000|60.072;10:27.261|0.000|47.832;11:26.754|0.000|52.809;12:27.782|0.000|53.739;13:28.151|0.000|58.818;14:30.481|0.000|49.677;15:30.903|0.000|79.957;16:30.755|0.000|34.885;17:30.402|0.000|36.001;18:27.935|0.000|33.851;19:29.533|0.000|33.758;20:30.750|0.000|41.193;21:30.887|0.000|43.260;22:29.886|0.000|32.646;23:30.549|0.000|37.350;24:29.658|0.000|39.816;25:28.861|0.000|35.876;26:30.891|0.000|38.588;27:30.112|0.000|50.857;28:30.382|0.000|30.904;29:31.072|0.000|32.674"
73.169,"auto_larger_social_force_B",32.1025,0.0400,27.8345,0.0000,0.2920,20.0660,33.0291,27.7685,1.5858,3.4746,0,30,"0:27.640|0.000|50.357;1:28.437|0.000|61.253;2:28.237|0.000|52.063;3:26.816|0.000|51.478;4:27.987|0.000|57.018;5:28.293|0.000|49.099;6:27.900|0.000|55.311;7:29.607|0.000|54.723;8:30.240|0.000|57.796;9:30.416|0.000|60.121;10:27.268|0.000|47.881;11:26.767|0.000|52.792;12:27.803|0.000|53.765;13:28.158|0.000|58.872;14:30.498|0.000|49.699;15:30.905|0.000|79.957;16:30.748|0.000|34.829;17:30.400|0.000|35.953;18:27.929|0.000|33.794;19:29.528|0.000|33.713;20:30.752|0.000|41.134;21:30.884|0.000|43.206;22:29.893|0.000|32.595;23:30.549|0.000|37.304;24:29.666|0.000|39.773;25:28.860|0.000|35.823;26:30.888|0.000|38.537;27:30.133|0.000|50.863;28:30.380|0.000|30.852;29:31.068|0.000|32.624"
73.279,"auto_larger_social_force_B",32.1025,0.0400,27.8345,0.0000,0.2920,20.0660,33.0291,27.7685,1.5858,3.4343,0,30,"0:27.646|0.000|50.411;1:28.442|0.000|61.307;2:28.241|0.000|52.115;3:26.830|0.000|51.523;4:27.984|0.000|57.068;5:28.294|0.000|49.148;6:27.911|0.000|55.367;7:29.612|0.000|54.772;8:30.244|0.000|57.850;9:30.417|0.000|60.169;10:27.273|0.000|47.927;11:26.790|0.000|52.775;12:27.818|0.000|53.791;13:28.165|0.000|58.924;14:30.513|0.000|49.718;15:30.907|0.000|79.957;16:30.740|0.000|34.775;17:30.398|0.000|35.905;18:27.923|0.000|33.740;19:29.526|0.000|33.668;20:30.753|0.000|41.079;21:30.879|0.000|43.153;22:29.902|0.000|32.541;23:30.546|0.000|37.259;24:29.674|0.000|39.731;25:28.860|0.000|35.774;26:30.883|0.000|38.489;27:30.158|0.000|50.870;28:30.379|0.000|30.805;29:31.065|0.000|32.574"
73.388,"auto_larger_social_force_B",32.1025,0.0400,27.8345,0.0000,0.2920,20.0660,33.0291,27.7685,1.5858,3.3935,0,30,"0:27.650|0.000|50.463;1:28.447|0.000|61.360;2:28.245|0.000|52.169;3:26.846|0.000|51.573;4:27.979|0.000|57.118;5:28.293|0.000|49.199;6:27.923|0.000|55.424;7:29.619|0.000|54.816;8:30.250|0.000|57.905;9:30.419|0.000|60.220;10:27.278|0.000|47.969;11:26.833|0.000|52.765;12:27.833|0.000|53.821;13:28.171|0.000|58.977;14:30.528|0.000|49.737;15:30.908|0.000|79.958;16:30.733|0.000|34.722;17:30.398|0.000|35.855;18:27.919|0.000|33.688;19:29.525|0.000|33.620;20:30.752|0.000|41.025;21:30.872|0.000|43.101;22:29.910|0.000|32.492;23:30.544|0.000|37.210;24:29.682|0.000|39.688;25:28.861|0.000|35.728;26:30.880|0.000|38.437;27:30.188|0.000|50.876;28:30.379|0.000|30.758;29:31.063|0.000|32.521"
73.494,"auto_larger_social_force_B",32.1025,0.0400,27.8345,0.0000,0.2920,20.0660,33.0291,27.7685,1.5858,3.3524,0,30,"0:27.650|0.000|50.512;1:28.451|0.000|61.410;2:28.250|0.000|52.225;3:26.862|0.000|51.627;4:27.975|0.000|57.167;5:28.293|0.000|49.250;6:27.936|0.000|55.483;7:29.626|0.000|54.863;8:30.257|0.000|57.959;9:30.422|0.000|60.274;10:27.280|0.000|48.012;11:26.888|0.000|52.765;12:27.850|0.000|53.856;13:28.176|0.000|59.027;14:30.542|0.000|49.754;15:30.908|0.000|79.958;16:30.727|0.000|34.670;17:30.398|0.000|35.804;18:27.918|0.000|33.640;19:29.525|0.000|33.577;20:30.753|0.000|40.972;21:30.865|0.000|43.049;22:29.915|0.000|32.443;23:30.542|0.000|37.157;24:29.690|0.000|39.642;25:28.864|0.000|35.685;26:30.875|0.000|38.384;27:30.219|0.000|50.883;28:30.380|0.000|30.710;29:31.061|0.000|32.463"
73.606,"auto_larger_social_force_B",32.1025,0.0400,27.8345,0.0000,0.2920,20.0660,33.0291,27.7685,1.5858,3.3145,0,30,"0:27.649|0.000|50.559;1:28.455|0.000|61.463;2:28.256|0.000|52.281;3:26.877|0.000|51.683;4:27.973|0.000|57.217;5:28.293|0.000|49.302;6:27.947|0.000|55.537;7:29.631|0.000|54.913;8:30.265|0.000|58.015;9:30.424|0.000|60.331;10:27.282|0.000|48.058;11:26.947|0.000|52.775;12:27.868|0.000|53.897;13:28.181|0.000|59.077;14:30.555|0.000|49.772;15:30.908|0.000|79.958;16:30.723|0.000|34.619;17:30.396|0.000|35.751;18:27.919|0.000|33.592;19:29.521|0.000|33.532;20:30.754|0.000|40.921;21:30.859|0.000|42.994;22:29.920|0.000|32.392;23:30.540|0.000|37.101;24:29.699|0.000|39.592;25:28.869|0.000|35.636;26:30.870|0.000|38.332;27:30.248|0.000|50.887;28:30.380|0.000|30.666;29:31.058|0.000|32.404"
73.707,"auto_larger_social_force_B",32.1025,0.0400,27.8345,0.0000,0.2920,20.0660,33.0291,27.7685,1.5858,3.2816,0,30,"0:27.646|0.000|50.604;1:28.458|0.000|61.513;2:28.262|0.000|52.331;3:26.892|0.000|51.733;4:27.970|0.000|57.263;5:28.294|0.000|49.348;6:27.955|0.000|55.582;7:29.634|0.000|54.952;8:30.272|0.000|58.064;9:30.426|0.000|60.383;10:27.283|0.000|48.101;11:26.998|0.000|52.789;12:27.885|0.000|53.939;13:28.185|0.000|59.125;14:30.567|0.000|49.788;15:30.908|0.000|79.958;16:30.719|0.000|34.577;17:30.394|0.000|35.703;18:27.922|0.000|33.546;19:29.518|0.000|33.487;20:30.755|0.000|40.877;21:30.857|0.000|42.944;22:29.923|0.000|32.346;23:30.538|0.000|37.051;24:29.707|0.000|39.544;25:28.875|0.000|35.592;26:30.865|0.000|38.286;27:30.275|0.000|50.891;28:30.378|0.000|30.626;29:31.057|0.000|32.350"
73.807,"auto_larger_social_force_B",32.1025,0.0400,27.8345,0.0000,0.2920,20.0660,33.0291,27.7685,1.5858,3.2482,0,30,"0:27.643|0.000|50.647;1:28.461|0.000|61.566;2:28.267|0.000|52.381;3:26.907|0.000|51.782;4:27.969|0.000|57.313;5:28.293|0.000|49.395;6:27.962|0.000|55.630;7:29.633|0.000|54.988;8:30.280|0.000|58.110;9:30.429|0.000|60.435;10:27.283|0.000|48.144;11:27.047|0.000|52.807;12:27.902|0.000|53.984;13:28.190|0.000|59.175;14:30.576|0.000|49.803;15:30.908|0.000|79.958;16:30.718|0.000|34.534;17:30.393|0.000|35.654;18:27.925|0.000|33.502;19:29.515|0.000|33.440;20:30.758|0.000|40.835;21:30.856|0.000|42.894;22:29.926|0.000|32.297;23:30.534|0.000|37.000;24:29.716|0.000|39.495;25:28.881|0.000|35.548;26:30.861|0.000|38.240;27:30.305|0.000|50.892;28:30.375|0.000|30.586;29:31.054|0.000|32.296"
73.915,"auto_larger_social_force_B",32.1025,0.0400,27.8345,0.0000,0.2920,20.0660,33.0291,27.7685,1.5858,3.2089,0,30,"0:27.641|0.000|50.690;1:28.463|0.000|61.626;2:28.273|0.000|52.433;3:26.925|0.000|51.832;4:27.967|0.000|57.368;5:28.290|0.000|49.444;6:27.967|0.000|55.691;7:29.631|0.000|55.030;8:30.287|0.000|58.162;9:30.434|0.000|60.490;10:27.285|0.000|48.193;11:27.098|0.000|52.828;12:27.922|0.000|54.034;13:28.194|0.000|59.232;14:30.584|0.000|49.814;15:30.908|0.000|79.958;16:30.717|0.000|34.487;17:30.390|0.000|35.600;18:27.926|0.000|33.458;19:29.512|0.000|33.385;20:30.762|0.000|40.788;21:30.858|0.000|42.840;22:29.930|0.000|32.244;23:30.530|0.000|36.946;24:29.723|0.000|39.440;25:28.886|0.000|35.496;26:30.857|0.000|38.190;27:30.343|0.000|50.891;28:30.372|0.000|30.537;29:31.049|0.000|32.239"
74.026,"auto_larger_social_force_B",32.1025,0.0400,27.8345,0.0000,0.2920,20.0660,33.0291,27.7685,1.5858,3.1656,0,30,"0:27.640|0.000|50.740;1:28.466|0.000|61.688;2:28.280|0.000|52.481;3:26.944|0.000|51.881;4:27.964|0.000|57.426;5:28.289|0.000|49.490;6:27.973|0.000|55.752;7:29.627|0.000|55.076;8:30.293|0.000|58.215;9:30.437|0.000|60.546;10:27.287|0.000|48.245;11:27.147|0.000|52.855;12:27.943|0.000|54.084;13:28.198|0.000|59.291;14:30.590|0.000|49.823;15:30.908|0.000|79.958;16:30.716|0.000|34.443;17:30.387|0.000|35.547;18:27.924|0.000|33.410;19:29.507|0.000|33.328;20:30.767|0.000|40.743;21:30.861|0.000|42.785;22:29.934|0.000|32.189;23:30.526|0.000|36.894;24:29.730|0.000|39.385;25:28.892|0.000|35.442;26:30.853|0.000|38.143;27:30.382|0.000|50.889;28:30.369|0.000|30.483;29:31.045|0.000|32.183"
74.145,"auto_larger_social_force_B",32.1025,0.0400,27.8345,0.0000,0.2920,20.0660,33.0291,27.7685,1.5858,3.1184,0,30,"0:27.637|0.000|50.799;1:28.468|0.000|61.750;2:28.292|0.000|52.541;3:26.965|0.000|51.928;4:27.962|0.000|57.488;5:28.286|0.000|49.543;6:27.978|0.000|55.815;7:29.623|0.000|55.130;8:30.299|0.000|58.274;9:30.438|0.000|60.602;10:27.289|0.000|48.302;11:27.198|0.000|52.893;12:27.966|0.000|54.137;13:28.202|0.000|59.353;14:30.595|0.000|49.833;15:30.908|0.000|79.958;16:30.713|0.000|34.397;17:30.383|0.000|35.490;18:27.924|0.000|33.354;19:29.502|0.000|33.268;20:30.773|0.000|40.696;21:30.862|0.000|42.722;22:29.939|0.000|32.131;23:30.525|0.000|36.845;24:29.738|0.000|39.329;25:28.899|0.000|35.383;26:30.849|0.000|38.095;27:30.424|0.000|50.890;28:30.365|0.000|30.424;29:31.042|0.000|32.126"
74.245,"auto_larger_social_force_B",32.1025,0.0400,27.8345,0.0000,0.2920,20.0660,33.0291,27.7685,1.5858,3.0788,0,30,"0:27.634|0.000|50.849;1:28.471|0.000|61.801;2:28.305|0.000|52.598;3:26.984|0.000|51.967;4:27.962|0.000|57.539;5:28.285|0.000|49.588;6:27.982|0.000|55.867;7:29.618|0.000|55.179;8:30.304|0.000|58.325;9:30.438|0.000|60.646;10:27.292|0.000|48.350;11:27.240|0.000|52.934;12:27.986|0.000|54.177;13:28.206|0.000|59.403;14:30.599|0.000|49.843;15:30.908|0.000|79.958;16:30.709|0.000|34.360;17:30.381|0.000|35.443;18:27.924|0.000|33.303;19:29.499|0.000|33.219;20:30.776|0.000|40.656;21:30.862|0.000|42.671;22:29.943|0.000|32.081;23:30.527|0.000|36.805;24:29.746|0.000|39.285;25:28.903|0.000|35.332;26:30.847|0.000|38.053;27:30.459|0.000|50.894;28:30.360|0.000|30.373;29:31.040|0.000|32.079"
74.355,"auto_larger_social_force_B",32.1025,0.0400,27.8345,0.0000,0.2920,20.0660,33.0291,27.7685,1.5858,3.0373,0,30,"0:27.633|0.000|50.904;1:28.474|0.000|61.856;2:28.321|0.000|52.663;3:27.006|0.000|52.014;4:27.962|0.000|57.595;5:28.284|0.000|49.641;6:27.989|0.000|55.921;7:29.612|0.000|55.233;8:30.309|0.000|58.381;9:30.435|0.000|60.697;10:27.295|0.000|48.401;11:27.283|0.000|52.988;12:28.007|0.000|54.217;13:28.210|0.000|59.457;14:30.601|0.000|49.852;15:30.908|0.000|79.958;16:30.704|0.000|34.313;17:30.378|0.000|35.392;18:27.922|0.000|33.247;19:29.498|0.000|33.167;20:30.780|0.000|40.609;21:30.862|0.000|42.617;22:29.948|0.000|32.031;23:30.531|0.000|36.754;24:29.756|0.000|39.242;25:28.906|0.000|35.277;26:30.846|0.000|38.010;27:30.499|0.000|50.899;28:30.354|0.000|30.318;29:31.040|0.000|32.033"
74.461,"auto_larger_social_force_B",32.1025,0.0400,27.8345,0.0000,0.2920,20.0660,33.0291,27.7685,1.5858,2.9970,0,30,"0:27.633|0.000|50.960;1:28.477|0.000|61.910;2:28.336|0.000|52.728;3:27.023|0.000|52.056;4:27.960|0.000|57.650;5:28.283|0.000|49.695;6:27.996|0.000|55.973;7:29.606|0.000|55.286;8:30.314|0.000|58.436;9:30.432|0.000|60.749;10:27.299|0.000|48.452;11:27.318|0.000|53.049;12:28.028|0.000|54.260;13:28.215|0.000|59.509;14:30.603|0.000|49.862;15:30.908|0.000|79.958;16:30.699|0.000|34.261;17:30.377|0.000|35.342;18:27.919|0.000|33.191;19:29.498|0.000|33.118;20:30.783|0.000|40.559;21:30.860|0.000|42.565;22:29.954|0.000|31.982;23:30.535|0.000|36.705;24:29.770|0.000|39.199;25:28.910|0.000|35.223;26:30.845|0.000|37.966;27:30.537|0.000|50.904;28:30.349|0.000|30.265;29:31.040|0.000|31.990"
74.561,"auto_larger_social_force_B",32.1025,0.0400,27.8345,0.0000,0.2920,20.0660,33.0291,27.7685,1.5858,2.9609,0,30,"0:27.633|0.000|51.010;1:28.480|0.000|61.958;2:28.348|0.000|52.784;3:27.035|0.000|52.091;4:27.957|0.000|57.696;5:28.282|0.000|49.744;6:28.001|0.000|56.018;7:29.600|0.000|55.335;8:30.319|0.000|58.486;9:30.430|0.000|60.793;10:27.301|0.000|48.498;11:27.333|0.000|53.089;12:28.047|0.000|54.301;13:28.219|0.000|59.556;14:30.603|0.000|49.871;15:30.908|0.000|79.958;16:30.694|0.000|34.213;17:30.375|0.000|35.296;18:27.917|0.000|33.141;19:29.500|0.000|33.074;20:30.787|0.000|40.510;21:30.860|0.000|42.518;22:29.959|0.000|31.943;23:30.537|0.000|36.664;24:29.783|0.000|39.159;25:28.915|0.000|35.176;26:30.844|0.000|37.925;27:30.569|0.000|50.906;28:30.345|0.000|30.217;29:31.043|0.000|31.952"
74.662,"auto_larger_social_force_B",32.1025,0.0400,27.8345,0.0000,0.2920,20.0660,33.0291,27.7685,1.5858,2.9265,0,30,"0:27.632|0.000|51.060;1:28.484|0.000|62.007;2:28.359|0.000|52.838;3:27.046|0.000|52.127;4:27.954|0.000|57.739;5:28.281|0.000|49.791;6:28.005|0.000|56.060;7:29.596|0.000|55.384;8:30.325|0.000|58.535;9:30.430|0.000|60.838;10:27.302|0.000|48.545;11:27.334|0.000|53.113;12:28.059|0.000|54.334;13:28.224|0.000|59.604;14:30.603|0.000|49.880;15:30.908|0.000|79.958;16:30.688|0.000|34.163;17:30.375|0.000|35.250;18:27.916|0.000|33.092;19:29.503|0.000|33.030;20:30.791|0.000|40.460;21:30.859|0.000|42.472;22:29.964|0.000|31.904;23:30.537|0.000|36.623;24:29.796|0.000|39.125;25:28.920|0.000|35.130;26:30.841|0.000|37.883;27:30.609|0.000|50.908;28:30.344|0.000|30.174;29:31.046|0.000|31.914"
74.762,"auto_larger_social_force_B",32.1025,0.0400,27.8345,0.0000,0.2920,20.0660,33.0291,27.7685,1.5858,2.8929,0,30,"0:27.631|0.000|51.107;1:28.487|0.000|62.055;2:28.370|0.000|52.885;3:27.056|0.000|52.166;4:27.949|0.000|57.786;5:28.280|0.000|49.838;6:28.007|0.000|56.098;7:29.594|0.000|55.430;8:30.330|0.000|58.584;9:30.430|0.000|60.885;10:27.303|0.000|48.590;11:27.333|0.000|53.141;12:28.068|0.000|54.365;13:28.228|0.000|59.651;14:30.603|0.000|49.888;15:30.908|0.000|79.958;16:30.681|0.000|34.114;17:30.373|0.000|35.208;18:27.916|0.000|33.044;19:29.505|0.000|32.986;20:30.793|0.000|40.411;21:30.858|0.000|42.428;22:29.967|0.000|31.866;23:30.536|0.000|36.578;24:29.805|0.000|39.093;25:28.926|0.000|35.087;26:30.837|0.000|37.841;27:30.660|0.000|50.908;28:30.345|0.000|30.132;29:31.050|0.000|31.877"
74.868,"auto_larger_social_force_B",32.1025,0.0400,27.8345,0.0000,0.2920,20.0660,33.0291,27.7685,1.5858,2.8558,0,30,"0:27.630|0.000|51.153;1:28.491|0.000|62.105;2:28.383|0.000|52.928;3:27.064|0.000|52.209;4:27.943|0.000|57.834;5:28.278|0.000|49.885;6:28.007|0.000|56.137;7:29.595|0.000|55.478;8:30.335|0.000|58.629;9:30.430|0.000|60.934;10:27.305|0.000|48.636;11:27.333|0.000|53.180;12:28.077|0.000|54.400;13:28.233|0.000|59.699;14:30.602|0.000|49.899;15:30.908|0.000|79.958;16:30.673|0.000|34.065;17:30.371|0.000|35.165;18:27.918|0.000|32.998;19:29.505|0.000|32.949;20:30.795|0.000|40.361;21:30.858|0.000|42.383;22:29.968|0.000|31.820;23:30.537|0.000|36.529;24:29.814|0.000|39.055;25:28.933|0.000|35.045;26:30.833|0.000|37.794;27:30.712|0.000|50.905;28:30.347|0.000|30.087;29:31.053|0.000|31.840"
74.970,"auto_larger_social_force_B",32.1025,0.0400,27.8345,0.0000,0.2920,20.0660,33.0291,27.7685,1.5858,2.8201,0,30,"0:27.628|0.000|51.195;1:28.495|0.000|62.157;2:28.399|0.000|52.966;3:27.074|0.000|52.254;4:27.938|0.000|57.880;5:28.277|0.000|49.930;6:28.005|0.000|56.179;7:29.595|0.000|55.526;8:30.339|0.000|58.673;9:30.431|0.000|60.985;10:27.305|0.000|48.683;11:27.334|0.000|53.224;12:28.084|0.000|54.439;13:28.238|0.000|59.748;14:30.599|0.000|49.911;15:30.908|0.000|79.958;16:30.667|0.000|34.016;17:30.368|0.000|35.121;18:27.919|0.000|32.955;19:29.503|0.000|32.916;20:30.797|0.000|40.312;21:30.859|0.000|42.338;22:29.966|0.000|31.770;23:30.537|0.000|36.478;24:29.825|0.000|39.014;25:28.941|0.000|35.002;26:30.830|0.000|37.745;27:30.762|0.000|50.903;28:30.349|0.000|30.043;29:31.055|0.000|31.801"
75.073,"auto_larger_social_force_B",32.1025,0.0400,27.8345,0.0000,0.2920,20.0660,33.0291,27.7685,1.5858,2.7870,0,30,"0:27.626|0.000|51.243;1:28.500|0.000|62.208;2:28.415|0.000|53.001;3:27.084|0.000|52.306;4:27.935|0.000|57.931;5:28.275|0.000|49.979;6:28.001|0.000|56.224;7:29.597|0.000|55.573;8:30.343|0.000|58.724;9:30.432|0.000|61.041;10:27.307|0.000|48.732;11:27.336|0.000|53.277;12:28.094|0.000|54.487;13:28.244|0.000|59.799;14:30.596|0.000|49.924;15:30.908|0.000|79.958;16:30.663|0.000|33.968;17:30.365|0.000|35.071;18:27.923|0.000|32.907;19:29.499|0.000|32.881;20:30.800|0.000|40.262;21:30.860|0.000|42.292;22:29.964|0.000|31.715;23:30.537|0.000|36.423;24:29.838|0.000|38.967;25:28.949|0.000|34.959;26:30.826|0.000|37.692;27:30.811|0.000|50.910;28:30.350|0.000|30.001;29:31.058|0.000|31.755"
75.179,"auto_larger_social_force_B",32.1025,0.0400,27.8345,0.0000,0.2920,20.0660,33.0291,27.7685,1.5858,2.7569,0,30,"0:27.623|0.000|51.285;1:28.506|0.000|62.256;2:28.432|0.000|53.026;3:27.092|0.000|52.354;4:27.931|0.000|57.983;5:28.274|0.000|50.024;6:27.999|0.000|56.267;7:29.598|0.000|55.611;8:30.345|0.000|58.774;9:30.434|0.000|61.092;10:27.311|0.000|48.773;11:27.339|0.000|53.327;12:28.102|0.000|54.535;13:28.250|0.000|59.845;14:30.592|0.000|49.937;15:30.908|0.000|79.958;16:30.662|0.000|33.925;17:30.362|0.000|35.023;18:27.925|0.000|32.865;19:29.494|0.000|32.842;20:30.805|0.000|40.219;21:30.861|0.000|42.247;22:29.963|0.000|31.665;23:30.536|0.000|36.373;24:29.849|0.000|38.919;25:28.954|0.000|34.920;26:30.821|0.000|37.644;27:30.852|0.000|50.920;28:30.347|0.000|29.960;29:31.060|0.000|31.708"
75.280,"auto_larger_social_force_B",32.1025,0.0400,27.8345,0.0000,0.2920,20.0660,33.0291,27.7685,1.5858,2.7198,0,30,"0:27.622|0.000|51.326;1:28.512|0.000|62.313;2:28.451|0.000|53.053;3:27.101|0.000|52.406;4:27.927|0.000|58.038;5:28.273|0.000|50.073;6:27.997|0.000|56.316;7:29.594|0.000|55.653;8:30.347|0.000|58.831;9:30.436|0.000|61.147;10:27.317|0.000|48.819;11:27.341|0.000|53.381;12:28.111|0.000|54.589;13:28.258|0.000|59.898;14:30.587|0.000|49.952;15:30.908|0.000|79.958;16:30.662|0.000|33.878;17:30.359|0.000|34.970;18:27.926|0.000|32.822;19:29.487|0.000|32.795;20:30.814|0.000|40.175;21:30.861|0.000|42.196;22:29.962|0.000|31.610;23:30.536|0.000|36.320;24:29.860|0.000|38.866;25:28.958|0.000|34.879;26:30.816|0.000|37.593;27:30.894|0.000|50.934;28:30.345|0.000|29.910;29:31.062|0.000|31.653"
75.387,"auto_larger_social_force_B",32.1025,0.0400,27.8345,0.0000,0.2920,20.0660,33.0291,27.7685,1.5858,2.6847,0,30,"0:27.623|0.000|51.364;1:28.518|0.000|62.366;2:28.472|0.000|53.081;3:27.110|0.000|52.453;4:27.924|0.000|58.089;5:28.273|0.000|50.117;6:27.996|0.000|56.362;7:29.590|0.000|55.696;8:30.349|0.000|58.886;9:30.436|0.000|61.197;10:27.324|0.000|48.861;11:27.343|0.000|53.429;12:28.119|0.000|54.639;13:28.265|0.000|59.949;14:30.582|0.000|49.967;15:30.908|0.000|79.958;16:30.663|0.000|33.833;17:30.356|0.000|34.920;18:27.925|0.000|32.784;19:29.481|0.000|32.749;20:30.823|0.000|40.131;21:30.862|0.000|42.147;22:29.962|0.000|31.558;23:30.538|0.000|36.273;24:29.871|0.000|38.818;25:28.962|0.000|34.838;26:30.813|0.000|37.547;27:30.933|0.000|50.949;28:30.344|0.000|29.863;29:31.063|0.000|31.602"
75.496,"auto_larger_social_force_B",32.1025,0.0400,27.8345,0.0000,0.2920,20.0660,33.0291,27.7685,1.5858,2.6460,0,30,"0:27.624|0.000|51.407;1:28.524|0.000|62.423;2:28.495|0.000|53.110;3:27.120|0.000|52.500;4:27.922|0.000|58.146;5:28.275|0.000|50.166;6:27.995|0.000|56.414;7:29.585|0.000|55.747;8:30.350|0.000|58.945;9:30.436|0.000|61.250;10:27.332|0.000|48.909;11:27.345|0.000|53.480;12:28.126|0.000|54.693;13:28.273|0.000|60.005;14:30.576|0.000|49.981;15:30.908|0.000|79.958;16:30.664|0.000|33.791;17:30.351|0.000|34.866;18:27.923|0.000|32.739;19:29.474|0.000|32.695;20:30.833|0.000|40.088;21:30.863|0.000|42.092;22:29.963|0.000|31.503;23:30.540|0.000|36.225;24:29.884|0.000|38.768;25:28.966|0.000|34.788;26:30.813|0.000|37.503;27:30.976|0.000|50.965;28:30.340|0.000|29.808;29:31.062|0.000|31.547"
75.607,"auto_larger_social_force_B",32.1025,0.0400,27.8345,0.0000,0.2920,20.0660,33.0291,27.7685,1.5858,2.6077,0,30,"0:27.627|0.000|51.454;1:28.530|0.000|62.481;2:28.517|0.000|53.139;3:27.132|0.000|52.543;4:27.920|0.000|58.201;5:28.278|0.000|50.214;6:27.995|0.000|56.470;7:29.579|0.000|55.802;8:30.352|0.000|59.003;9:30.435|0.000|61.301;10:27.340|0.000|48.959;11:27.351|0.000|53.529;12:28.136|0.000|54.746;13:28.280|0.000|60.061;14:30.569|0.000|49.995;15:30.908|0.000|79.958;16:30.661|0.000|33.749;17:30.346|0.000|34.812;18:27.921|0.000|32.688;19:29.464|0.000|32.641;20:30.839|0.000|40.049;21:30.865|0.000|42.035;22:29.964|0.000|31.449;23:30.544|0.000|36.180;24:29.899|0.000|38.719;25:28.971|0.000|34.735;26:30.816|0.000|37.459;27:31.018|0.000|50.981;28:30.336|0.000|29.753;29:31.062|0.000|31.492"
75.712,"auto_larger_social_force_B",32.1025,0.0400,27.8345,0.0000,0.2920,20.0660,33.0291,27.7685,1.5858,2.5710,0,30,"0:27.629|0.000|51.506;1:28.534|0.000|62.537;2:28.537|0.000|53.167;3:27.145|0.000|52.582;4:27.918|0.000|58.256;5:28.282|0.000|50.259;6:27.996|0.000|56.524;7:29.571|0.000|55.858;8:30.355|0.000|59.060;9:30.433|0.000|61.352;10:27.348|0.000|49.010;11:27.360|0.000|53.577;12:28.149|0.000|54.796;13:28.286|0.000|60.116;14:30.560|0.000|50.009;15:30.908|0.000|79.958;16:30.657|0.000|33.703;17:30.341|0.000|34.760;18:27.919|0.000|32.633;19:29.454|0.000|32.589;20:30.843|0.000|40.005;21:30.865|0.000|41.980;22:29.966|0.000|31.398;23:30.549|0.000|36.135;24:29.913|0.000|38.675;25:28.975|0.000|34.680;26:30.820|0.000|37.413;27:31.057|0.000|50.995;28:30.332|0.000|29.699;29:31.064|0.000|31.441"
75.821,"auto_larger_social_force_B",32.1025,0.0400,27.8345,0.0000,0.2920,20.0660,33.0291,27.7685,1.5858,2.5351,0,30,"0:27.631|0.000|51.560;1:28.540|0.000|62.592;2:28.555|0.000|53.197;3:27.160|0.000|52.619;4:27.914|0.000|58.310;5:28.286|0.000|50.304;6:27.997|0.000|56.577;7:29.565|0.000|55.913;8:30.358|0.000|59.114;9:30.430|0.000|61.400;10:27.354|0.000|49.060;11:27.370|0.000|53.624;12:28.164|0.000|54.846;13:28.293|0.000|60.169;14:30.550|0.000|50.022;15:30.908|0.000|79.958;16:30.654|0.000|33.654;17:30.338|0.000|34.710;18:27.916|0.000|32.577;19:29.445|0.000|32.537;20:30.849|0.000|39.958;21:30.864|0.000|41.926;22:29.965|0.000|31.349;23:30.555|0.000|36.092;24:29.927|0.000|38.634;25:28.978|0.000|34.625;26:30.826|0.000|37.370;27:31.092|0.000|51.006;28:30.330|0.000|29.647;29:31.069|0.000|31.395"
75.932,"auto_larger_social_force_B",32.1025,0.0400,27.8345,0.0000,0.2920,20.0660,33.0291,27.7685,1.5858,2.4988,0,30,"0:27.634|0.000|51.616;1:28.545|0.000|62.646;2:28.576|0.000|53.232;3:27.180|0.000|52.653;4:27.911|0.000|58.362;5:28.288|0.000|50.352;6:27.995|0.000|56.630;7:29.559|0.000|55.967;8:30.362|0.000|59.169;9:30.429|0.000|61.446;10:27.361|0.000|49.110;11:27.381|0.000|53.667;12:28.179|0.000|54.895;13:28.299|0.000|60.222;14:30.540|0.000|50.035;15:30.908|0.000|79.958;16:30.649|0.000|33.601;17:30.337|0.000|34.663;18:27.911|0.000|32.520;19:29.439|0.000|32.488;20:30.855|0.000|39.907;21:30.863|0.000|41.872;22:29.960|0.000|31.302;23:30.560|0.000|36.052;24:29.942|0.000|38.591;25:28.980|0.000|34.570;26:30.828|0.000|37.329;27:31.123|0.000|51.014;28:30.328|0.000|29.594;29:31.077|0.000|31.348"
76.050,"auto_larger_social_force_B",32.1025,0.0400,27.8345,0.0000,0.2920,20.0660,33.0291,27.7685,1.5858,2.4639,0,30,"0:27.639|0.000|51.671;1:28.550|0.000|62.701;2:28.601|0.000|53.273;3:27.195|0.000|52.688;4:27.906|0.000|58.415;5:28.290|0.000|50.403;6:27.993|0.000|56.682;7:29.555|0.000|56.022;8:30.365|0.000|59.223;9:30.430|0.000|61.493;10:27.367|0.000|49.160;11:27.391|0.000|53.705;12:28.193|0.000|54.935;13:28.306|0.000|60.275;14:30.528|0.000|50.047;15:30.908|0.000|79.958;16:30.644|0.000|33.545;17:30.337|0.000|34.615;18:27.906|0.000|32.464;19:29.437|0.000|32.442;20:30.861|0.000|39.852;21:30.863|0.000|41.819;22:29.952|0.000|31.253;23:30.563|0.000|36.011;24:29.957|0.000|38.552;25:28.983|0.000|34.515;26:30.830|0.000|37.283;27:31.150|0.000|51.020;28:30.328|0.000|29.543;29:31.086|0.000|31.296"
76.168,"auto_larger_social_force_B",32.1025,0.0400,27.8345,0.0000,0.2920,20.0660,33.0291,27.7685,1.5858,2.4273,0,30,"0:27.643|0.000|51.729;1:28.555|0.000|62.759;2:28.627|0.000|53.320;3:27.212|0.000|52.732;4:27.901|0.000|58.472;5:28.292|0.000|50.460;6:27.989|0.000|56.734;7:29.551|0.000|56.078;8:30.369|0.000|59.280;9:30.432|0.000|61.545;10:27.373|0.000|49.213;11:27.397|0.000|53.749;12:28.201|0.000|54.973;13:28.313|0.000|60.332;14:30.515|0.000|50.057;15:30.908|0.000|79.958;16:30.637|0.000|33.487;17:30.338|0.000|34.562;18:27.902|0.000|32.404;19:29.435|0.000|32.391;20:30.865|0.000|39.793;21:30.865|0.000|41.768;22:29.942|0.000|31.202;23:30.566|0.000|35.965;24:29.968|0.000|38.515;25:28.989|0.000|34.460;26:30.834|0.000|37.230;27:31.174|0.000|51.024;28:30.328|0.000|29.490;29:31.092|0.000|31.257"
76.276,"auto_larger_social_force_B",32.1025,0.0400,27.8345,0.0000,0.2920,20.0660,33.0291,27.7685,1.5858,2.3936,0,30,"0:27.644|0.000|51.780;1:28.560|0.000|62.809;2:28.651|0.000|53.365;3:27.231|0.000|52.777;4:27.897|0.000|58.521;5:28.292|0.000|50.513;6:27.985|0.000|56.781;7:29.549|0.000|56.126;8:30.371|0.000|59.332;9:30.434|0.000|61.597;10:27.379|0.000|49.258;11:27.403|0.000|53.796;12:28.208|0.000|55.015;13:28.319|0.000|60.381;14:30.500|0.000|50.068;15:30.908|0.000|79.958;16:30.633|0.000|33.434;17:30.340|0.000|34.514;18:27.901|0.000|32.353;19:29.434|0.000|32.343;20:30.870|0.000|39.739;21:30.870|0.000|41.721;22:29.933|0.000|31.165;23:30.568|0.000|35.918;24:29.978|0.000|38.480;25:28.996|0.000|34.413;26:30.837|0.000|37.178;27:31.196|0.000|51.027;28:30.329|0.000|29.442;29:31.090|0.000|31.225"
76.382,"auto_larger_social_force_B",32.1025,0.0400,27.8345,0.0000,0.2920,20.0660,33.0291,27.7685,1.5858,2.3643,0,30,"0:27.642|0.000|51.827;1:28.564|0.000|62.863;2:28.673|0.000|53.410;3:27.250|0.000|52.826;4:27.895|0.000|58.571;5:28.292|0.000|50.566;6:27.980|0.000|56.828;7:29.547|0.000|56.177;8:30.373|0.000|59.386;9:30.436|0.000|61.653;10:27.385|0.000|49.302;11:27.410|0.000|53.848;12:28.216|0.000|55.063;13:28.324|0.000|60.432;14:30.483|0.000|50.080;15:30.908|0.000|79.958;16:30.630|0.000|33.382;17:30.340|0.000|34.464;18:27.903|0.000|32.305;19:29.433|0.000|32.305;20:30.877|0.000|39.687;21:30.876|0.000|41.671;22:29.930|0.000|31.133;23:30.571|0.000|35.865;24:29.988|0.000|38.441;25:29.005|0.000|34.364;26:30.839|0.000|37.123;27:31.214|0.000|51.027;28:30.328|0.000|29.397;29:31.088|0.000|31.185"
76.491,"auto_larger_social_force_B",32.1025,0.0400,27.8345,0.0000,0.2920,20.0660,33.0291,27.7685,1.5858,2.3377,0,30,"0:27.638|0.000|51.874;1:28.567|0.000|62.919;2:28.697|0.000|53.456;3:27.270|0.000|52.879;4:27.893|0.000|58.622;5:28.293|0.000|50.619;6:27.978|0.000|56.870;7:29.544|0.000|56.229;8:30.375|0.000|59.437;9:30.438|0.000|61.710;10:27.392|0.000|49.349;11:27.415|0.000|53.904;12:28.224|0.000|55.117;13:28.329|0.000|60.486;14:30.460|0.000|50.092;15:30.908|0.000|79.958;16:30.628|0.000|33.333;17:30.340|0.000|34.412;18:27.906|0.000|32.254;19:29.427|0.000|32.266;20:30.884|0.000|39.636;21:30.882|0.000|41.623;22:29.929|0.000|31.092;23:30.573|0.000|35.810;24:29.998|0.000|38.395;25:29.015|0.000|34.315;26:30.840|0.000|37.068;27:31.243|0.000|51.022;28:30.326|0.000|29.354;29:31.086|0.000|31.138"
76.596,"auto_larger_social_force_B",32.1025,0.0400,27.8345,0.0000,0.2920,20.0660,33.0291,27.7685,1.5858,2.3154,0,30,"0:27.633|0.000|51.919;1:28.570|0.000|62.973;2:28.720|0.000|53.494;3:27.289|0.000|52.925;4:27.892|0.000|58.670;5:28.294|0.000|50.665;6:27.977|0.000|56.908;7:29.539|0.000|56.277;8:30.378|0.000|59.482;9:30.441|0.000|61.763;10:27.398|0.000|49.393;11:27.420|0.000|53.955;12:28.231|0.000|55.167;13:28.333|0.000|60.537;14:30.439|0.000|50.105;15:30.908|0.000|79.958;16:30.628|0.000|33.290;17:30.340|0.000|34.363;18:27.909|0.000|32.208;19:29.421|0.000|32.226;20:30.891|0.000|39.592;21:30.886|0.000|41.580;22:29.927|0.000|31.049;23:30.574|0.000|35.759;24:30.009|0.000|38.350;25:29.020|0.000|34.276;26:30.842|0.000|37.020;27:31.266|0.000|51.017;28:30.322|0.000|29.315;29:31.083|0.000|31.091"
76.706,"auto_larger_social_force_B",32.1025,0.0400,27.8345,0.0000,0.2920,20.0660,33.0291,27.7685,1.5858,2.2917,0,30,"0:27.627|0.000|51.960;1:28.572|0.000|63.033;2:28.747|0.000|53.533;3:27.311|0.000|52.972;4:27.891|0.000|58.726;5:28.296|0.000|50.715;6:27.978|0.000|56.949;7:29.533|0.000|56.326;8:30.381|0.000|59.534;9:30.446|0.000|61.818;10:27.405|0.000|49.443;11:27.426|0.000|54.010;12:28.238|0.000|55.222;13:28.337|0.000|60.595;14:30.416|0.000|50.120;15:30.908|0.000|79.958;16:30.628|0.000|33.242;17:30.340|0.000|34.308;18:27.910|0.000|32.167;19:29.415|0.000|32.180;20:30.900|0.000|39.546;21:30.888|0.000|41.531;22:29.925|0.000|30.998;23:30.573|0.000|35.705;24:30.021|0.000|38.298;25:29.023|0.000|34.232;26:30.846|0.000|36.969;27:31.285|0.000|51.010;28:30.316|0.000|29.270;29:31.079|0.000|31.037"
76.825,"auto_larger_social_force_B",32.1025,0.0400,27.8345,0.0000,0.2920,20.0660,33.0291,27.7685,1.5858,2.2635,0,30,"0:27.625|0.000|52.004;1:28.575|0.000|63.098;2:28.777|0.000|53.577;3:27.336|0.000|53.018;4:27.889|0.000|58.787;5:28.299|0.000|50.764;6:27.979|0.000|56.999;7:29.524|0.000|56.382;8:30.385|0.000|59.592;9:30.449|0.000|61.878;10:27.411|0.000|49.499;11:27.433|0.000|54.068;12:28.246|0.000|55.281;13:28.342|0.000|60.658;14:30.387|0.000|50.139;15:30.908|0.000|79.958;16:30.628|0.000|33.194;17:30.338|0.000|34.249;18:27.908|0.000|32.119;19:29.407|0.000|32.126;20:30.910|0.000|39.495;21:30.892|0.000|41.474;22:29.925|0.000|30.938;23:30.574|0.000|35.647;24:30.031|0.000|38.240;25:29.028|0.000|34.178;26:30.851|0.000|36.915;27:31.299|0.000|51.003;28:30.309|0.000|29.215;29:31.073|0.000|30.977"
76.925,"auto_larger_social_force_B",32.1025,0.0400,27.8345,0.0000,0.2920,20.0660,33.0291,27.7685,1.5858,2.2389,0,30,"0:27.624|0.000|52.046;1:28.577|0.000|63.150;2:28.801|0.000|53.608;3:27.357|0.000|53.053;4:27.888|0.000|58.840;5:28.302|0.000|50.804;6:27.980|0.000|57.047;7:29.516|0.000|56.431;8:30.388|0.000|59.643;9:30.450|0.000|61.926;10:27.417|0.000|49.547;11:27.440|0.000|54.116;12:28.255|0.000|55.331;13:28.345|0.000|60.709;14:30.359|0.000|50.153;15:30.907|0.000|79.959;16:30.626|0.000|33.156;17:30.336|0.000|34.199;18:27.906|0.000|32.073;19:29.400|0.000|32.078;20:30.915|0.000|39.457;21:30.895|0.000|41.425;22:29.925|0.000|30.887;23:30.577|0.000|35.602;24:30.039|0.000|38.191;25:29.033|0.000|34.129;26:30.856|0.000|36.873;27:31.304|0.000|51.000;28:30.303|0.000|29.166;29:31.069|0.000|30.926"
77.034,"auto_larger_social_force_B",32.1025,0.0400,27.8345,0.0000,0.2920,20.0660,33.0291,27.7685,1.5858,2.2130,0,30,"0:27.621|0.000|52.095;1:28.580|0.000|63.206;2:28.818|0.000|53.630;3:27.380|0.000|53.085;4:27.888|0.000|58.896;5:28.305|0.000|50.850;6:27.980|0.000|57.102;7:29.508|0.000|56.486;8:30.391|0.000|59.700;9:30.448|0.000|61.974;10:27.422|0.000|49.597;11:27.448|0.000|54.163;12:28.265|0.000|55.384;13:28.350|0.000|60.764;14:30.327|0.000|50.169;15:30.907|0.000|79.959;16:30.622|0.000|33.117;17:30.335|0.000|34.146;18:27.904|0.000|32.021;19:29.390|0.000|32.027;20:30.918|0.000|39.418;21:30.897|0.000|41.370;22:29.924|0.000|30.832;23:30.582|0.000|35.558;24:30.050|0.000|38.140;25:29.037|0.000|34.075;26:30.862|0.000|36.830;27:31.305|0.000|51.000;28:30.295|0.000|29.111;29:31.067|0.000|30.870"
77.138,"auto_larger_social_force_B",32.1025,0.0400,27.8345,0.0000,0.2920,20.0660,33.0291,27.7685,1.5858,2.1909,0,30,"0:27.619|0.000|52.143;1:28.583|0.000|63.255;2:28.833|0.000|53.658;3:27.407|0.000|53.116;4:27.888|0.000|58.947;5:28.309|0.000|50.894;6:27.983|0.000|57.153;7:29.499|0.000|56.536;8:30.394|0.000|59.752;9:30.446|0.000|62.020;10:27.427|0.000|49.644;11:27.454|0.000|54.197;12:28.275|0.000|55.428;13:28.354|0.000|60.813;14:30.296|0.000|50.187;15:30.906|0.000|79.960;16:30.618|0.000|33.077;17:30.335|0.000|34.098;18:27.901|0.000|31.970;19:29.383|0.000|31.980;20:30.919|0.000|39.381;21:30.898|0.000|41.320;22:29.922|0.000|30.783;23:30.589|0.000|35.514;24:30.061|0.000|38.097;25:29.040|0.000|34.025;26:30.869|0.000|36.789;27:31.305|0.000|51.000;28:30.287|0.000|29.061;29:31.065|0.000|30.821"
77.249,"auto_larger_social_force_B",32.1025,0.0400,27.8345,0.0000,0.2920,20.0660,33.0291,27.7685,1.5858,2.1678,0,30,"0:27.619|0.000|52.198;1:28.587|0.000|63.308;2:28.849|0.000|53.690;3:27.442|0.000|53.160;4:27.887|0.000|59.001;5:28.311|0.000|50.942;6:27.986|0.000|57.207;7:29.490|0.000|56.590;8:30.399|0.000|59.808;9:30.442|0.000|62.071;10:27.433|0.000|49.694;11:27.463|0.000|54.239;12:28.285|0.000|55.474;13:28.358|0.000|60.864;14:30.260|0.000|50.211;15:30.905|0.000|79.961;16:30.612|0.000|33.030;17:30.336|0.000|34.049;18:27.897|0.000|31.914;19:29.377|0.000|31.930;20:30.921|0.000|39.336;21:30.900|0.000|41.267;22:29.918|0.000|30.732;23:30.597|0.000|35.467;24:30.075|0.000|38.055;25:29.044|0.000|33.971;26:30.875|0.000|36.750;27:31.305|0.000|50.999;28:30.278|0.000|29.006;29:31.063|0.000|30.769"
77.358,"auto_larger_social_force_B",32.1025,0.0400,27.8345,0.0000,0.2920,20.0660,33.0291,27.7685,1.5858,2.1443,0,30,"0:27.620|0.000|52.254;1:28.590|0.000|63.363;2:28.866|0.000|53.727;3:27.466|0.000|53.200;4:27.884|0.000|59.053;5:28.313|0.000|50.991;6:27.990|0.000|57.261;7:29.481|0.000|56.645;8:30.404|0.000|59.864;9:30.439|0.000|62.119;10:27.438|0.000|49.744;11:27.474|0.000|54.285;12:28.298|0.000|55.529;13:28.363|0.000|60.917;14:30.221|0.000|50.238;15:30.904|0.000|79.961;16:30.606|0.000|32.977;17:30.338|0.000|34.000;18:27.893|0.000|31.858;19:29.371|0.000|31.881;20:30.922|0.000|39.286;21:30.903|0.000|41.214;22:29.914|0.000|30.686;23:30.604|0.000|35.429;24:30.091|0.000|38.010;25:29.048|0.000|33.918;26:30.878|0.000|36.713;27:31.303|0.000|50.993;28:30.271|0.000|28.950;29:31.062|0.000|30.715"
77.465,"auto_larger_social_force_B",32.1025,0.0400,27.8345,0.0000,0.2920,20.0660,33.0291,27.7685,1.5858,2.1217,0,30,"0:27.618|0.000|52.310;1:28.594|0.000|63.417;2:28.885|0.000|53.771;3:27.471|0.000|53.222;4:27.880|0.000|59.103;5:28.313|0.000|51.041;6:27.991|0.000|57.313;7:29.472|0.000|56.699;8:30.408|0.000|59.919;9:30.440|0.000|62.165;10:27.443|0.000|49.793;11:27.484|0.000|54.329;12:28.306|0.000|55.580;13:28.368|0.000|60.969;14:30.182|0.000|50.265;15:30.903|0.000|79.962;16:30.599|0.000|32.922;17:30.341|0.000|33.952;18:27.891|0.000|31.803;19:29.366|0.000|31.835;20:30.924|0.000|39.233;21:30.906|0.000|41.162;22:29.907|0.000|30.643;23:30.606|0.000|35.389;24:30.107|0.000|37.967;25:29.054|0.000|33.866;26:30.880|0.000|36.675;27:31.297|0.000|50.981;28:30.266|0.000|28.898;29:31.061|0.000|30.664"
77.586,"auto_larger_social_force_B",32.1025,0.0400,27.8345,0.0000,0.2920,20.0660,33.0291,27.7685,1.5858,2.0973,0,30,"0:27.614|0.000|52.372;1:28.599|0.000|63.476;2:28.906|0.000|53.824;3:27.465|0.000|53.249;4:27.874|0.000|59.161;5:28.314|0.000|51.096;6:27.989|0.000|57.364;7:29.466|0.000|56.757;8:30.411|0.000|59.977;9:30.440|0.000|62.222;10:27.449|0.000|49.846;11:27.493|0.000|54.376;12:28.304|0.000|55.628;13:28.374|0.000|61.026;14:30.139|0.000|50.294;15:30.902|0.000|79.963;16:30.589|0.000|32.862;17:30.344|0.000|33.903;18:27.889|0.000|31.744;19:29.363|0.000|31.786;20:30.925|0.000|39.174;21:30.911|0.000|41.107;22:29.899|0.000|30.592;23:30.610|0.000|35.339;24:30.120|0.000|37.934;25:29.060|0.000|33.812;26:30.882|0.000|36.628;27:31.286|0.000|50.970;28:30.263|0.000|28.841;29:31.056|0.000|30.613"
77.695,"auto_larger_social_force_B",32.1025,0.0400,27.8345,0.0000,0.2920,20.0660,33.0291,27.7685,1.5858,2.0758,0,30,"0:27.609|0.000|52.433;1:28.603|0.000|63.532;2:28.926|0.000|53.876;3:27.456|0.000|53.279;4:27.868|0.000|59.213;5:28.314|0.000|51.148;6:27.984|0.000|57.413;7:29.462|0.000|56.811;8:30.413|0.000|60.025;9:30.440|0.000|62.276;10:27.456|0.000|49.894;11:27.501|0.000|54.423;12:28.299|0.000|55.672;13:28.380|0.000|61.080;14:30.103|0.000|50.320;15:30.901|0.000|79.964;16:30.580|0.000|32.808;17:30.346|0.000|33.859;18:27.889|0.000|31.693;19:29.360|0.000|31.741;20:30.925|0.000|39.120;21:30.917|0.000|41.056;22:29.894|0.000|30.546;23:30.614|0.000|35.290;24:30.129|0.000|37.897;25:29.067|0.000|33.766;26:30.884|0.000|36.579;27:31.278|0.000|50.950;28:30.259|0.000|28.788;29:31.049|0.000|30.569"
77.798,"auto_larger_social_force_B",32.1025,0.0400,27.8345,0.0000,0.2920,20.0660,33.0291,27.7685,1.5858,2.0578,0,30,"0:27.602|0.000|52.496;1:28.608|0.000|63.581;2:28.945|0.000|53.922;3:27.450|0.000|53.317;4:27.864|0.000|59.261;5:28.313|0.000|51.196;6:27.980|0.000|57.458;7:29.459|0.000|56.859;8:30.412|0.000|60.071;9:30.441|0.000|62.328;10:27.464|0.000|49.938;11:27.508|0.000|54.469;12:28.295|0.000|55.723;13:28.386|0.000|61.129;14:30.072|0.000|50.342;15:30.900|0.000|79.964;16:30.573|0.000|32.760;17:30.348|0.000|33.818;18:27.889|0.000|31.647;19:29.357|0.000|31.703;20:30.924|0.000|39.071;21:30.921|0.000|41.011;22:29.890|0.000|30.508;23:30.617|0.000|35.241;24:30.139|0.000|37.859;25:29.073|0.000|33.722;26:30.885|0.000|36.531;27:31.265|0.000|50.918;28:30.255|0.000|28.741;29:31.042|0.000|30.526"
77.905,"auto_larger_social_force_B",32.1025,0.0400,27.8345,0.0000,0.2920,20.0660,33.0291,27.7685,1.5858,2.0408,0,30,"0:27.592|0.000|52.573;1:28.614|0.000|63.632;2:28.967|0.000|53.972;3:27.449|0.000|53.367;4:27.862|0.000|59.313;5:28.312|0.000|51.247;6:27.975|0.000|57.502;7:29.457|0.000|56.908;8:30.411|0.000|60.124;9:30.443|0.000|62.384;10:27.473|0.000|49.986;11:27.516|0.000|54.522;12:28.293|0.000|55.786;13:28.393|0.000|61.178;14:30.041|0.000|50.366;15:30.898|0.000|79.964;16:30.568|0.000|32.709;17:30.350|0.000|33.771;18:27.890|0.000|31.595;19:29.352|0.000|31.665;20:30.925|0.000|39.019;21:30.924|0.000|40.966;22:29.888|0.000|30.464;23:30.619|0.000|35.187;24:30.151|0.000|37.814;25:29.080|0.000|33.678;26:30.886|0.000|36.476;27:31.245|0.000|50.873;28:30.249|0.000|28.689;29:31.034|0.000|30.475"
78.014,"auto_larger_social_force_B",32.1025,0.0400,27.8345,0.0000,0.2920,20.0660,33.0291,27.7685,1.5858,2.0254,0,30,"0:27.589|0.000|52.592;1:28.620|0.000|63.688;2:28.989|0.000|54.021;3:27.453|0.000|53.423;4:27.859|0.000|59.368;5:28.311|0.000|51.300;6:27.974|0.000|57.543;7:29.455|0.000|56.957;8:30.409|0.000|60.176;9:30.445|0.000|62.440;10:27.482|0.000|50.030;11:27.524|0.000|54.576;12:28.293|0.000|55.845;13:28.400|0.000|61.231;14:30.011|0.000|50.391;15:30.897|0.000|79.965;16:30.566|0.000|32.663;17:30.352|0.000|33.720;18:27.890|0.000|31.548;19:29.345|0.000|31.626;20:30.929|0.000|38.971;21:30.925|0.000|40.921;22:29.887|0.000|30.417;23:30.621|0.000|35.133;24:30.163|0.000|37.765;25:29.084|0.000|33.636;26:30.885|0.000|36.422;27:31.224|0.000|50.827;28:30.243|0.000|28.637;29:31.026|0.000|30.419"
78.125,"auto_larger_social_force_B",32.1025,0.0400,27.8345,0.0000,0.2920,20.0660,33.0291,27.7685,1.5858,2.0110,0,30,"0:27.611|0.000|52.630;1:28.627|0.000|63.747;2:29.010|0.000|54.064;3:27.458|0.000|53.478;4:27.856|0.000|59.424;5:28.312|0.000|51.354;6:27.974|0.000|57.590;7:29.450|0.000|57.007;8:30.410|0.000|60.229;9:30.446|0.000|62.495;10:27.492|0.000|50.075;11:27.531|0.000|54.630;12:28.295|0.000|55.901;13:28.409|0.000|61.287;14:29.981|0.000|50.416;15:30.896|0.000|79.965;16:30.566|0.000|32.614;17:30.354|0.000|33.666;18:27.887|0.000|31.503;19:29.338|0.000|31.583;20:30.934|0.000|38.924;21:30.924|0.000|40.873;22:29.886|0.000|30.365;23:30.625|0.000|35.079;24:30.174|0.000|37.712;25:29.087|0.000|33.592;26:30.883|0.000|36.368;27:31.204|0.000|50.781;28:30.236|0.000|28.583;29:31.018|0.000|30.362"
78.233,"auto_larger_social_force_B",32.1025,0.0400,27.8345,0.0000,0.2920,20.0660,33.0291,27.7685,1.5858,1.9982,0,30,"0:27.656|0.000|52.688;1:28.633|0.000|63.804;2:29.031|0.000|54.105;3:27.463|0.000|53.531;4:27.854|0.000|59.481;5:28.314|0.000|51.408;6:27.974|0.000|57.639;7:29.444|0.000|57.062;8:30.411|0.000|60.284;9:30.446|0.000|62.549;10:27.499|0.000|50.118;11:27.536|0.000|54.683;12:28.296|0.000|55.953;13:28.416|0.000|61.343;14:29.957|0.000|50.440;15:30.894|0.000|79.965;16:30.566|0.000|32.565;17:30.357|0.000|33.610;18:27.882|0.000|31.461;19:29.329|0.000|31.535;20:30.941|0.000|38.874;21:30.924|0.000|40.822;22:29.884|0.000|30.310;23:30.630|0.000|35.028;24:30.185|0.000|37.659;25:29.090|0.000|33.545;26:30.883|0.000|36.316;27:31.184|0.000|50.736;28:30.229|0.000|28.530;29:31.008|0.000|30.306"
78.342,"auto_larger_social_force_B",32.1025,0.0400,27.8345,0.0000,0.2920,20.0660,33.0291,27.7685,1.5858,1.9875,0,30,"0:27.687|0.000|52.719;1:28.639|0.000|63.862;2:29.053|0.000|54.151;3:27.468|0.000|53.584;4:27.852|0.000|59.537;5:28.316|0.000|51.464;6:27.973|0.000|57.693;7:29.437|0.000|57.119;8:30.411|0.000|60.340;9:30.445|0.000|62.601;10:27.503|0.000|50.163;11:27.543|0.000|54.735;12:28.296|0.000|56.004;13:28.424|0.000|61.399;14:29.932|0.000|50.465;15:30.892|0.000|79.966;16:30.565|0.000|32.523;17:30.357|0.000|33.555;18:27.876|0.000|31.412;19:29.320|0.000|31.484;20:30.946|0.000|38.827;21:30.924|0.000|40.768;22:29.884|0.000|30.256;23:30.636|0.000|34.978;24:30.198|0.000|37.607;25:29.094|0.000|33.492;26:30.887|0.000|36.269;27:31.164|0.000|50.691;28:30.221|0.000|28.475;29:30.998|0.000|30.251"
78.452,"auto_larger_social_force_B",32.1025,0.0400,27.8345,0.0000,0.2920,20.0660,33.0291,27.7685,1.5858,1.9789,0,30,"0:27.715|0.000|52.738;1:28.643|0.000|63.918;2:29.069|0.000|54.192;3:27.472|0.000|53.638;4:27.850|0.000|59.592;5:28.319|0.000|51.516;6:27.974|0.000|57.748;7:29.429|0.000|57.176;8:30.413|0.000|60.397;9:30.444|0.000|62.650;10:27.507|0.000|50.210;11:27.555|0.000|54.784;12:28.295|0.000|56.054;13:28.430|0.000|61.454;14:29.910|0.000|50.490;15:30.890|0.000|79.966;16:30.559|0.000|32.481;17:30.356|0.000|33.502;18:27.869|0.000|31.361;19:29.310|0.000|31.432;20:30.948|0.000|38.785;21:30.925|0.000|40.712;22:29.883|0.000|30.203;23:30.640|0.000|34.936;24:30.211|0.000|37.557;25:29.097|0.000|33.438;26:30.894|0.000|36.224;27:31.142|0.000|50.650;28:30.213|0.000|28.423;29:30.989|0.000|30.200"
78.553,"auto_larger_social_force_B",32.1025,0.0400,27.8345,0.0000,0.2920,20.0660,33.0291,27.7685,1.5858,1.9719,0,30,"0:27.740|0.000|52.752;1:28.648|0.000|63.969;2:29.080|0.000|54.224;3:27.475|0.000|53.691;4:27.848|0.000|59.642;5:28.320|0.000|51.559;6:27.976|0.000|57.798;7:29.421|0.000|57.228;8:30.415|0.000|60.449;9:30.442|0.000|62.697;10:27.510|0.000|50.257;11:27.568|0.000|54.828;12:28.292|0.000|56.100;13:28.436|0.000|61.504;14:29.892|0.000|50.512;15:30.887|0.000|79.967;16:30.554|0.000|32.437;17:30.357|0.000|33.454;18:27.861|0.000|31.311;19:29.299|0.000|31.384;20:30.949|0.000|38.743;21:30.924|0.000|40.661;22:29.883|0.000|30.156;23:30.646|0.000|34.894;24:30.224|0.000|37.514;25:29.099|0.000|33.386;26:30.900|0.000|36.180;27:31.121|0.000|50.613;28:30.206|0.000|28.375;29:30.983|0.000|30.158"
78.661,"auto_larger_social_force_B",32.1025,0.0400,27.8345,0.0000,0.2920,20.0660,33.0291,27.7685,1.5858,1.9650,0,30,"0:27.772|0.000|52.769;1:28.654|0.000|64.023;2:29.089|0.000|54.262;3:27.479|0.000|53.747;4:27.845|0.000|59.694;5:28.319|0.000|51.607;6:27.977|0.000|57.852;7:29.413|0.000|57.284;8:30.417|0.000|60.504;9:30.440|0.000|62.743;10:27.515|0.000|50.307;11:27.583|0.000|54.879;12:28.287|0.000|56.152;13:28.443|0.000|61.557;14:29.871|0.000|50.542;15:30.885|0.000|79.968;16:30.549|0.000|32.387;17:30.360|0.000|33.407;18:27.853|0.000|31.255;19:29.288|0.000|31.334;20:30.950|0.000|38.695;21:30.922|0.000|40.607;22:29.881|0.000|30.108;23:30.654|0.000|34.851;24:30.237|0.000|37.470;25:29.101|0.000|33.331;26:30.908|0.000|36.138;27:31.094|0.000|50.575;28:30.199|0.000|28.322;29:30.981|0.000|30.118"
78.772,"auto_larger_social_force_B",32.1025,0.0400,27.8345,0.0000,0.2920,20.0660,33.0291,27.7685,1.5858,1.9591,0,30,"0:27.809|0.000|52.790;1:28.659|0.000|64.078;2:29.099|0.000|54.305;3:27.486|0.000|53.800;4:27.841|0.000|59.747;5:28.318|0.000|51.660;6:27.976|0.000|57.905;7:29.407|0.000|57.340;8:30.419|0.000|60.559;9:30.439|0.000|62.789;10:27.522|0.000|50.358;11:27.597|0.000|54.920;12:28.283|0.000|56.199;13:28.449|0.000|61.610;14:29.846|0.000|50.578;15:30.882|0.000|79.969;16:30.542|0.000|32.333;17:30.366|0.000|33.365;18:27.843|0.000|31.198;19:29.277|0.000|31.283;20:30.952|0.000|38.644;21:30.921|0.000|40.552;22:29.875|0.000|30.064;23:30.659|0.000|34.812;24:30.251|0.000|37.425;25:29.102|0.000|33.277;26:30.911|0.000|36.103;27:31.067|0.000|50.535;28:30.192|0.000|28.269;29:30.980|0.000|30.076"
78.880,"auto_larger_social_force_B",32.1025,0.0400,27.8345,0.0000,0.2920,20.0660,33.0291,27.7685,1.5858,1.9553,0,30,"0:27.848|0.000|52.810;1:28.663|0.000|64.129;2:29.108|0.000|54.351;3:27.496|0.000|53.854;4:27.837|0.000|59.797;5:28.317|0.000|51.709;6:27.975|0.000|57.951;7:29.401|0.000|57.390;8:30.420|0.000|60.609;9:30.441|0.000|62.830;10:27.528|0.000|50.402;11:27.604|0.000|54.947;12:28.282|0.000|56.241;13:28.455|0.000|61.659;14:29.823|0.000|50.616;15:30.879|0.000|79.970;16:30.535|0.000|32.282;17:30.373|0.000|33.326;18:27.834|0.000|31.145;19:29.270|0.000|31.239;20:30.952|0.000|38.596;21:30.922|0.000|40.503;22:29.866|0.000|30.024;23:30.661|0.000|34.777;24:30.265|0.000|37.385;25:29.103|0.000|33.227;26:30.911|0.000|36.066;27:31.047|0.000|50.510;28:30.186|0.000|28.221;29:30.983|0.000|30.033"
78.980,"auto_larger_social_force_B",32.1025,0.0400,27.8345,0.0000,0.2920,20.0660,33.0291,27.7685,1.5858,1.9519,0,30,"0:27.890|0.000|52.831;1:28.668|0.000|64.178;2:29.118|0.000|54.403;3:27.508|0.000|53.916;4:27.834|0.000|59.846;5:28.316|0.000|51.760;6:27.972|0.000|57.999;7:29.397|0.000|57.439;8:30.421|0.000|60.660;9:30.442|0.000|62.877;10:27.535|0.000|50.448;11:27.606|0.000|54.979;12:28.280|0.000|56.287;13:28.461|0.000|61.708;14:29.800|0.000|50.659;15:30.876|0.000|79.971;16:30.527|0.000|32.230;17:30.382|0.000|33.284;18:27.826|0.000|31.089;19:29.266|0.000|31.196;20:30.952|0.000|38.545;21:30.924|0.000|40.456;22:29.855|0.000|29.981;23:30.664|0.000|34.737;24:30.274|0.000|37.349;25:29.108|0.000|33.181;26:30.913|0.000|36.023;27:31.033|0.000|50.487;28:30.179|0.000|28.168;29:30.987|0.000|29.991"
79.091,"auto_larger_social_force_B",32.1025,0.0400,27.8345,0.0000,0.2920,20.0660,33.0291,27.7685,1.5858,1.9508,0,30,"0:27.936|0.000|52.855;1:28.672|0.000|64.231;2:29.127|0.000|54.458;3:27.521|0.000|53.980;4:27.831|0.000|59.895;5:28.315|0.000|51.812;6:27.968|0.000|58.046;7:29.394|0.000|57.486;8:30.420|0.000|60.711;9:30.445|0.000|62.929;10:27.540|0.000|50.493;11:27.608|0.000|55.020;12:28.281|0.000|56.335;13:28.467|0.000|61.758;14:29.777|0.000|50.704;15:30.873|0.000|79.973;16:30.521|0.000|32.177;17:30.393|0.000|33.247;18:27.820|0.000|31.033;19:29.263|0.000|31.151;20:30.951|0.000|38.494;21:30.928|0.000|40.405;22:29.843|0.000|29.947;23:30.665|0.000|34.692;24:30.280|0.000|37.314;25:29.114|0.000|33.134;26:30.916|0.000|35.975;27:31.019|0.000|50.457;28:30.172|0.000|28.118;29:30.986|0.000|29.950"
79.201,"auto_larger_social_force_B",32.1025,0.0400,27.8345,0.0000,0.2920,20.0660,33.0291,27.7685,1.5858,1.9526,0,30,"0:27.983|0.000|52.882;1:28.675|0.000|64.286;2:29.136|0.000|54.513;3:27.534|0.000|54.045;4:27.831|0.000|59.945;5:28.314|0.000|51.864;6:27.964|0.000|58.093;7:29.391|0.000|57.538;8:30.419|0.000|60.763;9:30.447|0.000|62.985;10:27.544|0.000|50.533;11:27.611|0.000|55.068;12:28.281|0.000|56.386;13:28.472|0.000|61.810;14:29.753|0.000|50.751;15:30.870|0.000|79.974;16:30.516|0.000|32.125;17:30.400|0.000|33.209;18:27.814|0.000|30.979;19:29.260|0.000|31.103;20:30.952|0.000|38.444;21:30.932|0.000|40.353;22:29.836|0.000|29.919;23:30.668|0.000|34.641;24:30.286|0.000|37.276;25:29.122|0.000|33.085;26:30.916|0.000|35.924;27:31.004|0.000|50.423;28:30.164|0.000|28.069;29:30.985|0.000|29.904"
79.309,"auto_larger_social_force_B",32.1025,0.0400,27.8345,0.0000,0.2920,20.0660,33.0291,27.7685,1.5858,1.9563,0,30,"0:28.031|0.000|52.915;1:28.678|0.000|64.337;2:29.143|0.000|54.564;3:27.543|0.000|54.103;4:27.830|0.000|59.992;5:28.314|0.000|51.910;6:27.963|0.000|58.131;7:29.387|0.000|57.585;8:30.418|0.000|60.807;9:30.449|0.000|63.036;10:27.546|0.000|50.571;11:27.612|0.000|55.115;12:28.281|0.000|56.435;13:28.476|0.000|61.860;14:29.731|0.000|50.792;15:30.867|0.000|79.976;16:30.512|0.000|32.080;17:30.407|0.000|33.171;18:27.810|0.000|30.929;19:29.258|0.000|31.067;20:30.954|0.000|38.398;21:30.935|0.000|40.307;22:29.831|0.000|29.887;23:30.670|0.000|34.592;24:30.291|0.000|37.237;25:29.130|0.000|33.042;26:30.916|0.000|35.876;27:30.990|0.000|50.387;28:30.155|0.000|28.022;29:30.984|0.000|29.859"
79.421,"auto_larger_social_force_B",32.1025,0.0400,27.8345,0.0000,0.2920,20.0660,33.0291,27.7685,1.5858,1.9625,0,30,"0:28.093|0.000|52.969;1:28.681|0.000|64.400;2:29.153|0.000|54.621;3:27.553|0.000|54.164;4:27.829|0.000|60.049;5:28.314|0.000|51.962;6:27.962|0.000|58.172;7:29.382|0.000|57.639;8:30.418|0.000|60.856;9:30.454|0.000|63.096;10:27.546|0.000|50.617;11:27.614|0.000|55.171;12:28.281|0.000|56.493;13:28.481|0.000|61.920;14:29.705|0.000|50.836;15:30.864|0.000|79.978;16:30.509|0.000|32.031;17:30.417|0.000|33.125;18:27.803|0.000|30.871;19:29.252|0.000|31.028;20:30.956|0.000|38.347;21:30.937|0.000|40.255;22:29.826|0.000|29.846;23:30.670|0.000|34.535;24:30.297|0.000|37.185;25:29.136|0.000|32.998;26:30.916|0.000|35.821;27:30.973|0.000|50.339;28:30.145|0.000|27.968;29:30.983|0.000|29.804"
79.522,"auto_larger_social_force_B",32.1025,0.0400,27.8345,0.0000,0.2920,20.0660,33.0291,27.7685,1.5858,1.9689,0,30,"0:28.140|0.000|53.029;1:28.683|0.000|64.455;2:29.165|0.000|54.667;3:27.562|0.000|54.212;4:27.828|0.000|60.099;5:28.314|0.000|52.006;6:27.964|0.000|58.209;7:29.376|0.000|57.686;8:30.420|0.000|60.899;9:30.458|0.000|63.146;10:27.544|0.000|50.658;11:27.616|0.000|55.221;12:28.283|0.000|56.543;13:28.485|0.000|61.973;14:29.680|0.000|50.874;15:30.861|0.000|79.979;16:30.507|0.000|31.987;17:30.427|0.000|33.083;18:27.797|0.000|30.823;19:29.246|0.000|30.991;20:30.958|0.000|38.304;21:30.938|0.000|40.209;22:29.821|0.000|29.804;23:30.670|0.000|34.486;24:30.303|0.000|37.138;25:29.139|0.000|32.957;26:30.918|0.000|35.775;27:30.958|0.000|50.294;28:30.135|0.000|27.920;29:30.980|0.000|29.754"
79.627,"auto_larger_social_force_B",32.1025,0.0400,27.8345,0.0000,0.2920,20.0660,33.0291,27.7685,1.5858,1.9763,0,30,"0:28.165|0.000|53.075;1:28.685|0.000|64.506;2:29.179|0.000|54.712;3:27.571|0.000|54.254;4:27.827|0.000|60.150;5:28.314|0.000|52.048;6:27.964|0.000|58.250;7:29.369|0.000|57.734;8:30.422|0.000|60.943;9:30.462|0.000|63.194;10:27.543|0.000|50.700;11:27.619|0.000|55.270;12:28.285|0.000|56.592;13:28.488|0.000|62.023;14:29.657|0.000|50.913;15:30.858|0.000|79.981;16:30.505|0.000|31.946;17:30.436|0.000|33.038;18:27.789|0.000|30.775;19:29.240|0.000|30.951;20:30.961|0.000|38.261;21:30.939|0.000|40.162;22:29.817|0.000|29.759;23:30.670|0.000|34.439;24:30.308|0.000|37.089;25:29.144|0.000|32.912;26:30.920|0.000|35.730;27:30.943|0.000|50.249;28:30.127|0.000|27.873;29:30.977|0.000|29.705"
79.730,"auto_larger_social_force_B",32.1025,0.0400,27.8345,0.0000,0.2920,20.0660,33.0291,27.7685,1.5858,1.9843,0,30,"0:28.168|0.000|53.103;1:28.688|0.000|64.556;2:29.192|0.000|54.758;3:27.581|0.000|54.291;4:27.827|0.000|60.200;5:28.313|0.000|52.085;6:27.966|0.000|58.295;7:29.362|0.000|57.782;8:30.424|0.000|60.991;9:30.463|0.000|63.241;10:27.543|0.000|50.743;11:27.623|0.000|55.319;12:28.287|0.000|56.639;13:28.492|0.000|62.072;14:29.641|0.000|50.937;15:30.855|0.000|79.983;16:30.502|0.000|31.909;17:30.445|0.000|32.993;18:27.781|0.000|30.727;19:29.232|0.000|30.910;20:30.963|0.000|38.221;21:30.939|0.000|40.114;22:29.813|0.000|29.712;23:30.671|0.000|34.394;24:30.311|0.000|37.040;25:29.149|0.000|32.865;26:30.923|0.000|35.688;27:30.927|0.000|50.204;28:30.118|0.000|27.825;29:30.974|0.000|29.656"
79.835,"auto_larger_social_force_B",32.1025,0.0400,27.8345,0.0000,0.2920,20.0660,33.0291,27.7685,1.5858,1.9957,0,30,"0:28.161|0.000|53.130;1:28.691|0.000|64.611;2:29.207|0.000|54.801;3:27.592|0.000|54.323;4:27.828|0.000|60.256;5:28.311|0.000|52.129;6:27.967|0.000|58.349;7:29.354|0.000|57.838;8:30.426|0.000|61.047;9:30.462|0.000|63.288;10:27.543|0.000|50.795;11:27.628|0.000|55.372;12:28.286|0.000|56.690;13:28.496|0.000|62.126;14:29.629|0.000|50.965;15:30.851|0.000|79.985;16:30.496|0.000|31.869;17:30.456|0.000|32.943;18:27.773|0.000|30.673;19:29.222|0.000|30.861;20:30.963|0.000|38.177;21:30.939|0.000|40.060;22:29.809|0.000|29.657;23:30.676|0.000|34.350;24:30.316|0.000|36.985;25:29.155|0.000|32.810;26:30.927|0.000|35.642;27:30.907|0.000|50.154;28:30.108|0.000|27.771;29:30.973|0.000|29.601"
79.944,"auto_larger_social_force_B",32.1025,0.0400,27.8345,0.0000,0.2920,20.0660,33.0291,27.7685,1.5858,2.0084,0,30,"0:28.153|0.000|53.165;1:28.694|0.000|64.665;2:29.217|0.000|54.835;3:27.605|0.000|54.348;4:27.828|0.000|60.312;5:28.307|0.000|52.177;6:27.970|0.000|58.405;7:29.345|0.000|57.893;8:30.428|0.000|61.104;9:30.459|0.000|63.338;10:27.542|0.000|50.847;11:27.632|0.000|55.421;12:28.284|0.000|56.738;13:28.501|0.000|62.178;14:29.616|0.000|51.000;15:30.846|0.000|79.987;16:30.488|0.000|31.826;17:30.469|0.000|32.896;18:27.764|0.000|30.619;19:29.211|0.000|30.812;20:30.961|0.000|38.133;21:30.939|0.000|40.006;22:29.803|0.000|29.604;23:30.683|0.000|34.309;24:30.321|0.000|36.931;25:29.159|0.000|32.754;26:30.931|0.000|35.596;27:30.888|0.000|50.107;28:30.097|0.000|27.718;29:30.973|0.000|29.548"
80.063,"auto_larger_social_force_B",32.1025,0.0400,27.8345,0.0000,0.2920,20.0660,33.0291,27.7685,1.5858,2.0061,0,30,"0:28.153|0.000|53.231;1:28.698|0.000|64.723;2:29.224|0.000|54.879;3:27.623|0.000|54.379;4:27.826|0.000|60.372;5:28.302|0.000|52.230;6:27.975|0.000|58.465;7:29.335|0.000|57.953;8:30.432|0.000|61.166;9:30.455|0.000|63.394;10:27.543|0.000|50.906;11:27.637|0.000|55.478;12:28.279|0.000|56.794;13:28.506|0.000|62.235;14:29.600|0.000|51.042;15:30.842|0.000|79.990;16:30.479|0.000|31.773;17:30.484|0.000|32.847;18:27.754|0.000|30.561;19:29.199|0.000|30.758;20:30.959|0.000|38.082;21:30.939|0.000|39.948;22:29.795|0.000|29.546;23:30.693|0.000|34.261;24:30.330|0.000|36.878;25:29.164|0.000|32.695;26:30.936|0.000|35.548;27:30.867|0.000|50.062;28:30.087|0.000|27.661;29:30.974|0.000|29.493"
80.177,"auto_larger_social_force_B",32.1025,0.0400,27.8345,0.0000,0.2920,20.0660,33.0291,27.7685,1.5858,1.9623,0,30,"0:28.158|0.000|53.293;1:28.702|0.000|64.777;2:29.231|0.000|54.926;3:27.645|0.000|54.410;4:27.824|0.000|60.420;5:28.301|0.000|52.278;6:27.979|0.000|58.518;7:29.326|0.000|58.007;8:30.437|0.000|61.222;9:30.453|0.000|63.439;10:27.545|0.000|50.960;11:27.640|0.000|55.531;12:28.274|0.000|56.845;13:28.511|0.000|62.287;14:29.583|0.000|51.087;15:30.838|0.000|79.992;16:30.470|0.000|31.720;17:30.497|0.000|32.808;18:27.745|0.000|30.508;19:29.189|0.000|30.708;20:30.958|0.000|38.032;21:30.940|0.000|39.895;22:29.787|0.000|29.499;23:30.702|0.000|34.226;24:30.341|0.000|36.830;25:29.170|0.000|32.644;26:30.937|0.000|35.510;27:30.848|0.000|50.019;28:30.078|0.000|27.608;29:30.976|0.000|29.441"
80.288,"auto_larger_social_force_B",32.1025,0.0400,27.8345,0.0000,0.2920,20.0660,33.0291,27.7685,1.5858,1.9199,0,30,"0:28.165|0.000|53.350;1:28.706|0.000|64.832;2:29.239|0.000|54.979;3:27.667|0.000|54.441;4:27.820|0.000|60.472;5:28.299|0.000|52.327;6:27.981|0.000|58.571;7:29.318|0.000|58.060;8:30.440|0.000|61.277;9:30.454|0.000|63.486;10:27.545|0.000|51.013;11:27.641|0.000|55.584;12:28.270|0.000|56.893;13:28.517|0.000|62.340;14:29.568|0.000|51.138;15:30.833|0.000|79.994;16:30.461|0.000|31.665;17:30.511|0.000|32.773;18:27.737|0.000|30.455;19:29.180|0.000|30.658;20:30.956|0.000|37.980;21:30.941|0.000|39.842;22:29.777|0.000|29.455;23:30.705|0.000|34.191;24:30.352|0.000|36.778;25:29.176|0.000|32.593;26:30.936|0.000|35.473;27:30.828|0.000|49.973;28:30.070|0.000|27.559;29:30.977|0.000|29.390"
80.393,"auto_larger_social_force_B",32.1025,0.0400,27.8345,0.0000,0.2920,20.0660,33.0291,27.7685,1.5858,1.8865,0,30,"0:28.172|0.000|53.404;1:28.710|0.000|64.886;2:29.246|0.000|55.034;3:27.686|0.000|54.470;4:27.815|0.000|60.524;5:28.298|0.000|52.377;6:27.980|0.000|58.618;7:29.314|0.000|58.111;8:30.441|0.000|61.328;9:30.455|0.000|63.537;10:27.544|0.000|51.064;11:27.637|0.000|55.631;12:28.270|0.000|56.939;13:28.522|0.000|62.392;14:29.553|0.000|51.189;15:30.829|0.000|79.995;16:30.450|0.000|31.611;17:30.525|0.000|32.738;18:27.728|0.000|30.404;19:29.173|0.000|30.611;20:30.954|0.000|37.928;21:30.942|0.000|39.789;22:29.768|0.000|29.409;23:30.708|0.000|34.151;24:30.361|0.000|36.735;25:29.183|0.000|32.549;26:30.935|0.000|35.434;27:30.815|0.000|49.936;28:30.063|0.000|27.508;29:30.975|0.000|29.347"
80.494,"auto_larger_social_force_B",32.1025,0.0400,27.8345,0.0000,0.2920,20.0660,33.0291,27.7685,1.5858,1.8616,0,30,"0:28.176|0.000|53.454;1:28.715|0.000|64.937;2:29.252|0.000|55.087;3:27.703|0.000|54.499;4:27.811|0.000|60.572;5:28.294|0.000|52.426;6:27.976|0.000|58.662;7:29.312|0.000|58.159;8:30.440|0.000|61.372;9:30.456|0.000|63.586;10:27.544|0.000|51.108;11:27.632|0.000|55.677;12:28.269|0.000|56.986;13:28.528|0.000|62.443;14:29.539|0.000|51.236;15:30.826|0.000|79.997;16:30.440|0.000|31.562;17:30.538|0.000|32.708;18:27.720|0.000|30.357;19:29.166|0.000|30.568;20:30.952|0.000|37.880;21:30.944|0.000|39.741;22:29.759|0.000|29.366;23:30.712|0.000|34.109;24:30.364|0.000|36.698;25:29.191|0.000|32.510;26:30.932|0.000|35.393;27:30.806|0.000|49.903;28:30.056|0.000|27.460;29:30.970|0.000|29.312"
80.603,"auto_larger_social_force_B",32.1025,0.0400,27.8345,0.0000,0.2920,20.0660,33.0291,27.7685,1.5858,1.8334,0,30,"0:28.180|0.000|53.509;1:28.720|0.000|64.989;2:29.259|0.000|55.144;3:27.720|0.000|54.537;4:27.808|0.000|60.624;5:28.292|0.000|52.478;6:27.973|0.000|58.710;7:29.311|0.000|58.209;8:30.437|0.000|61.423;9:30.457|0.000|63.642;10:27.543|0.000|51.153;11:27.627|0.000|55.727;12:28.268|0.000|57.038;13:28.534|0.000|62.493;14:29.522|0.000|51.287;15:30.822|0.000|79.998;16:30.430|0.000|31.510;17:30.551|0.000|32.677;18:27.709|0.000|30.303;19:29.158|0.000|30.519;20:30.949|0.000|37.829;21:30.944|0.000|39.691;22:29.754|0.000|29.326;23:30.716|0.000|34.060;24:30.367|0.000|36.653;25:29.200|0.000|32.466;26:30.930|0.000|35.345;27:30.798|0.000|49.863;28:30.048|0.000|27.405;29:30.963|0.000|29.270"
80.711,"auto_larger_social_force_B",32.1025,0.0400,27.8345,0.0000,0.2920,20.0660,33.0291,27.7685,1.5858,1.8015,0,30,"0:28.184|0.000|53.564;1:28.726|0.000|65.042;2:29.267|0.000|55.200;3:27.738|0.000|54.582;4:27.806|0.000|60.678;5:28.290|0.000|52.529;6:27.968|0.000|58.755;7:29.312|0.000|58.254;8:30.434|0.000|61.474;9:30.460|0.000|63.698;10:27.540|0.000|51.197;11:27.624|0.000|55.780;12:28.267|0.000|57.092;13:28.542|0.000|62.544;14:29.505|0.000|51.336;15:30.819|0.000|79.999;16:30.423|0.000|31.462;17:30.563|0.000|32.647;18:27.698|0.000|30.253;19:29.149|0.000|30.476;20:30.946|0.000|37.778;21:30.943|0.000|39.642;22:29.752|0.000|29.288;23:30.720|0.000|34.006;24:30.372|0.000|36.604;25:29.210|0.000|32.426;26:30.927|0.000|35.293;27:30.790|0.000|49.819;28:30.041|0.000|27.349;29:30.954|0.000|29.223"
80.815,"auto_larger_social_force_B",32.1025,0.0400,27.8345,0.0000,0.2920,20.0660,33.0291,27.7685,1.5858,1.7698,0,30,"0:28.187|0.000|53.614;1:28.733|0.000|65.094;2:29.276|0.000|55.250;3:27.754|0.000|54.627;4:27.803|0.000|60.729;5:28.289|0.000|52.574;6:27.968|0.000|58.790;7:29.310|0.000|58.295;8:30.432|0.000|61.518;9:30.463|0.000|63.749;10:27.537|0.000|51.236;11:27.622|0.000|55.830;12:28.267|0.000|57.142;13:28.549|0.000|62.594;14:29.490|0.000|51.378;15:30.816|0.000|80.000;16:30.419|0.000|31.422;17:30.573|0.000|32.618;18:27.687|0.000|30.209;19:29.140|0.000|30.439;20:30.946|0.000|37.734;21:30.941|0.000|39.595;22:29.753|0.000|29.251;23:30.722|0.000|33.957;24:30.377|0.000|36.555;25:29.217|0.000|32.390;26:30.924|0.000|35.246;27:30.782|0.000|49.774;28:30.034|0.000|27.297;29:30.947|0.000|29.175"
80.926,"auto_larger_social_force_B",32.1025,0.0400,27.8345,0.0000,0.2920,20.0660,33.0291,27.7685,1.5858,1.7342,0,30,"0:28.191|0.000|53.667;1:28.739|0.000|65.152;2:29.286|0.000|55.299;3:27.770|0.000|54.681;4:27.801|0.000|60.786;5:28.288|0.000|52.622;6:27.969|0.000|58.834;7:29.307|0.000|58.343;8:30.432|0.000|61.567;9:30.464|0.000|63.802;10:27.533|0.000|51.277;11:27.621|0.000|55.882;12:28.268|0.000|57.196;13:28.557|0.000|62.649;14:29.474|0.000|51.422;15:30.814|0.000|80.001;16:30.416|0.000|31.376;17:30.584|0.000|32.584;18:27.673|0.000|30.156;19:29.128|0.000|30.401;20:30.946|0.000|37.690;21:30.938|0.000|39.543;22:29.756|0.000|29.208;23:30.726|0.000|33.905;24:30.381|0.000|36.501;25:29.223|0.000|32.353;26:30.919|0.000|35.195;27:30.773|0.000|49.721;28:30.026|0.000|27.243;29:30.938|0.000|29.120"
81.028,"auto_larger_social_force_B",32.1025,0.0400,27.8345,0.0000,0.2920,20.0660,33.0291,27.7685,1.5858,1.7026,0,30,"0:28.196|0.000|53.712;1:28.744|0.000|65.205;2:29.296|0.000|55.342;3:27.784|0.000|54.733;4:27.800|0.000|60.837;5:28.286|0.000|52.664;6:27.969|0.000|58.879;7:29.303|0.000|58.392;8:30.432|0.000|61.616;9:30.465|0.000|63.852;10:27.530|0.000|51.315;11:27.621|0.000|55.929;12:28.268|0.000|57.244;13:28.564|0.000|62.701;14:29.459|0.000|51.464;15:30.811|0.000|80.002;16:30.415|0.000|31.332;17:30.595|0.000|32.546;18:27.661|0.000|30.105;19:29.115|0.000|30.364;20:30.948|0.000|37.646;21:30.936|0.000|39.494;22:29.759|0.000|29.162;23:30.732|0.000|33.860;24:30.384|0.000|36.451;25:29.230|0.000|32.313;26:30.914|0.000|35.148;27:30.766|0.000|49.671;28:30.019|0.000|27.194;29:30.929|0.000|29.068"
81.139,"auto_larger_social_force_B",32.1025,0.0400,27.8345,0.0000,0.2920,20.0660,33.0291,27.7685,1.5858,1.6704,0,30,"0:28.204|0.000|53.764;1:28.749|0.000|65.262;2:29.306|0.000|55.392;3:27.799|0.000|54.791;4:27.799|0.000|60.892;5:28.284|0.000|52.709;6:27.969|0.000|58.931;7:29.298|0.000|58.448;8:30.432|0.000|61.670;9:30.464|0.000|63.903;10:27.528|0.000|51.356;11:27.621|0.000|55.979;12:28.267|0.000|57.297;13:28.571|0.000|62.756;14:29.445|0.000|51.505;15:30.808|0.000|80.003;16:30.414|0.000|31.289;17:30.609|0.000|32.501;18:27.648|0.000|30.048;19:29.101|0.000|30.320;20:30.950|0.000|37.598;21:30.935|0.000|39.438;22:29.762|0.000|29.108;23:30.739|0.000|33.811;24:30.388|0.000|36.398;25:29.236|0.000|32.267;26:30.910|0.000|35.098;27:30.759|0.000|49.617;28:30.011|0.000|27.141;29:30.918|0.000|29.012"
81.249,"auto_larger_social_force_B",32.1025,0.0400,27.8345,0.0000,0.2920,20.0660,33.0291,27.7685,1.5858,1.6404,0,30,"0:28.213|0.000|53.815;1:28.754|0.000|65.318;2:29.316|0.000|55.443;3:27.817|0.000|54.848;4:27.798|0.000|60.947;5:28.281|0.000|52.752;6:27.971|0.000|58.986;7:29.290|0.000|58.507;8:30.433|0.000|61.727;9:30.463|0.000|63.953;10:27.526|0.000|51.402;11:27.619|0.000|56.029;12:28.264|0.000|57.349;13:28.577|0.000|62.811;14:29.437|0.000|51.541;15:30.804|0.000|80.005;16:30.409|0.000|31.245;17:30.621|0.000|32.452;18:27.636|0.000|29.990;19:29.086|0.000|30.274;20:30.953|0.000|37.550;21:30.933|0.000|39.383;22:29.767|0.000|29.053;23:30.746|0.000|33.768;24:30.394|0.000|36.345;25:29.244|0.000|32.215;26:30.910|0.000|35.052;27:30.752|0.000|49.562;28:30.002|0.000|27.089;29:30.908|0.000|28.958"
81.351,"auto_larger_social_force_B",32.1025,0.0400,27.8345,0.0000,0.2920,20.0660,33.0291,27.7685,1.5858,1.6117,0,30,"0:28.221|0.000|53.869;1:28.760|0.000|65.373;2:29.324|0.000|55.491;3:27.838|0.000|54.904;4:27.796|0.000|61.001;5:28.276|0.000|52.794;6:27.973|0.000|59.040;7:29.283|0.000|58.564;8:30.435|0.000|61.783;9:30.461|0.000|64.002;10:27.524|0.000|51.451;11:27.615|0.000|56.082;12:28.261|0.000|57.398;13:28.584|0.000|62.864;14:29.432|0.000|51.574;15:30.801|0.000|80.006;16:30.403|0.000|31.198;17:30.631|0.000|32.404;18:27.625|0.000|29.934;19:29.071|0.000|30.227;20:30.954|0.000|37.503;21:30.930|0.000|39.329;22:29.771|0.000|29.000;23:30.755|0.000|33.728;24:30.400|0.000|36.294;25:29.252|0.000|32.162;26:30.912|0.000|35.009;27:30.742|0.000|49.509;28:29.994|0.000|27.038;29:30.900|0.000|28.907"
81.457,"auto_larger_social_force_B",32.1025,0.0400,27.8345,0.0000,0.2920,20.0660,33.0291,27.7685,1.5858,1.5864,0,30,"0:28.229|0.000|53.921;1:28.765|0.000|65.422;2:29.328|0.000|55.534;3:27.857|0.000|54.959;4:27.793|0.000|61.050;5:28.271|0.000|52.832;6:27.975|0.000|59.090;7:29.278|0.000|58.616;8:30.437|0.000|61.834;9:30.460|0.000|64.045;10:27.522|0.000|51.500;11:27.611|0.000|56.130;12:28.258|0.000|57.446;13:28.590|0.000|62.912;14:29.428|0.000|51.609;15:30.798|0.000|80.008;16:30.399|0.000|31.152;17:30.641|0.000|32.360;18:27.614|0.000|29.883;19:29.056|0.000|30.183;20:30.954|0.000|37.458;21:30.927|0.000|39.280;22:29.776|0.000|28.952;23:30.765|0.000|33.690;24:30.405|0.000|36.250;25:29.257|0.000|32.112;26:30.914|0.000|34.966;27:30.731|0.000|49.461;28:29.986|0.000|26.990;29:30.895|0.000|28.864"
81.557,"auto_larger_social_force_B",32.1025,0.0400,27.8345,0.0000,0.2920,20.0660,33.0291,27.7685,1.5622,1.5622,0,30,"0:28.237|0.000|53.971;1:28.769|0.000|65.472;2:29.331|0.000|55.579;3:27.873|0.000|55.006;4:27.790|0.000|61.099;5:28.264|0.000|52.873;6:27.976|0.000|59.138;7:29.273|0.000|58.665;8:30.438|0.000|61.884;9:30.459|0.000|64.085;10:27.521|0.000|51.550;11:27.609|0.000|56.173;12:28.256|0.000|57.488;13:28.596|0.000|62.957;14:29.423|0.000|51.647;15:30.795|0.000|80.009;16:30.393|0.000|31.103;17:30.652|0.000|32.317;18:27.604|0.000|29.834;19:29.042|0.000|30.140;20:30.954|0.000|37.412;21:30.925|0.000|39.231;22:29.778|0.000|28.906;23:30.774|0.000|33.655;24:30.412|0.000|36.207;25:29.261|0.000|32.064;26:30.917|0.000|34.926;27:30.717|0.000|49.413;28:29.978|0.000|26.943;29:30.893|0.000|28.823"
81.661,"auto_larger_social_force_B",32.1025,0.0400,27.8345,0.0000,0.2920,20.0660,33.0291,27.7685,1.5331,1.5331,0,30,"0:28.246|0.000|54.027;1:28.774|0.000|65.525;2:29.335|0.000|55.632;3:27.884|0.000|55.045;4:27.786|0.000|61.154;5:28.257|0.000|52.918;6:27.975|0.000|59.190;7:29.269|0.000|58.719;8:30.439|0.000|61.937;9:30.461|0.000|64.128;10:27.520|0.000|51.605;11:27.608|0.000|56.223;12:28.254|0.000|57.534;13:28.603|0.000|63.006;14:29.417|0.000|51.693;15:30.792|0.000|80.011;16:30.386|0.000|31.048;17:30.666|0.000|32.275;18:27.593|0.000|29.780;19:29.026|0.000|30.094;20:30.954|0.000|37.360;21:30.924|0.000|39.179;22:29.777|0.000|28.860;23:30.779|0.000|33.624;24:30.420|0.000|36.160;25:29.267|0.000|32.011;26:30.918|0.000|34.888;27:30.703|0.000|49.362;28:29.969|0.000|26.890;29:30.891|0.000|28.774"
81.786,"auto_larger_social_force_B",32.1025,0.0400,27.8345,0.0000,0.2920,20.0660,33.0291,27.7685,1.5029,1.5029,0,30,"0:28.255|0.000|54.086;1:28.778|0.000|65.579;2:29.339|0.000|55.692;3:27.884|0.000|55.078;4:27.783|0.000|61.209;5:28.249|0.000|52.969;6:27.974|0.000|59.242;7:29.267|0.000|58.769;8:30.438|0.000|61.992;9:30.464|0.000|64.178;10:27.521|0.000|51.662;11:27.607|0.000|56.278;12:28.255|0.000|57.582;13:28.609|0.000|63.053;14:29.411|0.000|51.746;15:30.788|0.000|80.012;16:30.378|0.000|30.991;17:30.683|0.000|32.233;18:27.581|0.000|29.724;19:29.010|0.000|30.044;20:30.953|0.000|37.305;21:30.924|0.000|39.128;22:29.773|0.000|28.810;23:30.782|0.000|33.589;24:30.426|0.000|36.113;25:29.276|0.000|31.959;26:30.916|0.000|34.845;27:30.691|0.000|49.319;28:29.960|0.000|26.833;29:30.891|0.000|28.725"
81.890,"auto_larger_social_force_B",32.1025,0.0400,27.8345,0.0000,0.2920,20.0660,33.0291,27.7685,1.4818,1.4818,0,30,"0:28.263|0.000|54.139;1:28.782|0.000|65.628;2:29.341|0.000|55.743;3:27.881|0.000|55.108;4:27.782|0.000|61.254;5:28.245|0.000|53.014;6:27.971|0.000|59.285;7:29.267|0.000|58.809;8:30.436|0.000|62.038;9:30.466|0.000|64.224;10:27.521|0.000|51.709;11:27.606|0.000|56.327;12:28.256|0.000|57.626;13:28.612|0.000|63.095;14:29.406|0.000|51.793;15:30.785|0.000|80.014;16:30.372|0.000|30.943;17:30.698|0.000|32.195;18:27.571|0.000|29.681;19:28.998|0.000|30.003;20:30.952|0.000|37.259;21:30.925|0.000|39.081;22:29.768|0.000|28.770;23:30.784|0.000|33.555;24:30.430|0.000|36.074;25:29.285|0.000|31.919;26:30.915|0.000|34.804;27:30.686|0.000|49.285;28:29.951|0.000|26.789;29:30.889|0.000|28.685"
81.991,"auto_larger_social_force_B",32.1025,0.0400,27.8345,0.0000,0.2920,20.0660,33.0291,27.7685,1.4586,1.4586,0,30,"0:28.270|0.000|54.194;1:28.785|0.000|65.683;2:29.344|0.000|55.798;3:27.880|0.000|55.149;4:27.783|0.000|61.304;5:28.239|0.000|53.065;6:27.968|0.000|59.333;7:29.268|0.000|58.857;8:30.434|0.000|62.089;9:30.469|0.000|64.278;10:27.517|0.000|51.755;11:27.604|0.000|56.382;12:28.258|0.000|57.677;13:28.615|0.000|63.144;14:29.402|0.000|51.844;15:30.783|0.000|80.015;16:30.368|0.000|30.892;17:30.713|0.000|32.161;18:27.560|0.000|29.633;19:28.986|0.000|29.961;20:30.951|0.000|37.209;21:30.926|0.000|39.029;22:29.761|0.000|28.733;23:30.785|0.000|33.511;24:30.434|0.000|36.031;25:29.297|0.000|31.876;26:30.913|0.000|34.758;27:30.681|0.000|49.243;28:29.941|0.000|26.739;29:30.884|0.000|28.637"
82.104,"auto_larger_social_force_B",32.1025,0.0400,27.8345,0.0000,0.2920,20.0660,33.0291,27.7685,1.4342,1.4342,0,30,"0:28.273|0.000|54.237;1:28.788|0.000|65.742;2:29.346|0.000|55.854;3:27.880|0.000|55.208;4:27.784|0.000|61.357;5:28.235|0.000|53.119;6:27.967|0.000|59.376;7:29.268|0.000|58.905;8:30.431|0.000|62.136;9:30.472|0.000|64.335;10:27.510|0.000|51.797;11:27.603|0.000|56.437;12:28.259|0.000|57.731;13:28.615|0.000|63.197;14:29.398|0.000|51.894;15:30.780|0.000|80.017;16:30.364|0.000|30.844;17:30.723|0.000|32.135;18:27.547|0.000|29.581;19:28.975|0.000|29.916;20:30.951|0.000|37.159;21:30.927|0.000|38.975;22:29.758|0.000|28.696;23:30.787|0.000|33.461;24:30.437|0.000|35.982;25:29.310|0.000|31.830;26:30.911|0.000|34.707;27:30.676|0.000|49.194;28:29.930|0.000|26.685;29:30.881|0.000|28.585"
82.208,"auto_larger_social_force_B",32.1025,0.0400,27.8345,0.0000,0.2920,20.0660,33.0291,27.7685,1.4125,1.4125,0,30,"0:28.278|0.000|54.277;1:28.790|0.000|65.797;2:29.349|0.000|55.904;3:27.882|0.000|55.262;4:27.785|0.000|61.407;5:28.232|0.000|53.168;6:27.967|0.000|59.413;7:29.267|0.000|58.948;8:30.431|0.000|62.178;9:30.477|0.000|64.386;10:27.503|0.000|51.838;11:27.602|0.000|56.488;12:28.260|0.000|57.781;13:28.616|0.000|63.247;14:29.394|0.000|51.940;15:30.778|0.000|80.018;16:30.362|0.000|30.802;17:30.730|0.000|32.105;18:27.536|0.000|29.533;19:28.964|0.000|29.874;20:30.951|0.000|37.114;21:30.928|0.000|38.925;22:29.756|0.000|28.657;23:30.788|0.000|33.412;24:30.440|0.000|35.935;25:29.320|0.000|31.800;26:30.908|0.000|34.661;27:30.671|0.000|49.146;28:29.919|0.000|26.636;29:30.877|0.000|28.536"
82.315,"auto_larger_social_force_B",32.1025,0.0400,27.8345,0.0000,0.2920,20.0660,33.0291,27.7685,1.3912,1.3912,0,30,"0:28.285|0.000|54.325;1:28.792|0.000|65.856;2:29.356|0.000|55.957;3:27.886|0.000|55.318;4:27.786|0.000|61.463;5:28.229|0.000|53.220;6:27.969|0.000|59.453;7:29.265|0.000|58.995;8:30.432|0.000|62.222;9:30.483|0.000|64.442;10:27.493|0.000|51.882;11:27.601|0.000|56.542;12:28.263|0.000|57.837;13:28.617|0.000|63.305;14:29.387|0.000|51.987;15:30.776|0.000|80.019;16:30.361|0.000|30.755;17:30.738|0.000|32.069;18:27.525|0.000|29.479;19:28.952|0.000|29.828;20:30.951|0.000|37.066;21:30.929|0.000|38.870;22:29.752|0.000|28.609;23:30.788|0.000|33.357;24:30.444|0.000|35.880;25:29.327|0.000|31.763;26:30.905|0.000|34.610;27:30.668|0.000|49.092;28:29.908|0.000|26.582;29:30.870|0.000|28.480"
82.424,"auto_larger_social_force_B",32.1025,0.0400,27.8345,0.0000,0.2920,20.0660,33.0291,27.7685,1.3726,1.3726,0,30,"0:28.296|0.000|54.377;1:28.795|0.000|65.913;2:29.364|0.000|56.011;3:27.891|0.000|55.370;4:27.786|0.000|61.519;5:28.226|0.000|53.268;6:27.971|0.000|59.498;7:29.261|0.000|59.044;8:30.434|0.000|62.271;9:30.487|0.000|64.496;10:27.486|0.000|51.916;11:27.601|0.000|56.595;12:28.266|0.000|57.890;13:28.619|0.000|63.360;14:29.379|0.000|52.030;15:30.774|0.000|80.020;16:30.361|0.000|30.710;17:30.746|0.000|32.030;18:27.516|0.000|29.425;19:28.939|0.000|29.782;20:30.953|0.000|37.019;21:30.929|0.000|38.815;22:29.748|0.000|28.556;23:30.788|0.000|33.305;24:30.446|0.000|35.825;25:29.335|0.000|31.721;26:30.903|0.000|34.560;27:30.663|0.000|49.037;28:29.898|0.000|26.528;29:30.863|0.000|28.425"
82.531,"auto_larger_social_force_B",32.1025,0.0400,27.8345,0.0000,0.2920,20.0660,33.0291,27.7685,1.3556,1.3556,0,30,"0:28.309|0.000|54.433;1:28.798|0.000|65.969;2:29.373|0.000|56.064;3:27.895|0.000|55.421;4:27.788|0.000|61.575;5:28.221|0.000|53.311;6:27.974|0.000|59.549;7:29.257|0.000|59.097;8:30.436|0.000|62.324;9:30.490|0.000|64.548;10:27.482|0.000|51.955;11:27.600|0.000|56.648;12:28.268|0.000|57.944;13:28.621|0.000|63.417;14:29.370|0.000|52.077;15:30.773|0.000|80.021;16:30.359|0.000|30.669;17:30.754|0.000|31.983;18:27.506|0.000|29.370;19:28.926|0.000|29.734;20:30.954|0.000|36.972;21:30.929|0.000|38.761;22:29.745|0.000|28.502;23:30.789|0.000|33.254;24:30.448|0.000|35.770;25:29.344|0.000|31.675;26:30.902|0.000|34.511;27:30.658|0.000|48.982;28:29.888|0.000|26.474;29:30.857|0.000|28.370"
82.639,"auto_larger_social_force_B",32.1025,0.0400,27.8345,0.0000,0.2920,20.0660,33.0291,27.7685,1.3406,1.3406,0,30,"0:28.322|0.000|54.486;1:28.801|0.000|66.019;2:29.381|0.000|56.108;3:27.897|0.000|55.465;4:27.789|0.000|61.626;5:28.214|0.000|53.348;6:27.977|0.000|59.598;7:29.252|0.000|59.149;8:30.437|0.000|62.375;9:30.489|0.000|64.591;10:27.478|0.000|51.994;11:27.598|0.000|56.693;12:28.269|0.000|57.992;13:28.624|0.000|63.468;14:29.361|0.000|52.119;15:30.771|0.000|80.022;16:30.356|0.000|30.633;17:30.760|0.000|31.936;18:27.498|0.000|29.320;19:28.913|0.000|29.690;20:30.955|0.000|36.931;21:30.928|0.000|38.711;22:29.740|0.000|28.452;23:30.792|0.000|33.210;24:30.449|0.000|35.720;25:29.352|0.000|31.630;26:30.902|0.000|34.468;27:30.651|0.000|48.932;28:29.878|0.000|26.425;29:30.853|0.000|28.321"
82.744,"auto_larger_social_force_B",32.1025,0.0400,27.8345,0.0000,0.2920,20.0660,33.0291,27.7685,1.3257,1.3257,0,30,"0:28.335|0.000|54.543;1:28.804|0.000|66.071;2:29.389|0.000|56.152;3:27.897|0.000|55.507;4:27.790|0.000|61.681;5:28.204|0.000|53.389;6:27.981|0.000|59.653;7:29.247|0.000|59.204;8:30.440|0.000|62.431;9:30.488|0.000|64.639;10:27.472|0.000|52.039;11:27.594|0.000|56.740;12:28.268|0.000|58.038;13:28.627|0.000|63.521;14:29.355|0.000|52.160;15:30.770|0.000|80.022;16:30.351|0.000|30.593;17:30.765|0.000|31.884;18:27.489|0.000|29.266;19:28.900|0.000|29.645;20:30.954|0.000|36.887;21:30.927|0.000|38.660;22:29.734|0.000|28.402;23:30.798|0.000|33.169;24:30.453|0.000|35.668;25:29.360|0.000|31.578;26:30.903|0.000|34.424;27:30.644|0.000|48.878;28:29.868|0.000|26.375;29:30.850|0.000|28.269"
82.862,"auto_larger_social_force_B",32.1025,0.0400,27.8345,0.0000,0.2920,20.0660,33.0291,27.7685,1.3108,1.3108,0,30,"0:28.349|0.000|54.605;1:28.808|0.000|66.129;2:29.393|0.000|56.203;3:27.895|0.000|55.557;4:27.790|0.000|61.739;5:28.190|0.000|53.435;6:27.987|0.000|59.712;7:29.240|0.000|59.264;8:30.444|0.000|62.493;9:30.484|0.000|64.693;10:27.466|0.000|52.095;11:27.589|0.000|56.796;12:28.265|0.000|58.092;13:28.631|0.000|63.578;14:29.351|0.000|52.204;15:30.768|0.000|80.023;16:30.345|0.000|30.543;17:30.772|0.000|31.827;18:27.479|0.000|29.207;19:28.884|0.000|29.594;20:30.952|0.000|36.837;21:30.926|0.000|38.602;22:29.723|0.000|28.351;23:30.809|0.000|33.118;24:30.459|0.000|35.615;25:29.368|0.000|31.521;26:30.904|0.000|34.377;27:30.636|0.000|48.824;28:29.857|0.000|26.318;29:30.848|0.000|28.214"
82.964,"auto_larger_social_force_B",32.1025,0.0400,27.8345,0.0000,0.2920,20.0660,33.0291,27.7685,1.2981,1.2981,0,30,"0:28.361|0.000|54.657;1:28.812|0.000|66.179;2:29.398|0.000|56.251;3:27.890|0.000|55.603;4:27.789|0.000|61.785;5:28.179|0.000|53.471;6:27.992|0.000|59.761;7:29.234|0.000|59.313;8:30.448|0.000|62.544;9:30.482|0.000|64.734;10:27.462|0.000|52.144;11:27.584|0.000|56.842;12:28.262|0.000|58.138;13:28.633|0.000|63.626;14:29.348|0.000|52.245;15:30.767|0.000|80.023;16:30.339|0.000|30.496;17:30.779|0.000|31.779;18:27.470|0.000|29.158;19:28.871|0.000|29.551;20:30.951|0.000|36.793;21:30.926|0.000|38.554;22:29.713|0.000|28.311;23:30.818|0.000|33.073;24:30.467|0.000|35.569;25:29.376|0.000|31.473;26:30.907|0.000|34.336;27:30.629|0.000|48.776;28:29.849|0.000|26.272;29:30.848|0.000|28.167"
83.076,"auto_larger_social_force_B",32.1025,0.0400,27.8345,0.0000,0.2920,20.0660,33.0291,27.7685,1.2859,1.2859,0,30,"0:28.373|0.000|54.712;1:28.816|0.000|66.233;2:29.402|0.000|56.307;3:27.886|0.000|55.650;4:27.788|0.000|61.834;5:28.170|0.000|53.513;6:27.996|0.000|59.814;7:29.229|0.000|59.365;8:30.451|0.000|62.599;9:30.484|0.000|64.778;10:27.458|0.000|52.197;11:27.580|0.000|56.894;12:28.258|0.000|58.186;13:28.634|0.000|63.674;14:29.343|0.000|52.292;15:30.766|0.000|80.023;16:30.332|0.000|30.442;17:30.786|0.000|31.728;18:27.461|0.000|29.104;19:28.857|0.000|29.506;20:30.949|0.000|36.742;21:30.926|0.000|38.502;22:29.701|0.000|28.274;23:30.824|0.000|33.042;24:30.475|0.000|35.518;25:29.385|0.000|31.423;26:30.907|0.000|34.296;27:30.622|0.000|48.721;28:29.840|0.000|26.223;29:30.847|0.000|28.114"
83.186,"auto_larger_social_force_B",32.1025,0.0400,27.8345,0.0000,0.2920,20.0660,33.0291,27.7685,1.2804,1.2804,0,30,"0:28.384|0.000|54.765;1:28.821|0.000|66.289;2:29.405|0.000|56.364;3:27.886|0.000|55.697;4:27.785|0.000|61.888;5:28.159|0.000|53.559;6:27.997|0.000|59.862;7:29.228|0.000|59.414;8:30.452|0.000|62.652;9:30.486|0.000|64.828;10:27.453|0.000|52.250;11:27.576|0.000|56.948;12:28.258|0.000|58.237;13:28.635|0.000|63.721;14:29.337|0.000|52.344;15:30.765|0.000|80.024;16:30.323|0.000|30.386;17:30.794|0.000|31.678;18:27.450|0.000|29.050;19:28.843|0.000|29.460;20:30.947|0.000|36.689;21:30.926|0.000|38.449;22:29.688|0.000|28.242;23:30.824|0.000|33.007;24:30.483|0.000|35.472;25:29.396|0.000|31.374;26:30.905|0.000|34.257;27:30.618|0.000|48.667;28:29.832|0.000|26.170;29:30.844|0.000|28.068"
83.294,"auto_larger_social_force_B",32.1025,0.0400,27.8345,0.0000,0.2920,20.0660,33.0291,27.7685,1.2804,1.2818,0,30,"0:28.393|0.000|54.812;1:28.826|0.000|66.343;2:29.408|0.000|56.422;3:27.884|0.000|55.750;4:27.782|0.000|61.942;5:28.146|0.000|53.608;6:27.995|0.000|59.907;7:29.231|0.000|59.462;8:30.450|0.000|62.700;9:30.487|0.000|64.880;10:27.446|0.000|52.301;11:27.572|0.000|57.002;12:28.257|0.000|58.289;13:28.634|0.000|63.769;14:29.332|0.000|52.396;15:30.763|0.000|80.024;16:30.313|0.000|30.332;17:30.802|0.000|31.628;18:27.437|0.000|28.996;19:28.829|0.000|29.414;20:30.945|0.000|36.637;21:30.926|0.000|38.397;22:29.674|0.000|28.208;23:30.825|0.000|32.965;24:30.486|0.000|35.429;25:29.406|0.000|31.329;26:30.903|0.000|34.214;27:30.617|0.000|48.613;28:29.823|0.000|26.116;29:30.836|0.000|28.029"
83.403,"auto_larger_social_force_B",32.1025,0.0400,27.8345,0.0000,0.2920,20.0660,33.0291,27.7685,1.2804,1.2867,0,30,"0:28.403|0.000|54.854;1:28.831|0.000|66.393;2:29.411|0.000|56.478;3:27.882|0.000|55.803;4:27.779|0.000|61.997;5:28.134|0.000|53.659;6:27.992|0.000|59.954;7:29.235|0.000|59.509;8:30.447|0.000|62.750;9:30.489|0.000|64.935;10:27.439|0.000|52.348;11:27.568|0.000|57.057;12:28.256|0.000|58.341;13:28.632|0.000|63.814;14:29.328|0.000|52.447;15:30.759|0.000|80.023;16:30.305|0.000|30.279;17:30.809|0.000|31.582;18:27.424|0.000|28.942;19:28.816|0.000|29.370;20:30.942|0.000|36.586;21:30.925|0.000|38.349;22:29.660|0.000|28.173;23:30.826|0.000|32.920;24:30.488|0.000|35.383;25:29.417|0.000|31.286;26:30.900|0.000|34.167;27:30.618|0.000|48.560;28:29.815|0.000|26.060;29:30.825|0.000|27.990"
83.504,"auto_larger_social_force_B",32.1025,0.0400,27.8345,0.0000,0.2920,20.0660,33.0291,27.7685,1.2804,1.2931,0,30,"0:28.416|0.000|54.888;1:28.838|0.000|66.445;2:29.416|0.000|56.529;3:27.881|0.000|55.854;4:27.778|0.000|62.048;5:28.124|0.000|53.708;6:27.989|0.000|59.996;7:29.241|0.000|59.546;8:30.443|0.000|62.796;9:30.492|0.000|64.986;10:27.432|0.000|52.391;11:27.566|0.000|57.107;12:28.256|0.000|58.392;13:28.632|0.000|63.854;14:29.324|0.000|52.495;15:30.756|0.000|80.023;16:30.299|0.000|30.233;17:30.811|0.000|31.546;18:27.413|0.000|28.896;19:28.804|0.000|29.328;20:30.939|0.000|36.539;21:30.924|0.000|38.302;22:29.647|0.000|28.143;23:30.826|0.000|32.873;24:30.490|0.000|35.338;25:29.427|0.000|31.246;26:30.898|0.000|34.120;27:30.618|0.000|48.512;28:29.808|0.000|26.007;29:30.814|0.000|27.948"
83.611,"auto_larger_social_force_B",32.1025,0.0400,27.8345,0.0000,0.2920,20.0660,33.0291,27.7685,1.2804,1.3020,0,30,"0:28.434|0.000|54.924;1:28.844|0.000|66.503;2:29.421|0.000|56.584;3:27.881|0.000|55.911;4:27.775|0.000|62.105;5:28.112|0.000|53.760;6:27.987|0.000|60.036;7:29.244|0.000|59.582;8:30.441|0.000|62.843;9:30.496|0.000|65.042;10:27.423|0.000|52.437;11:27.564|0.000|57.161;12:28.257|0.000|58.447;13:28.634|0.000|63.897;14:29.318|0.000|52.546;15:30.756|0.000|80.023;16:30.296|0.000|30.186;17:30.810|0.000|31.511;18:27.400|0.000|28.847;19:28.791|0.000|29.283;20:30.938|0.000|36.484;21:30.921|0.000|38.249;22:29.636|0.000|28.111;23:30.825|0.000|32.820;24:30.493|0.000|35.286;25:29.436|0.000|31.209;26:30.894|0.000|34.065;27:30.618|0.000|48.458;28:29.800|0.000|25.950;29:30.802|0.000|27.896"
83.715,"auto_larger_social_force_B",32.1025,0.0400,27.8345,0.0000,0.2920,20.0660,33.0291,27.7685,1.2804,1.3121,0,30,"0:28.453|0.000|54.957;1:28.850|0.000|66.556;2:29.426|0.000|56.631;3:27.882|0.000|55.962;4:27.774|0.000|62.156;5:28.101|0.000|53.806;6:27.989|0.000|60.075;7:29.245|0.000|59.619;8:30.442|0.000|62.886;9:30.499|0.000|65.092;10:27.415|0.000|52.478;11:27.562|0.000|57.210;12:28.258|0.000|58.496;13:28.636|0.000|63.939;14:29.312|0.000|52.592;15:30.756|0.000|80.023;16:30.295|0.000|30.142;17:30.808|0.000|31.476;18:27.389|0.000|28.799;19:28.779|0.000|29.244;20:30.938|0.000|36.435;21:30.919|0.000|38.200;22:29.626|0.000|28.082;23:30.824|0.000|32.770;24:30.495|0.000|35.237;25:29.442|0.000|31.175;26:30.890|0.000|34.014;27:30.618|0.000|48.410;28:29.793|0.000|25.901;29:30.790|0.000|27.847"
83.818,"auto_larger_social_force_B",32.1025,0.0400,27.8345,0.0000,0.2920,20.0660,33.0291,27.7685,1.2804,1.3246,0,30,"0:28.473|0.000|54.982;1:28.855|0.000|66.609;2:29.432|0.000|56.675;3:27.881|0.000|56.012;4:27.774|0.000|62.206;5:28.088|0.000|53.849;6:27.990|0.000|60.118;7:29.246|0.000|59.661;8:30.443|0.000|62.932;9:30.500|0.000|65.140;10:27.411|0.000|52.513;11:27.559|0.000|57.257;12:28.258|0.000|58.544;13:28.638|0.000|63.984;14:29.306|0.000|52.636;15:30.755|0.000|80.023;16:30.294|0.000|30.097;17:30.805|0.000|31.436;18:27.378|0.000|28.750;19:28.766|0.000|29.206;20:30.939|0.000|36.389;21:30.918|0.000|38.150;22:29.617|0.000|28.051;23:30.823|0.000|32.721;24:30.496|0.000|35.188;25:29.447|0.000|31.142;26:30.885|0.000|33.965;27:30.616|0.000|48.362;28:29.785|0.000|25.852;29:30.778|0.000|27.797"
83.927,"auto_larger_social_force_B",32.1025,0.0400,27.8345,0.0000,0.2920,20.0660,33.0291,27.7685,1.2804,1.3410,0,30,"0:28.488|0.000|55.009;1:28.860|0.000|66.665;2:29.438|0.000|56.727;3:27.880|0.000|56.066;4:27.774|0.000|62.261;5:28.074|0.000|53.892;6:27.990|0.000|60.169;7:29.246|0.000|59.712;8:30.443|0.000|62.986;9:30.500|0.000|65.191;10:27.410|0.000|52.547;11:27.556|0.000|57.310;12:28.257|0.000|58.597;13:28.641|0.000|64.038;14:29.297|0.000|52.684;15:30.755|0.000|80.023;16:30.295|0.000|30.054;17:30.801|0.000|31.386;18:27.367|0.000|28.696;19:28.750|0.000|29.162;20:30.940|0.000|36.336;21:30.916|0.000|38.094;22:29.606|0.000|28.013;23:30.824|0.000|32.668;24:30.498|0.000|35.134;25:29.452|0.000|31.101;26:30.879|0.000|33.912;27:30.614|0.000|48.311;28:29.777|0.000|25.800;29:30.765|0.000|27.742"
84.030,"auto_larger_social_force_B",32.1025,0.0400,27.8345,0.0000,0.2920,20.0660,33.0291,27.7685,1.2804,1.3591,0,30,"0:28.502|0.000|55.042;1:28.865|0.000|66.721;2:29.443|0.000|56.780;3:27.877|0.000|56.117;4:27.774|0.000|62.314;5:28.061|0.000|53.931;6:27.992|0.000|60.222;7:29.245|0.000|59.766;8:30.444|0.000|63.041;9:30.500|0.000|65.240;10:27.411|0.000|52.582;11:27.552|0.000|57.361;12:28.256|0.000|58.648;13:28.643|0.000|64.093;14:29.288|0.000|52.731;15:30.755|0.000|80.023;16:30.291|0.000|30.016;17:30.797|0.000|31.333;18:27.357|0.000|28.640;19:28.733|0.000|29.117;20:30.939|0.000|36.283;21:30.914|0.000|38.040;22:29.593|0.000|27.970;23:30.825|0.000|32.616;24:30.500|0.000|35.081;25:29.457|0.000|31.056;26:30.876|0.000|33.860;27:30.612|0.000|48.260;28:29.768|0.000|25.749;29:30.751|0.000|27.687"
84.141,"auto_larger_social_force_B",32.1025,0.0400,27.8345,0.0000,0.2920,20.0660,33.0291,27.7685,1.2804,1.3782,0,30,"0:28.519|0.000|55.081;1:28.869|0.000|66.766;2:29.447|0.000|56.833;3:27.874|0.000|56.167;4:27.773|0.000|62.368;5:28.046|0.000|53.969;6:27.995|0.000|60.276;7:29.243|0.000|59.823;8:30.446|0.000|63.098;9:30.499|0.000|65.288;10:27.413|0.000|52.622;11:27.547|0.000|57.414;12:28.254|0.000|58.698;13:28.648|0.000|64.148;14:29.280|0.000|52.775;15:30.755|0.000|80.023;16:30.286|0.000|29.971;17:30.792|0.000|31.278;18:27.347|0.000|28.585;19:28.716|0.000|29.071;20:30.936|0.000|36.232;21:30.911|0.000|37.986;22:29.580|0.000|27.924;23:30.827|0.000|32.567;24:30.504|0.000|35.028;25:29.463|0.000|31.005;26:30.876|0.000|33.810;27:30.609|0.000|48.209;28:29.759|0.000|25.697;29:30.739|0.000|27.633"
84.253,"auto_larger_social_force_B",32.1025,0.0400,27.8345,0.0000,0.2920,20.0660,33.0291,27.7685,1.2804,1.3961,0,30,"0:28.537|0.000|55.126;1:28.895|0.000|66.794;2:29.449|0.000|56.885;3:27.869|0.000|56.217;4:27.771|0.000|62.421;5:28.030|0.000|54.006;6:27.998|0.000|60.330;7:29.243|0.000|59.879;8:30.448|0.000|63.153;9:30.497|0.000|65.334;10:27.416|0.000|52.667;11:27.543|0.000|57.464;12:28.251|0.000|58.748;13:28.652|0.000|64.202;14:29.273|0.000|52.819;15:30.755|0.000|80.023;16:30.282|0.000|29.923;17:30.786|0.000|31.223;18:27.336|0.000|28.531;19:28.700|0.000|29.024;20:30.931|0.000|36.178;21:30.908|0.000|37.933;22:29.568|0.000|27.879;23:30.830|0.000|32.517;24:30.507|0.000|34.976;25:29.468|0.000|30.953;26:30.878|0.000|33.762;27:30.607|0.000|48.160;28:29.751|0.000|25.646;29:30.729|0.000|27.584"
84.361,"auto_larger_social_force_B",32.1025,0.0400,27.8345,0.0000,0.2920,20.0660,33.0291,27.7685,1.2804,1.4145,0,30,"0:28.556|0.000|55.176;1:28.897|0.000|66.804;2:29.450|0.000|56.939;3:27.865|0.000|56.264;4:27.769|0.000|62.474;5:28.017|0.000|54.038;6:27.999|0.000|60.383;7:29.243|0.000|59.933;8:30.450|0.000|63.207;9:30.497|0.000|65.377;10:27.419|0.000|52.716;11:27.540|0.000|57.512;12:28.249|0.000|58.794;13:28.656|0.000|64.256;14:29.266|0.000|52.864;15:30.755|0.000|80.023;16:30.276|0.000|29.871;17:30.780|0.000|31.169;18:27.324|0.000|28.477;19:28.685|0.000|28.977;20:30.926|0.000|36.122;21:30.906|0.000|37.880;22:29.557|0.000|27.833;23:30.832|0.000|32.469;24:30.512|0.000|34.923;25:29.472|0.000|30.900;26:30.881|0.000|33.710;27:30.605|0.000|48.108;28:29.742|0.000|25.594;29:30.720|0.000|27.534"
84.464,"auto_larger_social_force_B",32.1025,0.0400,27.8345,0.0000,0.2920,20.0660,33.0291,27.7685,1.2804,1.4328,0,30,"0:28.573|0.000|55.224;1:28.897|0.000|66.815;2:29.451|0.000|56.989;3:27.863|0.000|56.305;4:27.766|0.000|62.523;5:28.007|0.000|54.068;6:27.999|0.000|60.430;7:29.245|0.000|59.981;8:30.450|0.000|63.256;9:30.498|0.000|65.416;10:27.423|0.000|52.763;11:27.539|0.000|57.557;12:28.248|0.000|58.836;13:28.657|0.000|64.304;14:29.260|0.000|52.909;15:30.755|0.000|80.023;16:30.270|0.000|29.822;17:30.776|0.000|31.122;18:27.314|0.000|28.427;19:28.670|0.000|28.934;20:30.923|0.000|36.073;21:30.906|0.000|37.836;22:29.546|0.000|27.792;23:30.832|0.000|32.430;24:30.515|0.000|34.877;25:29.474|0.000|30.852;26:30.883|0.000|33.669;27:30.604|0.000|48.064;28:29.733|0.000|25.545;29:30.713|0.000|27.486"
84.567,"auto_larger_social_force_B",32.1025,0.0400,27.8345,0.0000,0.2920,20.0660,33.0291,27.7685,1.2804,1.4519,0,30,"0:28.590|0.000|55.272;1:28.904|0.000|66.851;2:29.452|0.000|57.039;3:27.863|0.000|56.344;4:27.764|0.000|62.568;5:27.997|0.000|54.097;6:27.998|0.000|60.473;7:29.249|0.000|60.024;8:30.449|0.000|63.302;9:30.499|0.000|65.456;10:27.428|0.000|52.809;11:27.539|0.000|57.602;12:28.249|0.000|58.875;13:28.658|0.000|64.345;14:29.253|0.000|52.957;15:30.755|0.000|80.023;16:30.263|0.000|29.774;17:30.774|0.000|31.078;18:27.304|0.000|28.380;19:28.656|0.000|28.892;20:30.919|0.000|36.025;21:30.906|0.000|37.793;22:29.532|0.000|27.755;23:30.830|0.000|32.393;24:30.516|0.000|34.834;25:29.478|0.000|30.805;26:30.883|0.000|33.632;27:30.602|0.000|48.021;28:29.724|0.000|25.499;29:30.705|0.000|27.439"
84.669,"auto_larger_social_force_B",32.1025,0.0400,27.8345,0.0000,0.2920,20.0660,33.0291,27.7685,1.2804,1.4734,0,30,"0:28.609|0.000|55.318;1:28.923|0.000|66.907;2:29.452|0.000|57.089;3:27.863|0.000|56.386;4:27.764|0.000|62.613;5:27.988|0.000|54.131;6:27.997|0.000|60.516;7:29.253|0.000|60.063;8:30.450|0.000|63.345;9:30.500|0.000|65.501;10:27.434|0.000|52.856;11:27.539|0.000|57.649;12:28.250|0.000|58.918;13:28.656|0.000|64.386;14:29.246|0.000|53.008;15:30.756|0.000|80.023;16:30.256|0.000|29.726;17:30.775|0.000|31.036;18:27.294|0.000|28.334;19:28.641|0.000|28.851;20:30.916|0.000|35.978;21:30.908|0.000|37.747;22:29.518|0.000|27.720;23:30.828|0.000|32.354;24:30.516|0.000|34.790;25:29.484|0.000|30.762;26:30.880|0.000|33.591;27:30.601|0.000|47.972;28:29.715|0.000|25.455;29:30.697|0.000|27.391"
84.779,"auto_larger_social_force_B",32.1025,0.0400,27.8345,0.0000,0.2920,20.0660,33.0291,27.7685,1.2804,1.5003,0,30,"0:28.630|0.000|55.367;1:28.951|0.000|66.960;2:29.453|0.000|57.145;3:27.864|0.000|56.437;4:27.763|0.000|62.666;5:27.977|0.000|54.175;6:27.995|0.000|60.563;7:29.258|0.000|60.105;8:30.448|0.000|63.392;9:30.501|0.000|65.554;10:27.438|0.000|52.909;11:27.538|0.000|57.704;12:28.252|0.000|58.969;13:28.653|0.000|64.434;14:29.239|0.000|53.065;15:30.756|0.000|80.023;16:30.251|0.000|29.673;17:30.777|0.000|30.987;18:27.284|0.000|28.281;19:28.626|0.000|28.805;20:30.913|0.000|35.928;21:30.910|0.000|37.694;22:29.501|0.000|27.680;23:30.824|0.000|32.307;24:30.514|0.000|34.741;25:29.492|0.000|30.718;26:30.878|0.000|33.541;27:30.599|0.000|47.918;28:29.703|0.000|25.402;29:30.687|0.000|27.337"
84.883,"auto_larger_social_force_B",32.1025,0.0400,27.8345,0.0000,0.2920,20.0660,33.0291,27.7685,1.2804,1.5285,0,30,"0:28.650|0.000|55.411;1:28.975|0.000|66.992;2:29.454|0.000|57.201;3:27.864|0.000|56.490;4:27.762|0.000|62.719;5:27.965|0.000|54.223;6:27.992|0.000|60.606;7:29.265|0.000|60.150;8:30.446|0.000|63.435;9:30.503|0.000|65.609;10:27.441|0.000|52.962;11:27.537|0.000|57.757;12:28.252|0.000|59.023;13:28.649|0.000|64.478;14:29.234|0.000|53.120;15:30.756|0.000|80.023;16:30.247|0.000|29.623;17:30.779|0.000|30.940;18:27.274|0.000|28.226;19:28.612|0.000|28.762;20:30.911|0.000|35.879;21:30.912|0.000|37.643;22:29.484|0.000|27.644;23:30.821|0.000|32.256;24:30.512|0.000|34.691;25:29.502|0.000|30.674;26:30.876|0.000|33.490;27:30.598|0.000|47.864;28:29.692|0.000|25.348;29:30.677|0.000|27.283"
84.987,"auto_larger_social_force_B",32.1025,0.0400,27.8345,0.0000,0.2920,20.0660,33.0291,27.7685,1.2804,1.5558,0,30,"0:28.669|0.000|55.445;1:28.992|0.000|67.012;2:29.456|0.000|57.254;3:27.865|0.000|56.541;4:27.762|0.000|62.769;5:27.955|0.000|54.270;6:27.991|0.000|60.641;7:29.269|0.000|60.187;8:30.444|0.000|63.474;9:30.505|0.000|65.660;10:27.443|0.000|53.009;11:27.537|0.000|57.807;12:28.253|0.000|59.073;13:28.649|0.000|64.517;14:29.230|0.000|53.169;15:30.757|0.000|80.022;16:30.244|0.000|29.580;17:30.779|0.000|30.903;18:27.266|0.000|28.175;19:28.600|0.000|28.726;20:30.909|0.000|35.836;21:30.913|0.000|37.594;22:29.471|0.000|27.620;23:30.817|0.000|32.207;24:30.511|0.000|34.643;25:29.512|0.000|30.633;26:30.873|0.000|33.442;27:30.597|0.000|47.814;28:29.681|0.000|25.299;29:30.667|0.000|27.234"
85.096,"auto_larger_social_force_B",32.1025,0.0400,27.8345,0.0000,0.2920,20.0660,33.0291,27.7685,1.2804,1.5885,0,30,"0:28.690|0.000|55.486;1:29.007|0.000|67.026;2:29.460|0.000|57.314;3:27.867|0.000|56.598;4:27.761|0.000|62.826;5:27.945|0.000|54.324;6:27.991|0.000|60.682;7:29.272|0.000|60.227;8:30.443|0.000|63.517;9:30.510|0.000|65.716;10:27.443|0.000|53.062;11:27.537|0.000|57.861;12:28.255|0.000|59.128;13:28.649|0.000|64.565;14:29.224|0.000|53.223;15:30.761|0.000|80.020;16:30.242|0.000|29.534;17:30.776|0.000|30.858;18:27.258|0.000|28.114;19:28.586|0.000|28.682;20:30.906|0.000|35.788;21:30.914|0.000|37.539;22:29.459|0.000|27.590;23:30.812|0.000|32.151;24:30.510|0.000|34.587;25:29.520|0.000|30.598;26:30.868|0.000|33.387;27:30.596|0.000|47.758;28:29.670|0.000|25.244;29:30.656|0.000|27.179"
85.203,"auto_larger_social_force_B",32.1025,0.0400,27.8345,0.0000,0.2920,20.0660,33.0291,27.7685,1.2804,1.6220,0,30,"0:28.712|0.000|55.530;1:29.008|0.000|67.027;2:29.464|0.000|57.364;3:27.870|0.000|56.654;4:27.761|0.000|62.882;5:27.936|0.000|54.377;6:27.992|0.000|60.724;7:29.273|0.000|60.268;8:30.443|0.000|63.561;9:30.514|0.000|65.770;10:27.445|0.000|53.109;11:27.537|0.000|57.914;12:28.258|0.000|59.182;13:28.649|0.000|64.615;14:29.215|0.000|53.270;15:30.765|0.000|80.016;16:30.241|0.000|29.488;17:30.775|0.000|30.808;18:27.251|0.000|28.053;19:28.572|0.000|28.637;20:30.900|0.000|35.742;21:30.914|0.000|37.485;22:29.448|0.000|27.559;23:30.806|0.000|32.097;24:30.509|0.000|34.532;25:29.523|0.000|30.564;26:30.864|0.000|33.334;27:30.594|0.000|47.703;28:29.660|0.000|25.191;29:30.644|0.000|27.125"
85.320,"auto_larger_social_force_B",32.1025,0.0400,27.8345,0.0000,0.2920,20.0660,33.0291,27.7685,1.2804,1.6567,0,30,"0:28.729|0.000|55.567;1:29.010|0.000|67.028;2:29.466|0.000|57.414;3:27.873|0.000|56.710;4:27.762|0.000|62.939;5:27.926|0.000|54.432;6:27.994|0.000|60.770;7:29.273|0.000|60.313;8:30.445|0.000|63.611;9:30.516|0.000|65.824;10:27.455|0.000|53.155;11:27.535|0.000|57.968;12:28.260|0.000|59.236;13:28.650|0.000|64.667;14:29.204|0.000|53.316;15:30.769|0.000|80.009;16:30.239|0.000|29.445;17:30.774|0.000|30.755;18:27.243|0.000|27.995;19:28.557|0.000|28.591;20:30.893|0.000|35.695;21:30.914|0.000|37.431;22:29.437|0.000|27.526;23:30.800|0.000|32.043;24:30.507|0.000|34.478;25:29.526|0.000|30.523;26:30.862|0.000|33.281;27:30.591|0.000|47.650;28:29.650|0.000|25.138;29:30.632|0.000|27.072"
85.438,"auto_larger_social_force_B",32.1025,0.0400,27.8345,0.0000,0.2920,20.0660,33.0291,27.7685,1.2804,1.6948,0,30,"0:28.744|0.000|55.607;1:29.019|0.000|67.024;2:29.467|0.000|57.467;3:27.873|0.000|56.769;4:27.764|0.000|63.001;5:27.912|0.000|54.486;6:27.997|0.000|60.827;7:29.272|0.000|60.368;8:30.446|0.000|63.670;9:30.515|0.000|65.877;10:27.471|0.000|53.213;11:27.533|0.000|58.021;12:28.260|0.000|59.294;13:28.653|0.000|64.727;14:29.191|0.000|53.369;15:30.773|0.000|80.002;16:30.234|0.000|29.403;17:30.770|0.000|30.695;18:27.235|0.000|27.933;19:28.540|0.000|28.540;20:30.884|0.000|35.646;21:30.913|0.000|37.371;22:29.425|0.000|27.484;23:30.796|0.000|31.987;24:30.505|0.000|34.420;25:29.531|0.000|30.475;26:30.860|0.000|33.225;27:30.588|0.000|47.592;28:29.638|0.000|25.080;29:30.620|0.000|27.014"
85.542,"auto_larger_social_force_B",32.1025,0.0400,27.8345,0.0000,0.2920,20.0660,33.0291,27.7685,1.2804,1.7299,0,30,"0:28.756|0.000|55.648;1:29.074|0.000|67.012;2:29.466|0.000|57.522;3:27.871|0.000|56.818;4:27.764|0.000|63.056;5:27.897|0.000|54.535;6:28.000|0.000|60.881;7:29.271|0.000|60.423;8:30.447|0.000|63.726;9:30.512|0.000|65.924;10:27.488|0.000|53.265;11:27.529|0.000|58.070;12:28.257|0.000|59.343;13:28.656|0.000|64.781;14:29.178|0.000|53.413;15:30.776|0.000|80.000;16:30.229|0.000|29.363;17:30.767|0.000|30.640;18:27.226|0.000|27.878;19:28.525|0.000|28.492;20:30.874|0.000|35.605;21:30.912|0.000|37.318;22:29.415|0.000|27.440;23:30.795|0.000|31.942;24:30.505|0.000|34.369;25:29.535|0.000|30.428;26:30.860|0.000|33.178;27:30.588|0.000|47.542;28:29.628|0.000|25.028;29:30.609|0.000|26.961"
85.652,"auto_larger_social_force_B",32.1025,0.0400,27.8345,0.0000,0.2920,20.0660,33.0291,27.7685,1.2804,1.7650,0,30,"0:28.769|0.000|55.694;1:29.139|0.000|66.995;2:29.464|0.000|57.580;3:27.868|0.000|56.866;4:27.763|0.000|63.109;5:27.882|0.000|54.587;6:28.005|0.000|60.937;7:29.269|0.000|60.477;8:30.451|0.000|63.783;9:30.508|0.000|65.973;10:27.503|0.000|53.315;11:27.524|0.000|58.121;12:28.254|0.000|59.394;13:28.658|0.000|64.834;14:29.169|0.000|53.454;15:30.779|0.000|79.999;16:30.222|0.000|29.319;17:30.764|0.000|30.586;18:27.217|0.000|27.824;19:28.510|0.000|28.446;20:30.866|0.000|35.561;21:30.912|0.000|37.265;22:29.405|0.000|27.391;23:30.797|0.000|31.900;24:30.505|0.000|34.321;25:29.537|0.000|30.377;26:30.861|0.000|33.133;27:30.589|0.000|47.496;28:29.618|0.000|24.976;29:30.599|0.000|26.910"
85.764,"auto_larger_social_force_B",32.1025,0.0400,27.8345,0.0000,0.2920,20.0660,33.0291,27.7685,1.2804,1.8009,0,30,"0:28.783|0.000|55.745;1:29.195|0.000|66.977;2:29.462|0.000|57.637;3:27.864|0.000|56.917;4:27.761|0.000|63.156;5:27.870|0.000|54.630;6:28.011|0.000|60.990;7:29.266|0.000|60.531;8:30.455|0.000|63.839;9:30.503|0.000|66.014;10:27.518|0.000|53.365;11:27.519|0.000|58.172;12:28.250|0.000|59.445;13:28.660|0.000|64.884;14:29.163|0.000|53.496;15:30.781|0.000|79.998;16:30.215|0.000|29.270;17:30.763|0.000|30.536;18:27.208|0.000|27.772;19:28.496|0.000|28.399;20:30.860|0.000|35.517;21:30.913|0.000|37.213;22:29.394|0.000|27.342;23:30.800|0.000|31.855;24:30.508|0.000|34.272;25:29.538|0.000|30.328;26:30.863|0.000|33.088;27:30.591|0.000|47.447;28:29.609|0.000|24.929;29:30.589|0.000|26.858"
85.865,"auto_larger_social_force_B",32.1025,0.0400,27.8345,0.0000,0.2920,20.0660,33.0291,27.7685,1.2804,1.8327,0,30,"0:28.796|0.000|55.794;1:29.244|0.000|66.959;2:29.461|0.000|57.690;3:27.861|0.000|56.959;4:27.759|0.000|63.200;5:27.866|0.000|54.660;6:28.015|0.000|61.036;7:29.263|0.000|60.580;8:30.458|0.000|63.889;9:30.504|0.000|66.048;10:27.531|0.000|53.412;11:27.516|0.000|58.220;12:28.247|0.000|59.490;13:28.660|0.000|64.927;14:29.157|0.000|53.539;15:30.783|0.000|79.998;16:30.207|0.000|29.221;17:30.763|0.000|30.490;18:27.200|0.000|27.724;19:28.483|0.000|28.356;20:30.853|0.000|35.471;21:30.913|0.000|37.167;22:29.383|0.000|27.297;23:30.804|0.000|31.815;24:30.512|0.000|34.223;25:29.540|0.000|30.281;26:30.865|0.000|33.049;27:30.595|0.000|47.400;28:29.601|0.000|24.882;29:30.581|0.000|26.813"
85.975,"auto_larger_social_force_B",32.1025,0.0400,27.8345,0.0000,0.2920,20.0660,33.0291,27.7685,1.2804,1.8680,0,30,"0:28.809|0.000|55.849;1:29.296|0.000|66.942;2:29.459|0.000|57.748;3:27.861|0.000|57.005;4:27.754|0.000|63.249;5:27.864|0.000|54.698;6:28.017|0.000|61.082;7:29.263|0.000|60.631;8:30.458|0.000|63.941;9:30.506|0.000|66.089;10:27.545|0.000|53.462;11:27.513|0.000|58.273;12:28.245|0.000|59.542;13:28.659|0.000|64.970;14:29.150|0.000|53.589;15:30.785|0.000|79.997;16:30.198|0.000|29.166;17:30.763|0.000|30.446;18:27.191|0.000|27.673;19:28.469|0.000|28.310;20:30.847|0.000|35.419;21:30.915|0.000|37.115;22:29.371|0.000|27.248;23:30.806|0.000|31.774;24:30.515|0.000|34.172;25:29.544|0.000|30.230;26:30.864|0.000|33.009;27:30.599|0.000|47.351;28:29.592|0.000|24.830;29:30.571|0.000|26.765"
86.094,"auto_larger_social_force_B",32.1025,0.0400,27.8345,0.0000,0.2920,20.0660,33.0291,27.7685,1.2804,1.9101,0,30,"0:28.822|0.000|55.909;1:29.352|0.000|66.922;2:29.459|0.000|57.810;3:27.859|0.000|57.067;4:27.748|0.000|63.306;5:27.861|0.000|54.747;6:28.015|0.000|61.128;7:29.267|0.000|60.683;8:30.456|0.000|63.993;9:30.508|0.000|66.140;10:27.559|0.000|53.515;11:27.507|0.000|58.336;12:28.241|0.000|59.602;13:28.656|0.000|65.018;14:29.143|0.000|53.648;15:30.787|0.000|79.996;16:30.186|0.000|29.107;17:30.767|0.000|30.398;18:27.183|0.000|27.617;19:28.454|0.000|28.260;20:30.841|0.000|35.360;21:30.916|0.000|37.060;22:29.357|0.000|27.200;23:30.806|0.000|31.724;24:30.518|0.000|34.116;25:29.548|0.000|30.174;26:30.863|0.000|32.965;27:30.601|0.000|47.295;28:29.582|0.000|24.769;29:30.559|0.000|26.710"
86.196,"auto_larger_social_force_B",32.1025,0.0400,27.8345,0.0000,0.2920,20.0660,33.0291,27.7685,1.2804,1.9470,0,30,"0:28.834|0.000|55.958;1:29.397|0.000|66.905;2:29.460|0.000|57.861;3:27.855|0.000|57.119;4:27.744|0.000|63.355;5:27.859|0.000|54.792;6:28.010|0.000|61.173;7:29.272|0.000|60.726;8:30.453|0.000|64.039;9:30.510|0.000|66.186;10:27.570|0.000|53.557;11:27.503|0.000|58.389;12:28.239|0.000|59.651;13:28.652|0.000|65.056;14:29.138|0.000|53.698;15:30.788|0.000|79.996;16:30.176|0.000|29.059;17:30.771|0.000|30.358;18:27.176|0.000|27.570;19:28.441|0.000|28.219;20:30.836|0.000|35.311;21:30.916|0.000|37.017;22:29.346|0.000|27.164;23:30.808|0.000|31.679;24:30.519|0.000|34.067;25:29.552|0.000|30.126;26:30.860|0.000|32.924;27:30.602|0.000|47.246;28:29.575|0.000|24.716;29:30.548|0.000|26.663"
86.306,"auto_larger_social_force_B",32.1025,0.0400,27.8345,0.0000,0.2920,20.0660,33.0291,27.7685,1.2804,1.9893,0,30,"0:28.850|0.000|56.009;1:29.443|0.000|66.883;2:29.461|0.000|57.915;3:27.854|0.000|57.175;4:27.740|0.000|63.409;5:27.856|0.000|54.843;6:28.005|0.000|61.221;7:29.279|0.000|60.771;8:30.448|0.000|64.089;9:30.515|0.000|66.237;10:27.584|0.000|53.597;11:27.501|0.000|58.443;12:28.239|0.000|59.704;13:28.649|0.000|65.095;14:29.133|0.000|53.751;15:30.789|0.000|79.996;16:30.167|0.000|29.008;17:30.774|0.000|30.319;18:27.169|0.000|27.522;19:28.427|0.000|28.174;20:30.830|0.000|35.260;21:30.915|0.000|36.967;22:29.334|0.000|27.122;23:30.810|0.000|31.628;24:30.520|0.000|34.015;25:29.555|0.000|30.072;26:30.857|0.000|32.875;27:30.604|0.000|47.193;28:29.567|0.000|24.658;29:30.535|0.000|26.609"
86.408,"auto_larger_social_force_B",32.1025,0.0400,27.8345,0.0000,0.2920,20.0660,33.0291,27.7685,1.2804,2.0298,0,30,"0:28.867|0.000|56.054;1:29.482|0.000|66.864;2:29.459|0.000|57.966;3:27.854|0.000|57.227;4:27.736|0.000|63.461;5:27.854|0.000|54.892;6:28.002|0.000|61.253;7:29.287|0.000|60.801;8:30.445|0.000|64.128;9:30.520|0.000|66.285;10:27.599|0.000|53.630;11:27.499|0.000|58.492;12:28.239|0.000|59.754;13:28.646|0.000|65.131;14:29.126|0.000|53.800;15:30.789|0.000|79.996;16:30.162|0.000|28.964;17:30.776|0.000|30.284;18:27.162|0.000|27.474;19:28.412|0.000|28.134;20:30.824|0.000|35.213;21:30.914|0.000|36.920;22:29.325|0.000|27.082;23:30.808|0.000|31.579;24:30.521|0.000|33.965;25:29.555|0.000|30.024;26:30.854|0.000|32.826;27:30.605|0.000|47.142;28:29.559|0.000|24.608;29:30.524|0.000|26.558"
86.518,"auto_larger_social_force_B",32.1025,0.0400,27.8345,0.0000,0.2920,20.0660,33.0291,27.7685,1.2804,2.0744,0,30,"0:28.887|0.000|56.104;1:29.522|0.000|66.840;2:29.457|0.000|58.014;3:27.854|0.000|57.282;4:27.733|0.000|63.518;5:27.852|0.000|54.945;6:28.003|0.000|61.289;7:29.291|0.000|60.833;8:30.446|0.000|64.170;9:30.526|0.000|66.337;10:27.618|0.000|53.661;11:27.497|0.000|58.545;12:28.240|0.000|59.807;13:28.645|0.000|65.171;14:29.118|0.000|53.853;15:30.789|0.000|79.996;16:30.160|0.000|28.920;17:30.776|0.000|30.247;18:27.154|0.000|27.422;19:28.396|0.000|28.090;20:30.817|0.000|35.163;21:30.913|0.000|36.868;22:29.319|0.000|27.048;23:30.807|0.000|31.525;24:30.521|0.000|33.912;25:29.552|0.000|29.982;26:30.850|0.000|32.771;27:30.606|0.000|47.087;28:29.551|0.000|24.554;29:30.512|0.000|26.503"
86.623,"auto_larger_social_force_B",32.1025,0.0400,27.8345,0.0000,0.2920,20.0660,33.0291,27.7685,1.2804,2.1209,0,30,"0:28.905|0.000|56.149;1:29.555|0.000|66.818;2:29.453|0.000|58.063;3:27.854|0.000|57.337;4:27.730|0.000|63.574;5:27.848|0.000|55.000;6:28.005|0.000|61.332;7:29.293|0.000|60.870;8:30.447|0.000|64.218;9:30.529|0.000|66.393;10:27.640|0.000|53.692;11:27.493|0.000|58.598;12:28.240|0.000|59.860;13:28.643|0.000|65.216;14:29.109|0.000|53.905;15:30.789|0.000|79.996;16:30.158|0.000|28.871;17:30.776|0.000|30.204;18:27.146|0.000|27.367;19:28.379|0.000|28.047;20:30.809|0.000|35.118;21:30.912|0.000|36.812;22:29.315|0.000|27.014;23:30.806|0.000|31.471;24:30.521|0.000|33.858;25:29.542|0.000|29.938;26:30.844|0.000|32.716;27:30.605|0.000|47.033;28:29.543|0.000|24.501;29:30.498|0.000|26.448"
86.734,"auto_larger_social_force_B",32.1025,0.0400,27.8345,0.0000,0.2920,20.0660,33.0291,27.7685,1.2804,2.1670,0,30,"0:28.920|0.000|56.183;1:29.585|0.000|66.793;2:29.447|0.000|58.115;3:27.852|0.000|57.391;4:27.728|0.000|63.630;5:27.844|0.000|55.054;6:28.005|0.000|61.380;7:29.295|0.000|60.913;8:30.448|0.000|64.269;9:30.530|0.000|66.458;10:27.663|0.000|53.718;11:27.489|0.000|58.649;12:28.238|0.000|59.913;13:28.641|0.000|65.267;14:29.101|0.000|53.957;15:30.790|0.000|79.996;16:30.157|0.000|28.826;17:30.774|0.000|30.155;18:27.137|0.000|27.310;19:28.362|0.000|28.007;20:30.800|0.000|35.074;21:30.911|0.000|36.757;22:29.313|0.000|26.979;23:30.806|0.000|31.419;24:30.522|0.000|33.805;25:29.531|0.000|29.889;26:30.838|0.000|32.663;27:30.606|0.000|46.980;28:29.534|0.000|24.449;29:30.484|0.000|26.394"
86.838,"auto_larger_social_force_B",32.1025,0.0400,27.8345,0.0000,0.2920,20.0660,33.0291,27.7685,1.2804,2.1701,0,30,"0:28.928|0.000|56.217;1:29.605|0.000|66.771;2:29.442|0.000|58.162;3:27.849|0.000|57.438;4:27.726|0.000|63.679;5:27.840|0.000|55.103;6:28.007|0.000|61.427;7:29.297|0.000|60.957;8:30.448|0.000|64.320;9:30.519|0.000|66.493;10:27.681|0.000|53.740;11:27.486|0.000|58.695;12:28.236|0.000|59.960;13:28.640|0.000|65.316;14:29.093|0.000|54.005;15:30.790|0.000|79.996;16:30.155|0.000|28.791;17:30.773|0.000|30.107;18:27.130|0.000|27.258;19:28.346|0.000|27.969;20:30.791|0.000|35.031;21:30.908|0.000|36.706;22:29.312|0.000|26.944;23:30.808|0.000|31.371;24:30.523|0.000|33.756;25:29.521|0.000|29.841;26:30.833|0.000|32.614;27:30.608|0.000|46.932;28:29.526|0.000|24.402;29:30.471|0.000|26.345"
86.938,"auto_larger_social_force_B",32.1025,0.0400,27.8345,0.0000,0.2920,20.0660,33.0291,27.7685,1.2804,2.1589,0,30,"0:28.937|0.000|56.255;1:29.615|0.000|66.753;2:29.439|0.000|58.208;3:27.846|0.000|57.483;4:27.721|0.000|63.727;5:27.836|0.000|55.151;6:28.009|0.000|61.476;7:29.297|0.000|61.004;8:30.449|0.000|64.372;9:30.513|0.000|66.503;10:27.698|0.000|53.764;11:27.481|0.000|58.741;12:28.234|0.000|60.004;13:28.641|0.000|65.364;14:29.088|0.000|54.048;15:30.790|0.000|79.996;16:30.149|0.000|28.754;17:30.770|0.000|30.058;18:27.122|0.000|27.207;19:28.332|0.000|27.931;20:30.783|0.000|34.988;21:30.906|0.000|36.658;22:29.312|0.000|26.905;23:30.810|0.000|31.327;24:30.524|0.000|33.710;25:29.512|0.000|29.794;26:30.833|0.000|32.571;27:30.610|0.000|46.888;28:29.518|0.000|24.356;29:30.461|0.000|26.299"
87.038,"auto_larger_social_force_B",32.1025,0.0400,27.8345,0.0000,0.2920,20.0660,33.0291,27.7685,1.2804,2.1459,0,30,"0:28.948|0.000|56.300;1:29.619|0.000|66.737;2:29.436|0.000|58.256;3:27.842|0.000|57.529;4:27.717|0.000|63.772;5:27.833|0.000|55.199;6:28.013|0.000|61.525;7:29.297|0.000|61.054;8:30.450|0.000|64.424;9:30.510|0.000|66.507;10:27.718|0.000|53.792;11:27.477|0.000|58.786;12:28.231|0.000|60.051;13:28.642|0.000|65.413;14:29.086|0.000|54.090;15:30.790|0.000|79.996;16:30.144|0.000|28.711;17:30.766|0.000|30.007;18:27.113|0.000|27.156;19:28.316|0.000|27.889;20:30.777|0.000|34.946;21:30.904|0.000|36.609;22:29.312|0.000|26.861;23:30.813|0.000|31.284;24:30.525|0.000|33.662;25:29.504|0.000|29.746;26:30.833|0.000|32.528;27:30.613|0.000|46.842;28:29.510|0.000|24.308;29:30.452|0.000|26.255"
87.149,"auto_larger_social_force_B",32.1025,0.0400,27.8345,0.0000,0.2920,20.0660,33.0291,27.7685,1.2804,2.1316,0,30,"0:28.959|0.000|56.351;1:29.617|0.000|66.726;2:29.433|0.000|58.310;3:27.837|0.000|57.576;4:27.713|0.000|63.817;5:27.831|0.000|55.247;6:28.015|0.000|61.578;7:29.297|0.000|61.109;8:30.450|0.000|64.478;9:30.521|0.000|66.519;10:27.740|0.000|53.823;11:27.474|0.000|58.832;12:28.229|0.000|60.098;13:28.643|0.000|65.463;14:29.088|0.000|54.134;15:30.790|0.000|79.996;16:30.138|0.000|28.662;17:30.761|0.000|29.953;18:27.103|0.000|27.103;19:28.300|0.000|27.843;20:30.773|0.000|34.901;21:30.902|0.000|36.557;22:29.313|0.000|26.812;23:30.816|0.000|31.236;24:30.527|0.000|33.611;25:29.496|0.000|29.695;26:30.835|0.000|32.480;27:30.616|0.000|46.793;28:29.501|0.000|24.257;29:30.444|0.000|26.208"
87.261,"auto_larger_social_force_B",32.1025,0.0400,27.8345,0.0000,0.2920,20.0660,33.0291,27.7685,1.2804,2.1174,0,30,"0:28.968|0.000|56.409;1:29.608|0.000|66.706;2:29.430|0.000|58.372;3:27.834|0.000|57.624;4:27.707|0.000|63.865;5:27.831|0.000|55.301;6:28.017|0.000|61.635;7:29.300|0.000|61.166;8:30.449|0.000|64.533;9:30.554|0.000|66.544;10:27.766|0.000|53.863;11:27.471|0.000|58.884;12:28.230|0.000|60.146;13:28.642|0.000|65.513;14:29.091|0.000|54.183;15:30.790|0.000|79.996;16:30.130|0.000|28.605;17:30.758|0.000|29.896;18:27.094|0.000|27.047;19:28.282|0.000|27.792;20:30.769|0.000|34.849;21:30.903|0.000|36.505;22:29.316|0.000|26.759;23:30.818|0.000|31.190;24:30.529|0.000|33.557;25:29.488|0.000|29.641;26:30.839|0.000|32.430;27:30.620|0.000|46.744;28:29.490|0.000|24.200;29:30.437|0.000|26.153"
87.369,"auto_larger_social_force_B",32.1025,0.0400,27.8345,0.0000,0.2920,20.0660,33.0291,27.7685,1.2804,2.1075,0,30,"0:28.977|0.000|56.459;1:29.601|0.000|66.686;2:29.429|0.000|58.423;3:27.833|0.000|57.663;4:27.700|0.000|63.905;5:27.831|0.000|55.347;6:28.017|0.000|61.682;7:29.303|0.000|61.214;8:30.446|0.000|64.577;9:30.576|0.000|66.564;10:27.789|0.000|53.902;11:27.471|0.000|58.929;12:28.232|0.000|60.186;13:28.639|0.000|65.551;14:29.093|0.000|54.232;15:30.790|0.000|79.996;16:30.122|0.000|28.555;17:30.758|0.000|29.849;18:27.088|0.000|27.002;19:28.268|0.000|27.749;20:30.765|0.000|34.804;21:30.905|0.000|36.461;22:29.318|0.000|26.714;23:30.817|0.000|31.153;24:30.529|0.000|33.512;25:29.481|0.000|29.597;26:30.840|0.000|32.395;27:30.622|0.000|46.702;28:29.481|0.000|24.154;29:30.432|0.000|26.107"
87.482,"auto_larger_social_force_B",32.1025,0.0400,27.8345,0.0000,0.2920,20.0660,33.0291,27.7685,1.2804,2.0973,0,30,"0:28.990|0.000|56.519;1:29.593|0.000|66.661;2:29.428|0.000|58.484;3:27.833|0.000|57.712;4:27.693|0.000|63.952;5:27.832|0.000|55.405;6:28.016|0.000|61.733;7:29.308|0.000|61.265;8:30.442|0.000|64.623;9:30.603|0.000|66.589;10:27.818|0.000|53.948;11:27.469|0.000|58.985;12:28.235|0.000|60.237;13:28.631|0.000|65.591;14:29.092|0.000|54.293;15:30.790|0.000|79.996;16:30.113|0.000|28.497;17:30.760|0.000|29.798;18:27.084|0.000|26.952;19:28.251|0.000|27.699;20:30.762|0.000|34.748;21:30.908|0.000|36.405;22:29.320|0.000|26.662;23:30.815|0.000|31.109;24:30.527|0.000|33.458;25:29.471|0.000|29.547;26:30.837|0.000|32.351;27:30.623|0.000|46.653;28:29.469|0.000|24.099;29:30.423|0.000|26.051"
87.582,"auto_larger_social_force_B",32.1025,0.0400,27.8345,0.0000,0.2920,20.0660,33.0291,27.7685,1.2804,2.0889,0,30,"0:29.002|0.000|56.571;1:29.587|0.000|66.639;2:29.427|0.000|58.533;3:27.833|0.000|57.758;4:27.689|0.000|63.991;5:27.831|0.000|55.455;6:28.015|0.000|61.777;7:29.313|0.000|61.302;8:30.438|0.000|64.658;9:30.627|0.000|66.612;10:27.843|0.000|53.986;11:27.467|0.000|59.035;12:28.239|0.000|60.282;13:28.623|0.000|65.627;14:29.092|0.000|54.344;15:30.790|0.000|79.996;16:30.106|0.000|28.450;17:30.763|0.000|29.752;18:27.082|0.000|26.906;19:28.236|0.000|27.658;20:30.759|0.000|34.702;21:30.911|0.000|36.359;22:29.319|0.000|26.622;23:30.813|0.000|31.067;24:30.524|0.000|33.412;25:29.462|0.000|29.508;26:30.835|0.000|32.308;27:30.623|0.000|46.609;28:29.458|0.000|24.050;29:30.415|0.000|26.002"
87.688,"auto_larger_social_force_B",32.1025,0.0400,27.8345,0.0000,0.2920,20.0660,33.0291,27.7685,1.2804,2.0806,0,30,"0:29.016|0.000|56.625;1:29.582|0.000|66.613;2:29.425|0.000|58.583;3:27.833|0.000|57.808;4:27.684|0.000|64.034;5:27.831|0.000|55.506;6:28.013|0.000|61.820;7:29.319|0.000|61.341;8:30.432|0.000|64.691;9:30.653|0.000|66.639;10:27.869|0.000|54.024;11:27.465|0.000|59.086;12:28.241|0.000|60.331;13:28.613|0.000|65.661;14:29.092|0.000|54.395;15:30.790|0.000|79.996;16:30.101|0.000|28.402;17:30.766|0.000|29.707;18:27.080|0.000|26.860;19:28.219|0.000|27.618;20:30.756|0.000|34.654;21:30.912|0.000|36.312;22:29.315|0.000|26.583;23:30.810|0.000|31.021;24:30.521|0.000|33.364;25:29.452|0.000|29.474;26:30.833|0.000|32.262;27:30.623|0.000|46.561;28:29.447|0.000|23.999;29:30.407|0.000|25.951"
87.802,"auto_larger_social_force_B",32.1025,0.0400,27.8345,0.0000,0.2920,20.0660,33.0291,27.7685,1.2804,2.0717,0,30,"0:29.032|0.000|56.683;1:29.575|0.000|66.582;2:29.422|0.000|58.641;3:27.832|0.000|57.869;4:27.677|0.000|64.089;5:27.831|0.000|55.566;6:28.013|0.000|61.865;7:29.325|0.000|61.389;8:30.423|0.000|64.732;9:30.685|0.000|66.678;10:27.900|0.000|54.067;11:27.464|0.000|59.147;12:28.245|0.000|60.389;13:28.604|0.000|65.696;14:29.092|0.000|54.456;15:30.790|0.000|79.996;16:30.096|0.000|28.350;17:30.766|0.000|29.666;18:27.078|0.000|26.807;19:28.201|0.000|27.573;20:30.754|0.000|34.599;21:30.913|0.000|36.255;22:29.309|0.000|26.536;23:30.806|0.000|30.964;24:30.519|0.000|33.305;25:29.439|0.000|29.438;26:30.829|0.000|32.204;27:30.624|0.000|46.502;28:29.434|0.000|23.940;29:30.397|0.000|25.890"
87.907,"auto_larger_social_force_B",32.1025,0.0400,27.8345,0.0000,0.2920,20.0660,33.0291,27.7685,1.2804,2.0655,0,30,"0:29.039|0.000|56.722;1:29.570|0.000|66.556;2:29.419|0.000|58.689;3:27.834|0.000|57.921;4:27.672|0.000|64.139;5:27.831|0.000|55.616;6:28.016|0.000|61.901;7:29.329|0.000|61.425;8:30.415|0.000|64.767;9:30.715|0.000|66.715;10:27.924|0.000|54.099;11:27.464|0.000|59.196;12:28.249|0.000|60.438;13:28.598|0.000|65.728;14:29.091|0.000|54.509;15:30.790|0.000|79.996;16:30.092|0.000|28.310;17:30.763|0.000|29.629;18:27.074|0.000|26.761;19:28.189|0.000|27.540;20:30.750|0.000|34.552;21:30.914|0.000|36.206;22:29.303|0.000|26.500;23:30.801|0.000|30.913;24:30.518|0.000|33.256;25:29.426|0.000|29.404;26:30.825|0.000|32.154;27:30.624|0.000|46.451;28:29.425|0.000|23.890;29:30.387|0.000|25.839"
88.009,"auto_larger_social_force_B",32.1025,0.0400,27.8345,0.0000,0.2920,20.0660,33.0291,27.7685,1.2804,2.0596,0,30,"0:29.043|0.000|56.764;1:29.563|0.000|66.532;2:29.416|0.000|58.733;3:27.836|0.000|57.972;4:27.667|0.000|64.189;5:27.832|0.000|55.665;6:28.020|0.000|61.936;7:29.330|0.000|61.457;8:30.408|0.000|64.800;9:30.744|0.000|66.752;10:27.947|0.000|54.129;11:27.463|0.000|59.244;12:28.254|0.000|60.486;13:28.590|0.000|65.763;14:29.089|0.000|54.559;15:30.790|0.000|79.996;16:30.090|0.000|28.271;17:30.759|0.000|29.588;18:27.070|0.000|26.712;19:28.180|0.000|27.507;20:30.745|0.000|34.507;21:30.915|0.000|36.157;22:29.298|0.000|26.479;23:30.795|0.000|30.864;24:30.515|0.000|33.207;25:29.411|0.000|29.369;26:30.821|0.000|32.106;27:30.623|0.000|46.401;28:29.416|0.000|23.842;29:30.377|0.000|25.789"
88.110,"auto_larger_social_force_B",32.1025,0.0400,27.8345,0.0000,0.2920,20.0660,33.0291,27.7685,1.2804,2.0533,0,30,"0:29.043|0.000|56.812;1:29.555|0.000|66.507;2:29.412|0.000|58.780;3:27.838|0.000|58.022;4:27.663|0.000|64.241;5:27.831|0.000|55.716;6:28.024|0.000|61.977;7:29.331|0.000|61.492;8:30.400|0.000|64.836;9:30.775|0.000|66.790;10:27.971|0.000|54.163;11:27.461|0.000|59.293;12:28.258|0.000|60.534;13:28.580|0.000|65.798;14:29.087|0.000|54.600;15:30.790|0.000|79.996;16:30.088|0.000|28.231;17:30.756|0.000|29.543;18:27.066|0.000|26.661;19:28.171|0.000|27.470;20:30.739|0.000|34.462;21:30.915|0.000|36.106;22:29.296|0.000|26.451;23:30.789|0.000|30.814;24:30.513|0.000|33.158;25:29.396|0.000|29.335;26:30.818|0.000|32.057;27:30.622|0.000|46.351;28:29.406|0.000|23.793;29:30.368|0.000|25.740"
88.218,"auto_larger_social_force_B",32.1025,0.0400,27.8345,0.0000,0.2920,20.0660,33.0291,27.7685,1.2804,2.0487,0,30,"0:29.041|0.000|56.871;1:29.545|0.000|66.482;2:29.409|0.000|58.828;3:27.839|0.000|58.075;4:27.660|0.000|64.296;5:27.830|0.000|55.769;6:28.030|0.000|62.028;7:29.330|0.000|61.534;8:30.391|0.000|64.879;9:30.809|0.000|66.833;10:27.993|0.000|54.200;11:27.458|0.000|59.340;12:28.260|0.000|60.586;13:28.568|0.000|65.840;14:29.085|0.000|54.648;15:30.790|0.000|79.996;16:30.085|0.000|28.192;17:30.751|0.000|29.491;18:27.061|0.000|26.604;19:28.162|0.000|27.427;20:30.731|0.000|34.410;21:30.914|0.000|36.052;22:29.295|0.000|26.419;23:30.783|0.000|30.760;24:30.511|0.000|33.104;25:29.382|0.000|29.298;26:30.816|0.000|32.004;27:30.621|0.000|46.297;28:29.396|0.000|23.741;29:30.359|0.000|25.686"
88.327,"auto_larger_social_force_B",32.1025,0.0400,27.8345,0.0000,0.2920,20.0660,33.0291,27.7685,1.2804,2.0468,0,30,"0:29.039|0.000|56.932;1:29.535|0.000|66.458;2:29.407|0.000|58.877;3:27.836|0.000|58.122;4:27.656|0.000|64.349;5:27.827|0.000|55.819;6:28.035|0.000|62.081;7:29.328|0.000|61.581;8:30.382|0.000|64.927;9:30.840|0.000|66.871;10:28.005|0.000|54.227;11:27.452|0.000|59.388;12:28.262|0.000|60.633;13:28.556|0.000|65.883;14:29.084|0.000|54.697;15:30.790|0.000|79.996;16:30.081|0.000|28.154;17:30.745|0.000|29.437;18:27.054|0.000|26.548;19:28.155|0.000|27.382;20:30.723|0.000|34.364;21:30.913|0.000|35.999;22:29.295|0.000|26.382;23:30.781|0.000|30.709;24:30.509|0.000|33.050;25:29.368|0.000|29.258;26:30.815|0.000|31.954;27:30.622|0.000|46.246;28:29.385|0.000|23.689;29:30.351|0.000|25.635"
88.436,"auto_larger_social_force_B",32.1025,0.0400,27.8345,0.0000,0.2920,20.0660,33.0291,27.7685,1.2804,2.0460,0,30,"0:29.036|0.000|56.992;1:29.531|0.000|66.443;2:29.407|0.000|58.925;3:27.831|0.000|58.170;4:27.649|0.000|64.398;5:27.825|0.000|55.870;6:28.043|0.000|62.137;7:29.325|0.000|61.634;8:30.374|0.000|64.978;9:30.871|0.000|66.907;10:28.014|0.000|54.254;11:27.446|0.000|59.438;12:28.262|0.000|60.683;13:28.543|0.000|65.926;14:29.088|0.000|54.753;15:30.790|0.000|79.996;16:30.075|0.000|28.112;17:30.739|0.000|29.383;18:27.048|0.000|26.492;19:28.146|0.000|27.334;20:30.716|0.000|34.320;21:30.914|0.000|35.946;22:29.295|0.000|26.340;23:30.780|0.000|30.662;24:30.508|0.000|33.000;25:29.354|0.000|29.214;26:30.814|0.000|31.907;27:30.625|0.000|46.199;28:29.376|0.000|23.638;29:30.344|0.000|25.585"
88.553,"auto_larger_social_force_B",32.1025,0.0400,27.8345,0.0000,0.2920,20.0660,33.0291,27.7685,1.2804,2.0249,0,30,"0:29.035|0.000|57.056;1:29.533|0.000|66.432;2:29.406|0.000|58.982;3:27.825|0.000|58.224;4:27.640|0.000|64.444;5:27.821|0.000|55.925;6:28.052|0.000|62.195;7:29.322|0.000|61.691;8:30.367|0.000|65.034;9:30.902|0.000|66.950;10:28.022|0.000|54.285;11:27.440|0.000|59.490;12:28.261|0.000|60.737;13:28.526|0.000|65.968;14:29.094|0.000|54.817;15:30.790|0.000|79.996;16:30.068|0.000|28.062;17:30.733|0.000|29.326;18:27.042|0.000|26.435;19:28.136|0.000|27.281;20:30.711|0.000|34.272;21:30.915|0.000|35.890;22:29.298|0.000|26.292;23:30.781|0.000|30.608;24:30.508|0.000|32.942;25:29.337|0.000|29.162;26:30.815|0.000|31.853;27:30.630|0.000|46.145;28:29.366|0.000|23.586;29:30.338|0.000|25.531"
88.655,"auto_larger_social_force_B",32.1025,0.0400,27.8345,0.0000,0.2920,20.0660,33.0291,27.7685,1.2804,1.9931,0,30,"0:29.035|0.000|57.108;1:29.538|0.000|66.419;2:29.406|0.000|59.033;3:27.820|0.000|58.264;4:27.630|0.000|64.485;5:27.817|0.000|55.974;6:28.059|0.000|62.244;7:29.318|0.000|61.740;8:30.362|0.000|65.082;9:30.926|0.000|66.988;10:28.028|0.000|54.316;11:27.436|0.000|59.535;12:28.261|0.000|60.783;13:28.509|0.000|66.002;14:29.099|0.000|54.871;15:30.790|0.000|79.996;16:30.062|0.000|28.015;17:30.729|0.000|29.279;18:27.038|0.000|26.387;19:28.128|0.000|27.235;20:30.707|0.000|34.229;21:30.916|0.000|35.843;22:29.300|0.000|26.247;23:30.782|0.000|30.564;24:30.508|0.000|32.893;25:29.322|0.000|29.116;26:30.816|0.000|31.812;27:30.636|0.000|46.099;28:29.358|0.000|23.539;29:30.333|0.000|25.488"
88.765,"auto_larger_social_force_B",32.1025,0.0400,27.8345,0.0000,0.2920,20.0660,33.0291,27.7685,1.2804,1.9593,0,30,"0:29.036|0.000|57.164;1:29.553|0.000|66.398;2:29.404|0.000|59.090;3:27.818|0.000|58.308;4:27.617|0.000|64.529;5:27.813|0.000|56.031;6:28.066|0.000|62.297;7:29.313|0.000|61.792;8:30.355|0.000|65.134;9:30.939|0.000|67.018;10:28.036|0.000|54.354;11:27.432|0.000|59.588;12:28.262|0.000|60.832;13:28.488|0.000|66.039;14:29.102|0.000|54.928;15:30.790|0.000|79.996;16:30.054|0.000|27.961;17:30.726|0.000|29.229;18:27.036|0.000|26.339;19:28.118|0.000|27.184;20:30.703|0.000|34.179;21:30.919|0.000|35.791;22:29.302|0.000|26.199;23:30.782|0.000|30.522;24:30.506|0.000|32.838;25:29.308|0.000|29.065;26:30.814|0.000|31.771;27:30.640|0.000|46.053;28:29.349|0.000|23.486;29:30.327|0.000|25.443"
88.868,"auto_larger_social_force_B",32.1025,0.0400,27.8345,0.0000,0.2920,20.0660,33.0291,27.7685,1.2804,1.9308,0,30,"0:29.036|0.000|57.215;1:29.567|0.000|66.377;2:29.405|0.000|59.143;3:27.817|0.000|58.351;4:27.607|0.000|64.561;5:27.808|0.000|56.084;6:28.069|0.000|62.341;7:29.309|0.000|61.839;8:30.347|0.000|65.176;9:30.943|0.000|67.041;10:28.043|0.000|54.392;11:27.429|0.000|59.636;12:28.264|0.000|60.879;13:28.471|0.000|66.068;14:29.105|0.000|54.981;15:30.790|0.000|79.996;16:30.045|0.000|27.912;17:30.723|0.000|29.186;18:27.034|0.000|26.295;19:28.108|0.000|27.137;20:30.700|0.000|34.132;21:30.920|0.000|35.746;22:29.302|0.000|26.156;23:30.778|0.000|30.482;24:30.505|0.000|32.785;25:29.295|0.000|29.019;26:30.810|0.000|31.734;27:30.642|0.000|46.009;28:29.341|0.000|23.434;29:30.320|0.000|25.402"
88.976,"auto_larger_social_force_B",32.1025,0.0400,27.8345,0.0000,0.2920,20.0660,33.0291,27.7685,1.2804,1.8997,0,30,"0:29.035|0.000|57.268;1:29.583|0.000|66.352;2:29.406|0.000|59.199;3:27.815|0.000|58.401;4:27.600|0.000|64.599;5:27.804|0.000|56.139;6:28.069|0.000|62.386;7:29.311|0.000|61.885;8:30.336|0.000|65.219;9:30.946|0.000|67.067;10:28.051|0.000|54.433;11:27.425|0.000|59.690;12:28.266|0.000|60.931;13:28.452|0.000|66.096;14:29.108|0.000|55.037;15:30.790|0.000|79.996;16:30.034|0.000|27.859;17:30.721|0.000|29.139;18:27.034|0.000|26.248;19:28.097|0.000|27.087;20:30.698|0.000|34.082;21:30.921|0.000|35.700;22:29.302|0.000|26.110;23:30.774|0.000|30.434;24:30.502|0.000|32.725;25:29.281|0.000|28.970;26:30.805|0.000|31.692;27:30.643|0.000|45.959;28:29.333|0.000|23.376;29:30.312|0.000|25.357"
89.082,"auto_larger_social_force_B",32.1025,0.0400,27.8345,0.0000,0.2920,20.0660,33.0291,27.7685,1.2804,1.8703,0,30,"0:29.033|0.000|57.320;1:29.604|0.000|66.324;2:29.407|0.000|59.255;3:27.813|0.000|58.455;4:27.592|0.000|64.642;5:27.803|0.000|56.194;6:28.070|0.000|62.435;7:29.315|0.000|61.930;8:30.323|0.000|65.262;9:30.948|0.000|67.099;10:28.058|0.000|54.476;11:27.423|0.000|59.744;12:28.268|0.000|60.984;13:28.431|0.000|66.127;14:29.109|0.000|55.093;15:30.790|0.000|79.996;16:30.025|0.000|27.807;17:30.720|0.000|29.094;18:27.034|0.000|26.203;19:28.087|0.000|27.038;20:30.694|0.000|34.030;21:30.920|0.000|35.651;22:29.301|0.000|26.068;23:30.770|0.000|30.383;24:30.500|0.000|32.667;25:29.265|0.000|28.924;26:30.799|0.000|31.644;27:30.646|0.000|45.907;28:29.325|0.000|23.319;29:30.303|0.000|25.306"
89.191,"auto_larger_social_force_B",32.1025,0.0400,27.8345,0.0000,0.2920,20.0660,33.0291,27.7685,1.2804,1.8425,0,30,"0:29.030|0.000|57.370;1:29.627|0.000|66.298;2:29.406|0.000|59.308;3:27.813|0.000|58.511;4:27.583|0.000|64.689;5:27.801|0.000|56.248;6:28.069|0.000|62.481;7:29.320|0.000|61.977;8:30.311|0.000|65.307;9:30.949|0.000|67.134;10:28.065|0.000|54.519;11:27.421|0.000|59.798;12:28.272|0.000|61.036;13:28.411|0.000|66.158;14:29.110|0.000|55.146;15:30.790|0.000|79.996;16:30.019|0.000|27.759;17:30.718|0.000|29.050;18:27.033|0.000|26.160;19:28.079|0.000|26.990;20:30.690|0.000|33.980;21:30.918|0.000|35.601;22:29.298|0.000|26.030;23:30.765|0.000|30.329;24:30.497|0.000|32.611;25:29.245|0.000|28.881;26:30.793|0.000|31.591;27:30.647|0.000|45.852;28:29.317|0.000|23.263;29:30.293|0.000|25.252"
89.294,"auto_larger_social_force_B",32.1025,0.0400,27.8345,0.0000,0.2920,20.0660,33.0291,27.7685,1.2804,1.8229,0,30,"0:29.027|0.000|57.414;1:29.650|0.000|66.272;2:29.404|0.000|59.354;3:27.813|0.000|58.562;4:27.573|0.000|64.735;5:27.800|0.000|56.297;6:28.071|0.000|62.518;7:29.326|0.000|62.012;8:30.303|0.000|65.330;9:30.950|0.000|67.170;10:28.072|0.000|54.558;11:27.419|0.000|59.846;12:28.275|0.000|61.083;13:28.392|0.000|66.188;14:29.112|0.000|55.195;15:30.790|0.000|79.996;16:30.016|0.000|27.720;17:30.712|0.000|29.014;18:27.030|0.000|26.123;19:28.073|0.000|26.949;20:30.686|0.000|33.934;21:30.917|0.000|35.553;22:29.295|0.000|25.997;23:30.759|0.000|30.279;24:30.495|0.000|32.561;25:29.226|0.000|28.842;26:30.787|0.000|31.541;27:30.648|0.000|45.803;28:29.309|0.000|23.215;29:30.284|0.000|25.201"
89.397,"auto_larger_social_force_B",32.1025,0.0400,27.8345,0.0000,0.2920,20.0660,33.0291,27.7685,1.2804,1.8014,0,30,"0:29.023|0.000|57.458;1:29.673|0.000|66.241;2:29.400|0.000|59.399;3:27.813|0.000|58.612;4:27.565|0.000|64.784;5:27.798|0.000|56.345;6:28.075|0.000|62.558;7:29.332|0.000|62.038;8:30.300|0.000|65.357;9:30.951|0.000|67.211;10:28.080|0.000|54.597;11:27.416|0.000|59.894;12:28.278|0.000|61.130;13:28.374|0.000|66.220;14:29.117|0.000|55.240;15:30.790|0.000|79.996;16:30.016|0.000|27.679;17:30.707|0.000|28.973;18:27.026|0.000|26.080;19:28.068|0.000|26.911;20:30.682|0.000|33.888;21:30.916|0.000|35.503;22:29.293|0.000|25.960;23:30.754|0.000|30.230;24:30.494|0.000|32.512;25:29.207|0.000|28.806;26:30.780|0.000|31.491;27:30.648|0.000|45.753;28:29.301|0.000|23.166;29:30.272|0.000|25.150"
89.497,"auto_larger_social_force_B",32.1025,0.0400,27.8345,0.0000,0.2920,20.0660,33.0291,27.7685,1.2804,1.7791,0,30,"0:29.020|0.000|57.498;1:29.698|0.000|66.208;2:29.395|0.000|59.446;3:27.811|0.000|58.662;4:27.558|0.000|64.833;5:27.795|0.000|56.393;6:28.079|0.000|62.602;7:29.333|0.000|62.070;8:30.301|0.000|65.385;9:30.955|0.000|67.251;10:28.089|0.000|54.636;11:27.412|0.000|59.941;12:28.280|0.000|61.177;13:28.358|0.000|66.248;14:29.125|0.000|55.284;15:30.790|0.000|79.996;16:30.016|0.000|27.639;17:30.700|0.000|28.929;18:27.022|0.000|26.034;19:28.065|0.000|26.874;20:30.678|0.000|33.845;21:30.915|0.000|35.453;22:29.291|0.000|25.927;23:30.749|0.000|30.182;24:30.493|0.000|32.464;25:29.192|0.000|28.783;26:30.772|0.000|31.442;27:30.649|0.000|45.705;28:29.294|0.000|23.120;29:30.261|0.000|25.100"
89.598,"auto_larger_social_force_B",32.1025,0.0400,27.8345,0.0000,0.2920,20.0660,33.0291,27.7685,1.2804,1.7551,0,30,"0:29.019|0.000|57.537;1:29.723|0.000|66.173;2:29.390|0.000|59.494;3:27.809|0.000|58.710;4:27.549|0.000|64.881;5:27.792|0.000|56.439;6:28.083|0.000|62.649;7:29.334|0.000|62.105;8:30.303|0.000|65.414;9:30.961|0.000|67.290;10:28.100|0.000|54.675;11:27.409|0.000|59.986;12:28.282|0.000|61.223;13:28.345|0.000|66.274;14:29.134|0.000|55.330;15:30.790|0.000|79.996;16:30.018|0.000|27.602;17:30.693|0.000|28.881;18:27.018|0.000|25.984;19:28.063|0.000|26.836;20:30.673|0.000|33.801;21:30.913|0.000|35.402;22:29.291|0.000|25.897;23:30.746|0.000|30.134;24:30.492|0.000|32.417;25:29.181|0.000|28.757;26:30.765|0.000|31.393;27:30.651|0.000|45.656;28:29.286|0.000|23.073;29:30.250|0.000|25.050"
89.708,"auto_larger_social_force_B",32.1025,0.0400,27.8345,0.0000,0.2920,20.0660,33.0291,27.7685,1.2804,1.7293,0,30,"0:29.019|0.000|57.580;1:29.751|0.000|66.135;2:29.386|0.000|59.544;3:27.805|0.000|58.760;4:27.538|0.000|64.932;5:27.787|0.000|56.490;6:28.089|0.000|62.702;7:29.336|0.000|62.147;8:30.311|0.000|65.443;9:30.967|0.000|67.328;10:28.111|0.000|54.718;11:27.403|0.000|60.037;12:28.284|0.000|61.272;13:28.332|0.000|66.304;14:29.145|0.000|55.375;15:30.790|0.000|79.996;16:30.016|0.000|27.566;17:30.686|0.000|28.826;18:27.014|0.000|25.927;19:28.062|0.000|26.797;20:30.669|0.000|33.752;21:30.910|0.000|35.348;22:29.292|0.000|25.865;23:30.743|0.000|30.084;24:30.490|0.000|32.368;25:29.168|0.000|28.723;26:30.759|0.000|31.342;27:30.654|0.000|45.605;28:29.277|0.000|23.021;29:30.239|0.000|24.998"
89.829,"auto_larger_social_force_B",32.1025,0.0400,27.8345,0.0000,0.2920,20.0660,33.0291,27.7685,1.2804,1.7042,0,30,"0:29.019|0.000|57.632;1:29.783|0.000|66.089;2:29.385|0.000|59.599;3:27.800|0.000|58.813;4:27.526|0.000|64.985;5:27.782|0.000|56.543;6:28.097|0.000|62.761;7:29.337|0.000|62.200;8:30.330|0.000|65.470;9:30.971|0.000|67.369;10:28.120|0.000|54.757;11:27.398|0.000|60.090;12:28.286|0.000|61.326;13:28.319|0.000|66.343;14:29.155|0.000|55.416;15:30.790|0.000|79.996;16:30.013|0.000|27.521;17:30.676|0.000|28.767;18:27.006|0.000|25.866;19:28.061|0.000|26.755;20:30.667|0.000|33.698;21:30.908|0.000|35.290;22:29.296|0.000|25.829;23:30.741|0.000|30.033;24:30.485|0.000|32.317;25:29.153|0.000|28.681;26:30.756|0.000|31.291;27:30.657|0.000|45.551;28:29.267|0.000|22.964;29:30.232|0.000|24.946"
89.941,"auto_larger_social_force_B",32.1025,0.0400,27.8345,0.0000,0.2920,20.0660,33.0291,27.7685,1.2804,1.6821,0,30,"0:29.020|0.000|57.690;1:29.823|0.000|66.026;2:29.382|0.000|59.658;3:27.795|0.000|58.864;4:27.514|0.000|65.033;5:27.779|0.000|56.593;6:28.104|0.000|62.818;7:29.336|0.000|62.256;8:30.365|0.000|65.517;9:30.974|0.000|67.405;10:28.127|0.000|54.792;11:27.394|0.000|60.140;12:28.287|0.000|61.376;13:28.307|0.000|66.388;14:29.161|0.000|55.460;15:30.790|0.000|79.996;16:30.011|0.000|27.472;17:30.666|0.000|28.709;18:26.998|0.000|25.808;19:28.058|0.000|26.715;20:30.666|0.000|33.642;21:30.906|0.000|35.234;22:29.301|0.000|25.791;23:30.741|0.000|29.981;24:30.478|0.000|32.265;25:29.137|0.000|28.633;26:30.755|0.000|31.240;27:30.662|0.000|45.496;28:29.256|0.000|22.908;29:30.227|0.000|24.896"
90.049,"auto_larger_social_force_B",32.1025,0.0400,27.8345,0.0000,0.2920,20.0660,33.0291,27.7685,1.2804,1.6639,0,30,"0:29.020|0.000|57.741;1:29.908|0.000|66.021;2:29.380|0.000|59.709;3:27.792|0.000|58.904;4:27.502|0.000|65.072;5:27.778|0.000|56.636;6:28.109|0.000|62.867;7:29.336|0.000|62.305;8:30.405|0.000|65.509;9:30.974|0.000|67.436;10:28.129|0.000|54.824;11:27.393|0.000|60.182;12:28.289|0.000|61.418;13:28.299|0.000|66.428;14:29.167|0.000|55.504;15:30.790|0.000|79.996;16:30.008|0.000|27.427;17:30.658|0.000|28.660;18:26.993|0.000|25.759;19:28.055|0.000|26.676;20:30.667|0.000|33.593;21:30.907|0.000|35.190;22:29.306|0.000|25.753;23:30.741|0.000|29.940;24:30.470|0.000|32.224;25:29.124|0.000|28.589;26:30.755|0.000|31.195;27:30.665|0.000|45.453;28:29.247|0.000|22.859;29:30.224|0.000|24.849"
90.159,"auto_larger_social_force_B",32.1025,0.0400,27.8345,0.0000,0.2920,20.0660,33.0291,27.7685,1.2804,1.6447,0,30,"0:29.022|0.000|57.799;1:29.936|0.000|66.053;2:29.379|0.000|59.765;3:27.790|0.000|58.947;4:27.489|0.000|65.118;5:27.777|0.000|56.685;6:28.113|0.000|62.918;7:29.337|0.000|62.358;8:30.475|0.000|65.492;9:30.972|0.000|67.472;10:28.130|0.000|54.861;11:27.392|0.000|60.230;12:28.292|0.000|61.466;13:28.294|0.000|66.474;14:29.174|0.000|55.556;15:30.790|0.000|79.996;16:30.004|0.000|27.374;17:30.652|0.000|28.610;18:26.990|0.000|25.711;19:28.050|0.000|26.629;20:30.668|0.000|33.540;21:30.909|0.000|35.141;22:29.312|0.000|25.709;23:30.738|0.000|29.897;24:30.459|0.000|32.182;25:29.109|0.000|28.538;26:30.756|0.000|31.152;27:30.667|0.000|45.407;28:29.237|0.000|22.811;29:30.222|0.000|24.803"
90.259,"auto_larger_social_force_B",32.1025,0.0400,27.8345,0.0000,0.2920,20.0660,33.0291,27.7685,1.2804,1.6280,0,30,"0:29.025|0.000|57.850;1:29.937|0.000|66.056;2:29.379|0.000|59.816;3:27.789|0.000|58.986;4:27.480|0.000|65.154;5:27.775|0.000|56.732;6:28.116|0.000|62.962;7:29.340|0.000|62.405;8:30.535|0.000|65.485;9:30.967|0.000|67.507;10:28.133|0.000|54.897;11:27.390|0.000|60.279;12:28.295|0.000|61.510;13:28.289|0.000|66.517;14:29.179|0.000|55.608;15:30.790|0.000|79.996;16:29.999|0.000|27.325;17:30.649|0.000|28.567;18:26.991|0.000|25.671;19:28.046|0.000|26.582;20:30.668|0.000|33.492;21:30.912|0.000|35.094;22:29.319|0.000|25.668;23:30.734|0.000|29.859;24:30.452|0.000|32.140;25:29.095|0.000|28.492;26:30.752|0.000|31.114;27:30.667|0.000|45.366;28:29.226|0.000|22.763;29:30.216|0.000|24.764"
90.370,"auto_larger_social_force_B",32.1025,0.0400,27.8345,0.0000,0.2920,20.0660,33.0291,27.7685,1.2804,1.6073,0,30,"0:29.029|0.000|57.910;1:29.913|0.000|66.053;2:29.378|0.000|59.876;3:27.790|0.000|59.036;4:27.476|0.000|65.187;5:27.774|0.000|56.790;6:28.118|0.000|63.014;7:29.344|0.000|62.457;8:30.598|0.000|65.477;9:30.957|0.000|67.553;10:28.137|0.000|54.940;11:27.388|0.000|60.337;12:28.299|0.000|61.564;13:28.285|0.000|66.566;14:29.184|0.000|55.669;15:30.790|0.000|79.996;16:29.995|0.000|27.270;17:30.646|0.000|28.514;18:26.993|0.000|25.623;19:28.039|0.000|26.524;20:30.667|0.000|33.437;21:30.915|0.000|35.039;22:29.328|0.000|25.620;23:30.729|0.000|29.812;24:30.444|0.000|32.087;25:29.078|0.000|28.440;26:30.748|0.000|31.064;27:30.667|0.000|45.315;28:29.213|0.000|22.704;29:30.208|0.000|24.714"
90.482,"auto_larger_social_force_B",32.1025,0.0400,27.8345,0.0000,0.2920,20.0660,33.0291,27.7685,1.2804,1.5882,0,30,"0:29.030|0.000|57.964;1:29.891|0.000|66.058;2:29.376|0.000|59.930;3:27.790|0.000|59.089;4:27.474|0.000|65.220;5:27.773|0.000|56.845;6:28.119|0.000|63.062;7:29.349|0.000|62.499;8:30.650|0.000|65.470;9:30.948|0.000|67.592;10:28.140|0.000|54.981;11:27.386|0.000|60.392;12:28.303|0.000|61.617;13:28.280|0.000|66.608;14:29.189|0.000|55.726;15:30.790|0.000|79.996;16:29.993|0.000|27.219;17:30.644|0.000|28.464;18:26.997|0.000|25.576;19:28.032|0.000|26.470;20:30.665|0.000|33.387;21:30.916|0.000|34.989;22:29.337|0.000|25.577;23:30.723|0.000|29.762;24:30.435|0.000|32.033;25:29.061|0.000|28.393;26:30.743|0.000|31.015;27:30.666|0.000|45.263;28:29.201|0.000|22.648;29:30.201|0.000|24.663"
90.583,"auto_larger_social_force_B",32.1025,0.0400,27.8345,0.0000,0.2920,20.0660,33.0291,27.7685,1.2804,1.5738,0,30,"0:29.028|0.000|58.009;1:29.856|0.000|66.057;2:29.373|0.000|59.979;3:27.791|0.000|59.140;4:27.472|0.000|65.255;5:27.773|0.000|56.896;6:28.121|0.000|63.102;7:29.354|0.000|62.534;8:30.695|0.000|65.464;9:30.939|0.000|67.629;10:28.144|0.000|55.020;11:27.386|0.000|60.443;12:28.306|0.000|61.666;13:28.276|0.000|66.645;14:29.195|0.000|55.777;15:30.790|0.000|79.996;16:29.993|0.000|27.174;17:30.642|0.000|28.422;18:27.001|0.000|25.541;19:28.025|0.000|26.421;20:30.663|0.000|33.341;21:30.916|0.000|34.940;22:29.344|0.000|25.537;23:30.717|0.000|29.713;24:30.428|0.000|31.982;25:29.045|0.000|28.355;26:30.739|0.000|30.966;27:30.666|0.000|45.213;28:29.191|0.000|22.598;29:30.194|0.000|24.613"
90.692,"auto_larger_social_force_B",32.1025,0.0400,27.8345,0.0000,0.2920,20.0660,33.0291,27.7685,1.2804,1.5625,0,30,"0:29.024|0.000|58.056;1:29.812|0.000|66.054;2:29.370|0.000|60.031;3:27.793|0.000|59.196;4:27.472|0.000|65.298;5:27.773|0.000|56.951;6:28.125|0.000|63.143;7:29.360|0.000|62.576;8:30.749|0.000|65.460;9:30.930|0.000|67.671;10:28.149|0.000|55.061;11:27.386|0.000|60.498;12:28.311|0.000|61.720;13:28.273|0.000|66.687;14:29.203|0.000|55.832;15:30.790|0.000|79.996;16:29.993|0.000|27.130;17:30.637|0.000|28.376;18:27.000|0.000|25.501;19:28.019|0.000|26.370;20:30.659|0.000|33.295;21:30.917|0.000|34.887;22:29.348|0.000|25.496;23:30.710|0.000|29.658;24:30.422|0.000|31.925;25:29.029|0.000|28.318;26:30.732|0.000|30.912;27:30.665|0.000|45.158;28:29.180|0.000|22.543;29:30.184|0.000|24.557"
90.804,"auto_larger_social_force_B",32.1025,0.0400,27.8345,0.0000,0.2920,20.0660,33.0291,27.7685,1.2804,1.5516,0,30,"0:29.019|0.000|58.107;1:29.767|0.000|66.050;2:29.366|0.000|60.084;3:27.796|0.000|59.253;4:27.471|0.000|65.346;5:27.773|0.000|57.006;6:28.130|0.000|63.184;7:29.365|0.000|62.616;8:30.813|0.000|65.457;9:30.920|0.000|67.718;10:28.155|0.000|55.103;11:27.386|0.000|60.552;12:28.316|0.000|61.773;13:28.269|0.000|66.723;14:29.211|0.000|55.883;15:30.790|0.000|79.996;16:29.994|0.000|27.087;17:30.631|0.000|28.325;18:26.999|0.000|25.455;19:28.016|0.000|26.323;20:30.655|0.000|33.249;21:30.918|0.000|34.831;22:29.350|0.000|25.455;23:30.702|0.000|29.603;24:30.415|0.000|31.868;25:29.012|0.000|28.277;26:30.725|0.000|30.857;27:30.663|0.000|45.102;28:29.170|0.000|22.489;29:30.174|0.000|24.502"
90.914,"auto_larger_social_force_B",32.1025,0.0400,27.8345,0.0000,0.2920,20.0660,33.0291,27.7685,1.2804,1.5413,0,30,"0:29.014|0.000|58.153;1:29.726|0.000|66.042;2:29.362|0.000|60.134;3:27.799|0.000|59.309;4:27.471|0.000|65.398;5:27.772|0.000|57.059;6:28.136|0.000|63.230;7:29.369|0.000|62.653;8:30.885|0.000|65.460;9:30.909|0.000|67.767;10:28.161|0.000|55.144;11:27.383|0.000|60.605;12:28.321|0.000|61.826;13:28.269|0.000|66.757;14:29.221|0.000|55.929;15:30.790|0.000|79.996;16:29.996|0.000|27.043;17:30.625|0.000|28.272;18:26.998|0.000|25.405;19:28.017|0.000|26.281;20:30.653|0.000|33.206;21:30.917|0.000|34.776;22:29.351|0.000|25.413;23:30.692|0.000|29.549;24:30.408|0.000|31.815;25:28.996|0.000|28.237;26:30.719|0.000|30.803;27:30.661|0.000|45.047;28:29.159|0.000|22.436;29:30.164|0.000|24.447"
91.022,"auto_larger_social_force_B",32.1025,0.0400,27.8345,0.0000,0.2920,20.0660,33.0291,27.7685,1.2804,1.5336,0,30,"0:29.013|0.000|58.195;1:29.690|0.000|66.031;2:29.360|0.000|60.181;3:27.800|0.000|59.364;4:27.474|0.000|65.449;5:27.770|0.000|57.107;6:28.144|0.000|63.280;7:29.370|0.000|62.688;8:30.946|0.000|65.469;9:30.899|0.000|67.816;10:28.166|0.000|55.183;11:27.379|0.000|60.652;12:28.325|0.000|61.875;13:28.271|0.000|66.789;14:29.231|0.000|55.977;15:30.790|0.000|79.996;16:29.998|0.000|27.006;17:30.618|0.000|28.219;18:26.997|0.000|25.352;19:28.020|0.000|26.237;20:30.652|0.000|33.165;21:30.916|0.000|34.723;22:29.351|0.000|25.376;23:30.685|0.000|29.496;24:30.399|0.000|31.765;25:28.984|0.000|28.202;26:30.715|0.000|30.752;27:30.660|0.000|44.993;28:29.149|0.000|22.385;29:30.156|0.000|24.394"
91.129,"auto_larger_social_force_B",32.1025,0.0400,27.8345,0.0000,0.2920,20.0660,33.0291,27.7685,1.2804,1.5289,0,30,"0:29.013|0.000|58.238;1:29.660|0.000|66.019;2:29.359|0.000|60.226;3:27.799|0.000|59.409;4:27.476|0.000|65.496;5:27.766|0.000|57.151;6:28.151|0.000|63.329;7:29.371|0.000|62.723;8:30.989|0.000|65.477;9:30.891|0.000|67.861;10:28.170|0.000|55.217;11:27.375|0.000|60.697;12:28.327|0.000|61.918;13:28.272|0.000|66.820;14:29.240|0.000|56.022;15:30.790|0.000|79.996;16:29.997|0.000|26.975;17:30.611|0.000|28.169;18:26.995|0.000|25.301;19:28.024|0.000|26.196;20:30.653|0.000|33.127;21:30.915|0.000|34.675;22:29.350|0.000|25.353;23:30.681|0.000|29.450;24:30.391|0.000|31.722;25:28.976|0.000|28.171;26:30.711|0.000|30.707;27:30.661|0.000|44.946;28:29.140|0.000|22.337;29:30.150|0.000|24.346"
91.246,"auto_larger_social_force_B",32.1025,0.0400,27.8345,0.0000,0.2920,20.0660,33.0291,27.7685,1.2804,1.5257,0,30,"0:29.012|0.000|58.292;1:29.628|0.000|66.004;2:29.359|0.000|60.279;3:27.795|0.000|59.462;4:27.479|0.000|65.550;5:27.760|0.000|57.206;6:28.160|0.000|63.388;7:29.370|0.000|62.767;8:31.023|0.000|65.486;9:30.882|0.000|67.912;10:28.172|0.000|55.255;11:27.369|0.000|60.752;12:28.327|0.000|61.968;13:28.274|0.000|66.855;14:29.248|0.000|56.071;15:30.790|0.000|79.996;16:29.996|0.000|26.939;17:30.602|0.000|28.112;18:26.992|0.000|25.242;19:28.029|0.000|26.163;20:30.657|0.000|33.083;21:30.916|0.000|34.618;22:29.353|0.000|25.330;23:30.679|0.000|29.401;24:30.380|0.000|31.680;25:28.968|0.000|28.132;26:30.709|0.000|30.657;27:30.664|0.000|44.895;28:29.130|0.000|22.285;29:30.144|0.000|24.294"
91.348,"auto_larger_social_force_B",32.1025,0.0400,27.8345,0.0000,0.2920,20.0660,33.0291,27.7685,1.2804,1.5240,0,30,"0:29.011|0.000|58.342;1:29.603|0.000|65.992;2:29.360|0.000|60.328;3:27.791|0.000|59.509;4:27.479|0.000|65.595;5:27.755|0.000|57.252;6:28.170|0.000|63.437;7:29.370|0.000|62.811;8:31.042|0.000|65.493;9:30.872|0.000|67.954;10:28.174|0.000|55.290;11:27.364|0.000|60.797;12:28.326|0.000|62.012;13:28.280|0.000|66.891;14:29.251|0.000|56.111;15:30.790|0.000|79.996;16:29.992|0.000|26.903;17:30.596|0.000|28.064;18:26.991|0.000|25.193;19:28.029|0.000|26.130;20:30.662|0.000|33.042;21:30.916|0.000|34.571;22:29.360|0.000|25.306;23:30.678|0.000|29.355;24:30.369|0.000|31.643;25:28.961|0.000|28.095;26:30.708|0.000|30.612;27:30.667|0.000|44.849;28:29.122|0.000|22.239;29:30.140|0.000|24.249"
91.459,"auto_larger_social_force_B",32.1025,0.0400,27.8345,0.0000,0.2920,20.0660,33.0291,27.7685,1.2804,1.5230,0,30,"0:29.012|0.000|58.398;1:29.578|0.000|65.978;2:29.359|0.000|60.383;3:27.786|0.000|59.556;4:27.478|0.000|65.640;5:27.752|0.000|57.301;6:28.180|0.000|63.491;7:29.369|0.000|62.861;8:31.056|0.000|65.501;9:30.861|0.000|67.993;10:28.175|0.000|55.329;11:27.361|0.000|60.846;12:28.324|0.000|62.060;13:28.288|0.000|66.929;14:29.254|0.000|56.159;15:30.790|0.000|79.996;16:29.987|0.000|26.859;17:30.590|0.000|28.012;18:26.991|0.000|25.141;19:28.030|0.000|26.090;20:30.667|0.000|32.998;21:30.917|0.000|34.521;22:29.368|0.000|25.276;23:30.678|0.000|29.306;24:30.355|0.000|31.600;25:28.953|0.000|28.050;26:30.707|0.000|30.566;27:30.671|0.000|44.798;28:29.113|0.000|22.187;29:30.136|0.000|24.201"
91.567,"auto_larger_social_force_B",32.1025,0.0400,27.8345,0.0000,0.2920,20.0660,33.0291,27.7685,1.2804,1.5226,0,30,"0:29.013|0.000|58.455;1:29.556|0.000|65.965;2:29.359|0.000|60.440;3:27.785|0.000|59.598;4:27.475|0.000|65.685;5:27.749|0.000|57.353;6:28.189|0.000|63.544;7:29.368|0.000|62.912;8:31.066|0.000|65.508;9:30.847|0.000|68.026;10:28.175|0.000|55.366;11:27.359|0.000|60.898;12:28.324|0.000|62.108;13:28.294|0.000|67.002;14:29.257|0.000|56.210;15:30.790|0.000|79.996;16:29.982|0.000|26.809;17:30.585|0.000|27.963;18:26.992|0.000|25.094;19:28.031|0.000|26.047;20:30.672|0.000|32.950;21:30.919|0.000|34.469;22:29.378|0.000|25.243;23:30.677|0.000|29.264;24:30.343|0.000|31.559;25:28.945|0.000|28.002;26:30.705|0.000|30.524;27:30.675|0.000|44.750;28:29.104|0.000|22.133;29:30.131|0.000|24.157"
91.668,"auto_larger_social_force_B",32.1025,0.0400,27.8345,0.0000,0.2920,20.0660,33.0291,27.7685,1.2804,1.5230,0,30,"0:29.014|0.000|58.505;1:29.537|0.000|65.953;2:29.360|0.000|60.493;3:27.786|0.000|59.639;4:27.473|0.000|65.726;5:27.746|0.000|57.402;6:28.194|0.000|63.588;7:29.365|0.000|62.957;8:31.073|0.000|65.515;9:30.834|0.000|68.059;10:28.176|0.000|55.401;11:27.356|0.000|60.946;12:28.325|0.000|62.154;13:28.287|0.000|67.036;14:29.259|0.000|56.260;15:30.790|0.000|79.996;16:29.975|0.000|26.761;17:30.582|0.000|27.920;18:26.994|0.000|25.053;19:28.032|0.000|26.003;20:30.677|0.000|32.903;21:30.921|0.000|34.424;22:29.388|0.000|25.209;23:30.672|0.000|29.223;24:30.333|0.000|31.523;25:28.938|0.000|27.958;26:30.701|0.000|30.486;27:30.675|0.000|44.705;28:29.096|0.000|22.080;29:30.124|0.000|24.120"
91.779,"auto_larger_social_force_B",32.1025,0.0400,27.8345,0.0000,0.2920,20.0660,33.0291,27.7685,1.2804,1.5237,0,30,"0:29.013|0.000|58.559;1:29.519|0.000|65.939;2:29.362|0.000|60.549;3:27.786|0.000|59.688;4:27.469|0.000|65.767;5:27.744|0.000|57.456;6:28.197|0.000|63.634;7:29.364|0.000|63.007;8:31.078|0.000|65.521;9:30.817|0.000|68.093;10:28.179|0.000|55.439;11:27.354|0.000|61.001;12:28.325|0.000|62.207;13:28.288|0.000|67.059;14:29.261|0.000|56.316;15:30.790|0.000|79.996;16:29.966|0.000|26.708;17:30.579|0.000|27.872;18:26.997|0.000|25.010;19:28.032|0.000|25.952;20:30.683|0.000|32.849;21:30.920|0.000|34.377;22:29.402|0.000|25.170;23:30.667|0.000|29.175;24:30.323|0.000|31.481;25:28.932|0.000|27.909;26:30.696|0.000|30.443;27:30.676|0.000|44.653;28:29.088|0.000|22.022;29:30.115|0.000|24.079"
91.880,"auto_larger_social_force_B",32.1025,0.0400,27.8345,0.0000,0.2920,20.0660,33.0291,27.7685,1.2804,1.5253,0,30,"0:29.011|0.000|58.611;1:29.504|0.000|65.928;2:29.363|0.000|60.603;3:27.786|0.000|59.739;4:27.468|0.000|65.804;5:27.742|0.000|57.509;6:28.199|0.000|63.682;7:29.364|0.000|63.052;8:31.081|0.000|65.526;9:30.804|0.000|68.121;10:28.180|0.000|55.479;11:27.353|0.000|61.054;12:28.326|0.000|62.259;13:28.295|0.000|67.069;14:29.262|0.000|56.372;15:30.790|0.000|79.996;16:29.957|0.000|26.656;17:30.577|0.000|27.828;18:27.001|0.000|24.969;19:28.031|0.000|25.900;20:30.688|0.000|32.795;21:30.919|0.000|34.329;22:29.415|0.000|25.132;23:30.662|0.000|29.126;24:30.315|0.000|31.437;25:28.926|0.000|27.863;26:30.689|0.000|30.397;27:30.678|0.000|44.600;28:29.081|0.000|21.966;29:30.105|0.000|24.034"
91.985,"auto_larger_social_force_B",32.1025,0.0400,27.8345,0.0000,0.2920,20.0660,33.0291,27.7685,1.2804,1.5291,0,30,"0:29.009|0.000|58.657;1:29.488|0.000|65.914;2:29.363|0.000|60.652;3:27.787|0.000|59.789;4:27.468|0.000|65.842;5:27.742|0.000|57.559;6:28.200|0.000|63.726;7:29.367|0.000|63.092;8:31.083|0.000|65.531;9:30.793|0.000|68.148;10:28.182|0.000|55.516;11:27.352|0.000|61.104;12:28.327|0.000|62.309;13:28.306|0.000|67.086;14:29.262|0.000|56.423;15:30.790|0.000|79.996;16:29.949|0.000|26.609;17:30.574|0.000|27.788;18:27.004|0.000|24.934;19:28.031|0.000|25.853;20:30.691|0.000|32.744;21:30.917|0.000|34.283;22:29.427|0.000|25.095;23:30.657|0.000|29.077;24:30.305|0.000|31.392;25:28.919|0.000|27.819;26:30.682|0.000|30.350;27:30.678|0.000|44.550;28:29.073|0.000|21.916;29:30.095|0.000|23.987"
92.088,"auto_larger_social_force_B",32.1025,0.0400,27.8345,0.0000,0.2920,20.0660,33.0291,27.7685,1.2804,1.5353,0,30,"0:29.006|0.000|58.701;1:29.474|0.000|65.899;2:29.362|0.000|60.696;3:27.789|0.000|59.839;4:27.467|0.000|65.882;5:27.740|0.000|57.607;6:28.202|0.000|63.764;7:29.373|0.000|63.130;8:31.085|0.000|65.537;9:30.781|0.000|68.175;10:28.184|0.000|55.554;11:27.350|0.000|61.152;12:28.330|0.000|62.358;13:28.321|0.000|67.106;14:29.263|0.000|56.473;15:30.790|0.000|79.996;16:29.945|0.000|26.565;17:30.570|0.000|27.749;18:27.005|0.000|24.902;19:28.034|0.000|25.808;20:30.693|0.000|32.696;21:30.916|0.000|34.235;22:29.438|0.000|25.059;23:30.650|0.000|29.028;24:30.296|0.000|31.344;25:28.910|0.000|27.779;26:30.676|0.000|30.301;27:30.677|0.000|44.501;28:29.037|0.000|21.765;29:30.083|0.000|23.937"
92.193,"auto_larger_social_force_B",32.1025,0.0400,27.8345,0.0000,0.2920,20.0660,33.0291,27.7685,1.2804,1.5443,0,30,"0:29.001|0.000|58.749;1:29.458|0.000|65.879;2:29.358|0.000|60.744;3:27.791|0.000|59.893;4:27.466|0.000|65.928;5:27.738|0.000|57.659;6:28.208|0.000|63.806;7:29.379|0.000|63.170;8:31.087|0.000|65.545;9:30.767|0.000|68.204;10:28.187|0.000|55.595;11:27.347|0.000|61.204;12:28.332|0.000|62.410;13:28.346|0.000|67.129;14:29.267|0.000|56.526;15:30.790|0.000|79.996;16:29.942|0.000|26.522;17:30.564|0.000|27.704;18:27.005|0.000|24.865;19:28.037|0.000|25.758;20:30.697|0.000|32.643;21:30.914|0.000|34.181;22:29.450|0.000|25.018;23:30.643|0.000|28.974;24:30.287|0.000|31.291;25:28.898|0.000|27.737;26:30.667|0.000|30.247;27:30.677|0.000|44.448;28:29.020|0.000|21.718;29:30.069|0.000|23.882"
92.303,"auto_larger_social_force_B",32.1025,0.0400,27.8345,0.0000,0.2920,20.0660,33.0291,27.7685,1.2804,1.5559,0,30,"0:28.999|0.000|58.793;1:29.444|0.000|65.859;2:29.353|0.000|60.797;3:27.793|0.000|59.946;4:27.466|0.000|65.978;5:27.735|0.000|57.711;6:28.214|0.000|63.854;7:29.388|0.000|63.203;8:31.091|0.000|65.558;9:30.752|0.000|68.235;10:28.191|0.000|55.636;11:27.345|0.000|61.254;12:28.333|0.000|62.462;13:28.389|0.000|67.151;14:29.274|0.000|56.580;15:30.790|0.000|79.996;16:29.942|0.000|26.477;17:30.557|0.000|27.654;18:27.004|0.000|24.824;19:28.041|0.000|25.714;20:30.703|0.000|32.593;21:30.913|0.000|34.126;22:29.459|0.000|24.981;23:30.637|0.000|28.921;24:30.279|0.000|31.238;25:28.886|0.000|27.693;26:30.657|0.000|30.193;27:30.677|0.000|44.394;28:29.005|0.000|21.685;29:30.054|0.000|23.828"
92.419,"auto_larger_social_force_B",32.1025,0.0400,27.8345,0.0000,0.2920,20.0660,33.0291,27.7685,1.2804,1.5695,0,30,"0:28.998|0.000|58.835;1:29.438|0.000|65.846;2:29.348|0.000|60.847;3:27.792|0.000|60.000;4:27.467|0.000|66.029;5:27.733|0.000|57.761;6:28.221|0.000|63.905;7:29.395|0.000|63.234;8:31.096|0.000|65.577;9:30.739|0.000|68.271;10:28.194|0.000|55.677;11:27.341|0.000|61.304;12:28.334|0.000|62.512;13:28.410|0.000|67.151;14:29.282|0.000|56.633;15:30.790|0.000|79.996;16:29.943|0.000|26.431;17:30.551|0.000|27.600;18:27.003|0.000|24.776;19:28.045|0.000|25.673;20:30.710|0.000|32.550;21:30.910|0.000|34.070;22:29.467|0.000|24.947;23:30.632|0.000|28.869;24:30.271|0.000|31.186;25:28.874|0.000|27.653;26:30.648|0.000|30.140;27:30.678|0.000|44.342;28:28.989|0.000|21.635;29:30.039|0.000|23.773"
92.527,"auto_larger_social_force_B",32.1025,0.0400,27.8345,0.0000,0.2920,20.0660,33.0291,27.7685,1.2804,1.5857,0,30,"0:28.998|0.000|58.877;1:29.433|0.000|65.832;2:29.345|0.000|60.898;3:27.790|0.000|60.050;4:27.468|0.000|66.079;5:27.728|0.000|57.813;6:28.228|0.000|63.958;7:29.399|0.000|63.266;8:31.102|0.000|65.604;9:30.725|0.000|68.311;10:28.196|0.000|55.717;11:27.337|0.000|61.356;12:28.334|0.000|62.560;13:28.432|0.000|67.145;14:29.291|0.000|56.682;15:30.790|0.000|79.996;16:29.945|0.000|26.398;17:30.544|0.000|27.545;18:27.001|0.000|24.723;19:28.049|0.000|25.631;20:30.721|0.000|32.502;21:30.907|0.000|34.017;22:29.476|0.000|24.914;23:30.628|0.000|28.821;24:30.262|0.000|31.136;25:28.864|0.000|27.624;26:30.641|0.000|30.089;27:30.679|0.000|44.290;28:28.976|0.000|21.577;29:30.026|0.000|23.719"
92.637,"auto_larger_social_force_B",32.1025,0.0400,27.8345,0.0000,0.2920,20.0660,33.0291,27.7685,1.2804,1.6047,0,30,"0:28.999|0.000|58.925;1:29.430|0.000|65.817;2:29.343|0.000|60.951;3:27.788|0.000|60.097;4:27.468|0.000|66.127;5:27.725|0.000|57.860;6:28.237|0.000|64.012;7:29.404|0.000|63.300;8:31.108|0.000|65.636;9:30.712|0.000|68.350;10:28.198|0.000|55.756;11:27.333|0.000|61.403;12:28.332|0.000|62.605;13:28.473|0.000|67.139;14:29.298|0.000|56.723;15:30.790|0.000|79.996;16:29.941|0.000|26.364;17:30.535|0.000|27.491;18:26.998|0.000|24.669;19:28.053|0.000|25.593;20:30.732|0.000|32.455;21:30.905|0.000|33.964;22:29.488|0.000|24.879;23:30.624|0.000|28.776;24:30.249|0.000|31.090;25:28.859|0.000|27.593;26:30.637|0.000|30.044;27:30.682|0.000|44.240;28:28.955|0.000|21.556;29:30.016|0.000|23.670"
