run_id,scenario_id,scenario_family,task_name,scenario_seed,meta_action,rollout_id,rollout_seed,status,failure_reason,trajectory_file
"pilot_50x7x2","scenario_001_busy_ab_nav","busy_ab_nav","BusyABNav",100000,"Straight",0,100001,"completed","","C:/Users/roger/social_sim_unity/Assets\../Output/MetaActionFeatures\meta_features_scenario_001_busy_ab_nav_Straight_rollout0_seed100001_pilot_50x7x2_scenario_001_busy_ab_nav_Straight_rollout_0_20260701_160137_746.csv"
"pilot_50x7x2","scenario_001_busy_ab_nav","busy_ab_nav","BusyABNav",100000,"Straight",1,100002,"completed","","C:/Users/roger/social_sim_unity/Assets\../Output/MetaActionFeatures\meta_features_scenario_001_busy_ab_nav_Straight_rollout1_seed100002_pilot_50x7x2_scenario_001_busy_ab_nav_Straight_rollout_1_20260701_160150_933.csv"
"pilot_50x7x2","scenario_001_busy_ab_nav","busy_ab_nav","BusyABNav",100000,"SlowDown",0,100011,"completed","","C:/Users/roger/social_sim_unity/Assets\../Output/MetaActionFeatures\meta_features_scenario_001_busy_ab_nav_SlowDown_rollout0_seed100011_pilot_50x7x2_scenario_001_busy_ab_nav_SlowDown_rollout_0_20260701_160204_235.csv"
"pilot_50x7x2","scenario_001_busy_ab_nav","busy_ab_nav","BusyABNav",100000,"SlowDown",1,100012,"completed","","C:/Users/roger/social_sim_unity/Assets\../Output/MetaActionFeatures\meta_features_scenario_001_busy_ab_nav_SlowDown_rollout1_seed100012_pilot_50x7x2_scenario_001_busy_ab_nav_SlowDown_rollout_1_20260701_160217_336.csv"
"pilot_50x7x2","scenario_001_busy_ab_nav","busy_ab_nav","BusyABNav",100000,"Stop",0,100021,"completed","","C:/Users/roger/social_sim_unity/Assets\../Output/MetaActionFeatures\meta_features_scenario_001_busy_ab_nav_Stop_rollout0_seed100021_pilot_50x7x2_scenario_001_busy_ab_nav_Stop_rollout_0_20260701_160230_409.csv"
"pilot_50x7x2","scenario_001_busy_ab_nav","busy_ab_nav","BusyABNav",100000,"Stop",1,100022,"completed","","C:/Users/roger/social_sim_unity/Assets\../Output/MetaActionFeatures\meta_features_scenario_001_busy_ab_nav_Stop_rollout1_seed100022_pilot_50x7x2_scenario_001_busy_ab_nav_Stop_rollout_1_20260701_160243_493.csv"
"pilot_50x7x2","scenario_001_busy_ab_nav","busy_ab_nav","BusyABNav",100000,"Left",0,100031,"completed","","C:/Users/roger/social_sim_unity/Assets\../Output/MetaActionFeatures\meta_features_scenario_001_busy_ab_nav_Left_rollout0_seed100031_pilot_50x7x2_scenario_001_busy_ab_nav_Left_rollout_0_20260701_160256_835.csv"
"pilot_50x7x2","scenario_001_busy_ab_nav","busy_ab_nav","BusyABNav",100000,"Left",1,100032,"completed","","C:/Users/roger/social_sim_unity/Assets\../Output/MetaActionFeatures\meta_features_scenario_001_busy_ab_nav_Left_rollout1_seed100032_pilot_50x7x2_scenario_001_busy_ab_nav_Left_rollout_1_20260701_160309_983.csv"
"pilot_50x7x2","scenario_001_busy_ab_nav","busy_ab_nav","BusyABNav",100000,"Right",0,100041,"completed","","C:/Users/roger/social_sim_unity/Assets\../Output/MetaActionFeatures\meta_features_scenario_001_busy_ab_nav_Right_rollout0_seed100041_pilot_50x7x2_scenario_001_busy_ab_nav_Right_rollout_0_20260701_160323_078.csv"
"pilot_50x7x2","scenario_001_busy_ab_nav","busy_ab_nav","BusyABNav",100000,"Right",1,100042,"completed","","C:/Users/roger/social_sim_unity/Assets\../Output/MetaActionFeatures\meta_features_scenario_001_busy_ab_nav_Right_rollout1_seed100042_pilot_50x7x2_scenario_001_busy_ab_nav_Right_rollout_1_20260701_160336_209.csv"
"pilot_50x7x2","scenario_001_busy_ab_nav","busy_ab_nav","BusyABNav",100000,"ForwardLeft",0,100051,"completed","","C:/Users/roger/social_sim_unity/Assets\../Output/MetaActionFeatures\meta_features_scenario_001_busy_ab_nav_ForwardLeft_rollout0_seed100051_pilot_50x7x2_scenario_001_busy_ab_nav_ForwardLeft_rollout_0_20260701_160349_330.csv"
"pilot_50x7x2","scenario_001_busy_ab_nav","busy_ab_nav","BusyABNav",100000,"ForwardLeft",1,100052,"completed","","C:/Users/roger/social_sim_unity/Assets\../Output/MetaActionFeatures\meta_features_scenario_001_busy_ab_nav_ForwardLeft_rollout1_seed100052_pilot_50x7x2_scenario_001_busy_ab_nav_ForwardLeft_rollout_1_20260701_160402_477.csv"
"pilot_50x7x2","scenario_001_busy_ab_nav","busy_ab_nav","BusyABNav",100000,"ForwardRight",0,100061,"completed","","C:/Users/roger/social_sim_unity/Assets\../Output/MetaActionFeatures\meta_features_scenario_001_busy_ab_nav_ForwardRight_rollout0_seed100061_pilot_50x7x2_scenario_001_busy_ab_nav_ForwardRight_rollout_0_20260701_160415_596.csv"
"pilot_50x7x2","scenario_001_busy_ab_nav","busy_ab_nav","BusyABNav",100000,"ForwardRight",1,100062,"completed","","C:/Users/roger/social_sim_unity/Assets\../Output/MetaActionFeatures\meta_features_scenario_001_busy_ab_nav_ForwardRight_rollout1_seed100062_pilot_50x7x2_scenario_001_busy_ab_nav_ForwardRight_rollout_1_20260701_160429_027.csv"
"pilot_50x7x2","scenario_002_busy_ab_nav","busy_ab_nav","BusyABNav",100100,"Straight",0,100101,"completed","","C:/Users/roger/social_sim_unity/Assets\../Output/MetaActionFeatures\meta_features_scenario_002_busy_ab_nav_Straight_rollout0_seed100101_pilot_50x7x2_scenario_002_busy_ab_nav_Straight_rollout_0_20260701_160446_329.csv"
"pilot_50x7x2","scenario_002_busy_ab_nav","busy_ab_nav","BusyABNav",100100,"Straight",1,100102,"completed","","C:/Users/roger/social_sim_unity/Assets\../Output/MetaActionFeatures\meta_features_scenario_002_busy_ab_nav_Straight_rollout1_seed100102_pilot_50x7x2_scenario_002_busy_ab_nav_Straight_rollout_1_20260701_160459_477.csv"
"pilot_50x7x2","scenario_002_busy_ab_nav","busy_ab_nav","BusyABNav",100100,"SlowDown",0,100111,"completed","","C:/Users/roger/social_sim_unity/Assets\../Output/MetaActionFeatures\meta_features_scenario_002_busy_ab_nav_SlowDown_rollout0_seed100111_pilot_50x7x2_scenario_002_busy_ab_nav_SlowDown_rollout_0_20260701_160512_639.csv"
"pilot_50x7x2","scenario_002_busy_ab_nav","busy_ab_nav","BusyABNav",100100,"SlowDown",1,100112,"completed","","C:/Users/roger/social_sim_unity/Assets\../Output/MetaActionFeatures\meta_features_scenario_002_busy_ab_nav_SlowDown_rollout1_seed100112_pilot_50x7x2_scenario_002_busy_ab_nav_SlowDown_rollout_1_20260701_160525_769.csv"
"pilot_50x7x2","scenario_002_busy_ab_nav","busy_ab_nav","BusyABNav",100100,"Stop",0,100121,"completed","","C:/Users/roger/social_sim_unity/Assets\../Output/MetaActionFeatures\meta_features_scenario_002_busy_ab_nav_Stop_rollout0_seed100121_pilot_50x7x2_scenario_002_busy_ab_nav_Stop_rollout_0_20260701_160538_877.csv"
"pilot_50x7x2","scenario_002_busy_ab_nav","busy_ab_nav","BusyABNav",100100,"Stop",1,100122,"completed","","C:/Users/roger/social_sim_unity/Assets\../Output/MetaActionFeatures\meta_features_scenario_002_busy_ab_nav_Stop_rollout1_seed100122_pilot_50x7x2_scenario_002_busy_ab_nav_Stop_rollout_1_20260701_160552_333.csv"
"pilot_50x7x2","scenario_002_busy_ab_nav","busy_ab_nav","BusyABNav",100100,"Left",0,100131,"completed","","C:/Users/roger/social_sim_unity/Assets\../Output/MetaActionFeatures\meta_features_scenario_002_busy_ab_nav_Left_rollout0_seed100131_pilot_50x7x2_scenario_002_busy_ab_nav_Left_rollout_0_20260701_160605_536.csv"
"pilot_50x7x2","scenario_002_busy_ab_nav","busy_ab_nav","BusyABNav",100100,"Left",1,100132,"completed","","C:/Users/roger/social_sim_unity/Assets\../Output/MetaActionFeatures\meta_features_scenario_002_busy_ab_nav_Left_rollout1_seed100132_pilot_50x7x2_scenario_002_busy_ab_nav_Left_rollout_1_20260701_160618_652.csv"
"pilot_50x7x2","scenario_002_busy_ab_nav","busy_ab_nav","BusyABNav",100100,"Right",0,100141,"completed","","C:/Users/roger/social_sim_unity/Assets\../Output/MetaActionFeatures\meta_features_scenario_002_busy_ab_nav_Right_rollout0_seed100141_pilot_50x7x2_scenario_002_busy_ab_nav_Right_rollout_0_20260701_160631_780.csv"
"pilot_50x7x2","scenario_002_busy_ab_nav","busy_ab_nav","BusyABNav",100100,"Right",1,100142,"completed","","C:/Users/roger/social_sim_unity/Assets\../Output/MetaActionFeatures\meta_features_scenario_002_busy_ab_nav_Right_rollout1_seed100142_pilot_50x7x2_scenario_002_busy_ab_nav_Right_rollout_1_20260701_160644_878.csv"
"pilot_50x7x2","scenario_002_busy_ab_nav","busy_ab_nav","BusyABNav",100100,"ForwardLeft",0,100151,"completed","","C:/Users/roger/social_sim_unity/Assets\../Output/MetaActionFeatures\meta_features_scenario_002_busy_ab_nav_ForwardLeft_rollout0_seed100151_pilot_50x7x2_scenario_002_busy_ab_nav_ForwardLeft_rollout_0_20260701_160658_024.csv"
"pilot_50x7x2","scenario_002_busy_ab_nav","busy_ab_nav","BusyABNav",100100,"ForwardLeft",1,100152,"completed","","C:/Users/roger/social_sim_unity/Assets\../Output/MetaActionFeatures\meta_features_scenario_002_busy_ab_nav_ForwardLeft_rollout1_seed100152_pilot_50x7x2_scenario_002_busy_ab_nav_ForwardLeft_rollout_1_20260701_160711_121.csv"
"pilot_50x7x2","scenario_002_busy_ab_nav","busy_ab_nav","BusyABNav",100100,"ForwardRight",0,100161,"completed","","C:/Users/roger/social_sim_unity/Assets\../Output/MetaActionFeatures\meta_features_scenario_002_busy_ab_nav_ForwardRight_rollout0_seed100161_pilot_50x7x2_scenario_002_busy_ab_nav_ForwardRight_rollout_0_20260701_160724_394.csv"
"pilot_50x7x2","scenario_002_busy_ab_nav","busy_ab_nav","BusyABNav",100100,"ForwardRight",1,100162,"completed","","C:/Users/roger/social_sim_unity/Assets\../Output/MetaActionFeatures\meta_features_scenario_002_busy_ab_nav_ForwardRight_rollout1_seed100162_pilot_50x7x2_scenario_002_busy_ab_nav_ForwardRight_rollout_1_20260701_160737_637.csv"
"pilot_50x7x2","scenario_003_busy_ab_nav","busy_ab_nav","BusyABNav",100200,"Straight",0,100201,"completed","","C:/Users/roger/social_sim_unity/Assets\../Output/MetaActionFeatures\meta_features_scenario_003_busy_ab_nav_Straight_rollout0_seed100201_pilot_50x7x2_scenario_003_busy_ab_nav_Straight_rollout_0_20260701_160754_970.csv"
"pilot_50x7x2","scenario_003_busy_ab_nav","busy_ab_nav","BusyABNav",100200,"Straight",1,100202,"completed","","C:/Users/roger/social_sim_unity/Assets\../Output/MetaActionFeatures\meta_features_scenario_003_busy_ab_nav_Straight_rollout1_seed100202_pilot_50x7x2_scenario_003_busy_ab_nav_Straight_rollout_1_20260701_160808_161.csv"
"pilot_50x7x2","scenario_003_busy_ab_nav","busy_ab_nav","BusyABNav",100200,"SlowDown",0,100211,"completed","","C:/Users/roger/social_sim_unity/Assets\../Output/MetaActionFeatures\meta_features_scenario_003_busy_ab_nav_SlowDown_rollout0_seed100211_pilot_50x7x2_scenario_003_busy_ab_nav_SlowDown_rollout_0_20260701_160821_277.csv"
"pilot_50x7x2","scenario_003_busy_ab_nav","busy_ab_nav","BusyABNav",100200,"SlowDown",1,100212,"completed","","C:/Users/roger/social_sim_unity/Assets\../Output/MetaActionFeatures\meta_features_scenario_003_busy_ab_nav_SlowDown_rollout1_seed100212_pilot_50x7x2_scenario_003_busy_ab_nav_SlowDown_rollout_1_20260701_160834_464.csv"
"pilot_50x7x2","scenario_003_busy_ab_nav","busy_ab_nav","BusyABNav",100200,"Stop",0,100221,"completed","","C:/Users/roger/social_sim_unity/Assets\../Output/MetaActionFeatures\meta_features_scenario_003_busy_ab_nav_Stop_rollout0_seed100221_pilot_50x7x2_scenario_003_busy_ab_nav_Stop_rollout_0_20260701_160847_607.csv"
"pilot_50x7x2","scenario_003_busy_ab_nav","busy_ab_nav","BusyABNav",100200,"Stop",1,100222,"completed","","C:/Users/roger/social_sim_unity/Assets\../Output/MetaActionFeatures\meta_features_scenario_003_busy_ab_nav_Stop_rollout1_seed100222_pilot_50x7x2_scenario_003_busy_ab_nav_Stop_rollout_1_20260701_160900_817.csv"
"pilot_50x7x2","scenario_003_busy_ab_nav","busy_ab_nav","BusyABNav",100200,"Left",0,100231,"completed","","C:/Users/roger/social_sim_unity/Assets\../Output/MetaActionFeatures\meta_features_scenario_003_busy_ab_nav_Left_rollout0_seed100231_pilot_50x7x2_scenario_003_busy_ab_nav_Left_rollout_0_20260701_160914_229.csv"
"pilot_50x7x2","scenario_003_busy_ab_nav","busy_ab_nav","BusyABNav",100200,"Left",1,100232,"completed","","C:/Users/roger/social_sim_unity/Assets\../Output/MetaActionFeatures\meta_features_scenario_003_busy_ab_nav_Left_rollout1_seed100232_pilot_50x7x2_scenario_003_busy_ab_nav_Left_rollout_1_20260701_160927_394.csv"
"pilot_50x7x2","scenario_003_busy_ab_nav","busy_ab_nav","BusyABNav",100200,"Right",0,100241,"completed","","C:/Users/roger/social_sim_unity/Assets\../Output/MetaActionFeatures\meta_features_scenario_003_busy_ab_nav_Right_rollout0_seed100241_pilot_50x7x2_scenario_003_busy_ab_nav_Right_rollout_0_20260701_160940_531.csv"
"pilot_50x7x2","scenario_003_busy_ab_nav","busy_ab_nav","BusyABNav",100200,"Right",1,100242,"completed","","C:/Users/roger/social_sim_unity/Assets\../Output/MetaActionFeatures\meta_features_scenario_003_busy_ab_nav_Right_rollout1_seed100242_pilot_50x7x2_scenario_003_busy_ab_nav_Right_rollout_1_20260701_160953_687.csv"
"pilot_50x7x2","scenario_003_busy_ab_nav","busy_ab_nav","BusyABNav",100200,"ForwardLeft",0,100251,"completed","","C:/Users/roger/social_sim_unity/Assets\../Output/MetaActionFeatures\meta_features_scenario_003_busy_ab_nav_ForwardLeft_rollout0_seed100251_pilot_50x7x2_scenario_003_busy_ab_nav_ForwardLeft_rollout_0_20260701_161006_826.csv"
"pilot_50x7x2","scenario_003_busy_ab_nav","busy_ab_nav","BusyABNav",100200,"ForwardLeft",1,100252,"completed","","C:/Users/roger/social_sim_unity/Assets\../Output/MetaActionFeatures\meta_features_scenario_003_busy_ab_nav_ForwardLeft_rollout1_seed100252_pilot_50x7x2_scenario_003_busy_ab_nav_ForwardLeft_rollout_1_20260701_161019_976.csv"
"pilot_50x7x2","scenario_003_busy_ab_nav","busy_ab_nav","BusyABNav",100200,"ForwardRight",0,100261,"completed","","C:/Users/roger/social_sim_unity/Assets\../Output/MetaActionFeatures\meta_features_scenario_003_busy_ab_nav_ForwardRight_rollout0_seed100261_pilot_50x7x2_scenario_003_busy_ab_nav_ForwardRight_rollout_0_20260701_161033_116.csv"
"pilot_50x7x2","scenario_003_busy_ab_nav","busy_ab_nav","BusyABNav",100200,"ForwardRight",1,100262,"completed","","C:/Users/roger/social_sim_unity/Assets\../Output/MetaActionFeatures\meta_features_scenario_003_busy_ab_nav_ForwardRight_rollout1_seed100262_pilot_50x7x2_scenario_003_busy_ab_nav_ForwardRight_rollout_1_20260701_161046_270.csv"
"pilot_50x7x2","scenario_004_busy_ab_nav","busy_ab_nav","BusyABNav",100300,"Straight",0,100301,"completed","","C:/Users/roger/social_sim_unity/Assets\../Output/MetaActionFeatures\meta_features_scenario_004_busy_ab_nav_Straight_rollout0_seed100301_pilot_50x7x2_scenario_004_busy_ab_nav_Straight_rollout_0_20260701_161103_696.csv"
"pilot_50x7x2","scenario_004_busy_ab_nav","busy_ab_nav","BusyABNav",100300,"Straight",1,100302,"completed","","C:/Users/roger/social_sim_unity/Assets\../Output/MetaActionFeatures\meta_features_scenario_004_busy_ab_nav_Straight_rollout1_seed100302_pilot_50x7x2_scenario_004_busy_ab_nav_Straight_rollout_1_20260701_161116_845.csv"
"pilot_50x7x2","scenario_004_busy_ab_nav","busy_ab_nav","BusyABNav",100300,"SlowDown",0,100311,"completed","","C:/Users/roger/social_sim_unity/Assets\../Output/MetaActionFeatures\meta_features_scenario_004_busy_ab_nav_SlowDown_rollout0_seed100311_pilot_50x7x2_scenario_004_busy_ab_nav_SlowDown_rollout_0_20260701_161129_894.csv"
"pilot_50x7x2","scenario_004_busy_ab_nav","busy_ab_nav","BusyABNav",100300,"SlowDown",1,100312,"completed","","C:/Users/roger/social_sim_unity/Assets\../Output/MetaActionFeatures\meta_features_scenario_004_busy_ab_nav_SlowDown_rollout1_seed100312_pilot_50x7x2_scenario_004_busy_ab_nav_SlowDown_rollout_1_20260701_161142_966.csv"
"pilot_50x7x2","scenario_004_busy_ab_nav","busy_ab_nav","BusyABNav",100300,"Stop",0,100321,"completed","","C:/Users/roger/social_sim_unity/Assets\../Output/MetaActionFeatures\meta_features_scenario_004_busy_ab_nav_Stop_rollout0_seed100321_pilot_50x7x2_scenario_004_busy_ab_nav_Stop_rollout_0_20260701_161156_059.csv"
"pilot_50x7x2","scenario_004_busy_ab_nav","busy_ab_nav","BusyABNav",100300,"Stop",1,100322,"completed","","C:/Users/roger/social_sim_unity/Assets\../Output/MetaActionFeatures\meta_features_scenario_004_busy_ab_nav_Stop_rollout1_seed100322_pilot_50x7x2_scenario_004_busy_ab_nav_Stop_rollout_1_20260701_161209_274.csv"
"pilot_50x7x2","scenario_004_busy_ab_nav","busy_ab_nav","BusyABNav",100300,"Left",0,100331,"completed","","C:/Users/roger/social_sim_unity/Assets\../Output/MetaActionFeatures\meta_features_scenario_004_busy_ab_nav_Left_rollout0_seed100331_pilot_50x7x2_scenario_004_busy_ab_nav_Left_rollout_0_20260701_161222_444.csv"
"pilot_50x7x2","scenario_004_busy_ab_nav","busy_ab_nav","BusyABNav",100300,"Left",1,100332,"completed","","C:/Users/roger/social_sim_unity/Assets\../Output/MetaActionFeatures\meta_features_scenario_004_busy_ab_nav_Left_rollout1_seed100332_pilot_50x7x2_scenario_004_busy_ab_nav_Left_rollout_1_20260701_161235_641.csv"
"pilot_50x7x2","scenario_004_busy_ab_nav","busy_ab_nav","BusyABNav",100300,"Right",0,100341,"completed","","C:/Users/roger/social_sim_unity/Assets\../Output/MetaActionFeatures\meta_features_scenario_004_busy_ab_nav_Right_rollout0_seed100341_pilot_50x7x2_scenario_004_busy_ab_nav_Right_rollout_0_20260701_161248_785.csv"
"pilot_50x7x2","scenario_004_busy_ab_nav","busy_ab_nav","BusyABNav",100300,"Right",1,100342,"completed","","C:/Users/roger/social_sim_unity/Assets\../Output/MetaActionFeatures\meta_features_scenario_004_busy_ab_nav_Right_rollout1_seed100342_pilot_50x7x2_scenario_004_busy_ab_nav_Right_rollout_1_20260701_161301_875.csv"
"pilot_50x7x2","scenario_004_busy_ab_nav","busy_ab_nav","BusyABNav",100300,"ForwardLeft",0,100351,"completed","","C:/Users/roger/social_sim_unity/Assets\../Output/MetaActionFeatures\meta_features_scenario_004_busy_ab_nav_ForwardLeft_rollout0_seed100351_pilot_50x7x2_scenario_004_busy_ab_nav_ForwardLeft_rollout_0_20260701_161314_978.csv"
"pilot_50x7x2","scenario_004_busy_ab_nav","busy_ab_nav","BusyABNav",100300,"ForwardLeft",1,100352,"completed","","C:/Users/roger/social_sim_unity/Assets\../Output/MetaActionFeatures\meta_features_scenario_004_busy_ab_nav_ForwardLeft_rollout1_seed100352_pilot_50x7x2_scenario_004_busy_ab_nav_ForwardLeft_rollout_1_20260701_161328_483.csv"
"pilot_50x7x2","scenario_004_busy_ab_nav","busy_ab_nav","BusyABNav",100300,"ForwardRight",0,100361,"completed","","C:/Users/roger/social_sim_unity/Assets\../Output/MetaActionFeatures\meta_features_scenario_004_busy_ab_nav_ForwardRight_rollout0_seed100361_pilot_50x7x2_scenario_004_busy_ab_nav_ForwardRight_rollout_0_20260701_161341_636.csv"
"pilot_50x7x2","scenario_004_busy_ab_nav","busy_ab_nav","BusyABNav",100300,"ForwardRight",1,100362,"completed","","C:/Users/roger/social_sim_unity/Assets\../Output/MetaActionFeatures\meta_features_scenario_004_busy_ab_nav_ForwardRight_rollout1_seed100362_pilot_50x7x2_scenario_004_busy_ab_nav_ForwardRight_rollout_1_20260701_161354_753.csv"
"pilot_50x7x2","scenario_005_busy_ab_nav","busy_ab_nav","BusyABNav",100400,"Straight",0,100401,"completed","","C:/Users/roger/social_sim_unity/Assets\../Output/MetaActionFeatures\meta_features_scenario_005_busy_ab_nav_Straight_rollout0_seed100401_pilot_50x7x2_scenario_005_busy_ab_nav_Straight_rollout_0_20260701_161411_965.csv"
"pilot_50x7x2","scenario_005_busy_ab_nav","busy_ab_nav","BusyABNav",100400,"Straight",1,100402,"completed","","C:/Users/roger/social_sim_unity/Assets\../Output/MetaActionFeatures\meta_features_scenario_005_busy_ab_nav_Straight_rollout1_seed100402_pilot_50x7x2_scenario_005_busy_ab_nav_Straight_rollout_1_20260701_161425_187.csv"
"pilot_50x7x2","scenario_005_busy_ab_nav","busy_ab_nav","BusyABNav",100400,"SlowDown",0,100411,"completed","","C:/Users/roger/social_sim_unity/Assets\../Output/MetaActionFeatures\meta_features_scenario_005_busy_ab_nav_SlowDown_rollout0_seed100411_pilot_50x7x2_scenario_005_busy_ab_nav_SlowDown_rollout_0_20260701_161438_312.csv"
"pilot_50x7x2","scenario_005_busy_ab_nav","busy_ab_nav","BusyABNav",100400,"SlowDown",1,100412,"completed","","C:/Users/roger/social_sim_unity/Assets\../Output/MetaActionFeatures\meta_features_scenario_005_busy_ab_nav_SlowDown_rollout1_seed100412_pilot_50x7x2_scenario_005_busy_ab_nav_SlowDown_rollout_1_20260701_161451_656.csv"
"pilot_50x7x2","scenario_005_busy_ab_nav","busy_ab_nav","BusyABNav",100400,"Stop",0,100421,"completed","","C:/Users/roger/social_sim_unity/Assets\../Output/MetaActionFeatures\meta_features_scenario_005_busy_ab_nav_Stop_rollout0_seed100421_pilot_50x7x2_scenario_005_busy_ab_nav_Stop_rollout_0_20260701_161504_725.csv"
"pilot_50x7x2","scenario_005_busy_ab_nav","busy_ab_nav","BusyABNav",100400,"Stop",1,100422,"completed","","C:/Users/roger/social_sim_unity/Assets\../Output/MetaActionFeatures\meta_features_scenario_005_busy_ab_nav_Stop_rollout1_seed100422_pilot_50x7x2_scenario_005_busy_ab_nav_Stop_rollout_1_20260701_161517_950.csv"
"pilot_50x7x2","scenario_005_busy_ab_nav","busy_ab_nav","BusyABNav",100400,"Left",0,100431,"completed","","C:/Users/roger/social_sim_unity/Assets\../Output/MetaActionFeatures\meta_features_scenario_005_busy_ab_nav_Left_rollout0_seed100431_pilot_50x7x2_scenario_005_busy_ab_nav_Left_rollout_0_20260701_161531_019.csv"
"pilot_50x7x2","scenario_005_busy_ab_nav","busy_ab_nav","BusyABNav",100400,"Left",1,100432,"completed","","C:/Users/roger/social_sim_unity/Assets\../Output/MetaActionFeatures\meta_features_scenario_005_busy_ab_nav_Left_rollout1_seed100432_pilot_50x7x2_scenario_005_busy_ab_nav_Left_rollout_1_20260701_161544_121.csv"
"pilot_50x7x2","scenario_005_busy_ab_nav","busy_ab_nav","BusyABNav",100400,"Right",0,100441,"completed","","C:/Users/roger/social_sim_unity/Assets\../Output/MetaActionFeatures\meta_features_scenario_005_busy_ab_nav_Right_rollout0_seed100441_pilot_50x7x2_scenario_005_busy_ab_nav_Right_rollout_0_20260701_161557_197.csv"
"pilot_50x7x2","scenario_005_busy_ab_nav","busy_ab_nav","BusyABNav",100400,"Right",1,100442,"completed","","C:/Users/roger/social_sim_unity/Assets\../Output/MetaActionFeatures\meta_features_scenario_005_busy_ab_nav_Right_rollout1_seed100442_pilot_50x7x2_scenario_005_busy_ab_nav_Right_rollout_1_20260701_161610_608.csv"
"pilot_50x7x2","scenario_005_busy_ab_nav","busy_ab_nav","BusyABNav",100400,"ForwardLeft",0,100451,"completed","","C:/Users/roger/social_sim_unity/Assets\../Output/MetaActionFeatures\meta_features_scenario_005_busy_ab_nav_ForwardLeft_rollout0_seed100451_pilot_50x7x2_scenario_005_busy_ab_nav_ForwardLeft_rollout_0_20260701_161623_746.csv"
"pilot_50x7x2","scenario_005_busy_ab_nav","busy_ab_nav","BusyABNav",100400,"ForwardLeft",1,100452,"completed","","C:/Users/roger/social_sim_unity/Assets\../Output/MetaActionFeatures\meta_features_scenario_005_busy_ab_nav_ForwardLeft_rollout1_seed100452_pilot_50x7x2_scenario_005_busy_ab_nav_ForwardLeft_rollout_1_20260701_161636_842.csv"
"pilot_50x7x2","scenario_005_busy_ab_nav","busy_ab_nav","BusyABNav",100400,"ForwardRight",0,100461,"completed","","C:/Users/roger/social_sim_unity/Assets\../Output/MetaActionFeatures\meta_features_scenario_005_busy_ab_nav_ForwardRight_rollout0_seed100461_pilot_50x7x2_scenario_005_busy_ab_nav_ForwardRight_rollout_0_20260701_161649_961.csv"
"pilot_50x7x2","scenario_005_busy_ab_nav","busy_ab_nav","BusyABNav",100400,"ForwardRight",1,100462,"completed","","C:/Users/roger/social_sim_unity/Assets\../Output/MetaActionFeatures\meta_features_scenario_005_busy_ab_nav_ForwardRight_rollout1_seed100462_pilot_50x7x2_scenario_005_busy_ab_nav_ForwardRight_rollout_1_20260701_161703_106.csv"
"pilot_50x7x2","scenario_006_busy_ab_nav","busy_ab_nav","BusyABNav",100500,"Straight",0,100501,"completed","","C:/Users/roger/social_sim_unity/Assets\../Output/MetaActionFeatures\meta_features_scenario_006_busy_ab_nav_Straight_rollout0_seed100501_pilot_50x7x2_scenario_006_busy_ab_nav_Straight_rollout_0_20260701_161720_304.csv"
"pilot_50x7x2","scenario_006_busy_ab_nav","busy_ab_nav","BusyABNav",100500,"Straight",1,100502,"completed","","C:/Users/roger/social_sim_unity/Assets\../Output/MetaActionFeatures\meta_features_scenario_006_busy_ab_nav_Straight_rollout1_seed100502_pilot_50x7x2_scenario_006_busy_ab_nav_Straight_rollout_1_20260701_161733_786.csv"
"pilot_50x7x2","scenario_006_busy_ab_nav","busy_ab_nav","BusyABNav",100500,"SlowDown",0,100511,"completed","","C:/Users/roger/social_sim_unity/Assets\../Output/MetaActionFeatures\meta_features_scenario_006_busy_ab_nav_SlowDown_rollout0_seed100511_pilot_50x7x2_scenario_006_busy_ab_nav_SlowDown_rollout_0_20260701_161746_898.csv"
"pilot_50x7x2","scenario_006_busy_ab_nav","busy_ab_nav","BusyABNav",100500,"SlowDown",1,100512,"completed","","C:/Users/roger/social_sim_unity/Assets\../Output/MetaActionFeatures\meta_features_scenario_006_busy_ab_nav_SlowDown_rollout1_seed100512_pilot_50x7x2_scenario_006_busy_ab_nav_SlowDown_rollout_1_20260701_161800_045.csv"
"pilot_50x7x2","scenario_006_busy_ab_nav","busy_ab_nav","BusyABNav",100500,"Stop",0,100521,"completed","","C:/Users/roger/social_sim_unity/Assets\../Output/MetaActionFeatures\meta_features_scenario_006_busy_ab_nav_Stop_rollout0_seed100521_pilot_50x7x2_scenario_006_busy_ab_nav_Stop_rollout_0_20260701_161813_198.csv"
"pilot_50x7x2","scenario_006_busy_ab_nav","busy_ab_nav","BusyABNav",100500,"Stop",1,100522,"completed","","C:/Users/roger/social_sim_unity/Assets\../Output/MetaActionFeatures\meta_features_scenario_006_busy_ab_nav_Stop_rollout1_seed100522_pilot_50x7x2_scenario_006_busy_ab_nav_Stop_rollout_1_20260701_161826_375.csv"
"pilot_50x7x2","scenario_006_busy_ab_nav","busy_ab_nav","BusyABNav",100500,"Left",0,100531,"completed","","C:/Users/roger/social_sim_unity/Assets\../Output/MetaActionFeatures\meta_features_scenario_006_busy_ab_nav_Left_rollout0_seed100531_pilot_50x7x2_scenario_006_busy_ab_nav_Left_rollout_0_20260701_161839_775.csv"
"pilot_50x7x2","scenario_006_busy_ab_nav","busy_ab_nav","BusyABNav",100500,"Left",1,100532,"completed","","C:/Users/roger/social_sim_unity/Assets\../Output/MetaActionFeatures\meta_features_scenario_006_busy_ab_nav_Left_rollout1_seed100532_pilot_50x7x2_scenario_006_busy_ab_nav_Left_rollout_1_20260701_161852_869.csv"
"pilot_50x7x2","scenario_006_busy_ab_nav","busy_ab_nav","BusyABNav",100500,"Right",0,100541,"completed","","C:/Users/roger/social_sim_unity/Assets\../Output/MetaActionFeatures\meta_features_scenario_006_busy_ab_nav_Right_rollout0_seed100541_pilot_50x7x2_scenario_006_busy_ab_nav_Right_rollout_0_20260701_161905_987.csv"
"pilot_50x7x2","scenario_006_busy_ab_nav","busy_ab_nav","BusyABNav",100500,"Right",1,100542,"completed","","C:/Users/roger/social_sim_unity/Assets\../Output/MetaActionFeatures\meta_features_scenario_006_busy_ab_nav_Right_rollout1_seed100542_pilot_50x7x2_scenario_006_busy_ab_nav_Right_rollout_1_20260701_161919_071.csv"
"pilot_50x7x2","scenario_006_busy_ab_nav","busy_ab_nav","BusyABNav",100500,"ForwardLeft",0,100551,"completed","","C:/Users/roger/social_sim_unity/Assets\../Output/MetaActionFeatures\meta_features_scenario_006_busy_ab_nav_ForwardLeft_rollout0_seed100551_pilot_50x7x2_scenario_006_busy_ab_nav_ForwardLeft_rollout_0_20260701_161932_156.csv"
"pilot_50x7x2","scenario_006_busy_ab_nav","busy_ab_nav","BusyABNav",100500,"ForwardLeft",1,100552,"completed","","C:/Users/roger/social_sim_unity/Assets\../Output/MetaActionFeatures\meta_features_scenario_006_busy_ab_nav_ForwardLeft_rollout1_seed100552_pilot_50x7x2_scenario_006_busy_ab_nav_ForwardLeft_rollout_1_20260701_161945_284.csv"
"pilot_50x7x2","scenario_006_busy_ab_nav","busy_ab_nav","BusyABNav",100500,"ForwardRight",0,100561,"completed","","C:/Users/roger/social_sim_unity/Assets\../Output/MetaActionFeatures\meta_features_scenario_006_busy_ab_nav_ForwardRight_rollout0_seed100561_pilot_50x7x2_scenario_006_busy_ab_nav_ForwardRight_rollout_0_20260701_161958_368.csv"
"pilot_50x7x2","scenario_006_busy_ab_nav","busy_ab_nav","BusyABNav",100500,"ForwardRight",1,100562,"completed","","C:/Users/roger/social_sim_unity/Assets\../Output/MetaActionFeatures\meta_features_scenario_006_busy_ab_nav_ForwardRight_rollout1_seed100562_pilot_50x7x2_scenario_006_busy_ab_nav_ForwardRight_rollout_1_20260701_162011_633.csv"
"pilot_50x7x2","scenario_007_busy_ab_nav","busy_ab_nav","BusyABNav",100600,"Straight",0,100601,"completed","","C:/Users/roger/social_sim_unity/Assets\../Output/MetaActionFeatures\meta_features_scenario_007_busy_ab_nav_Straight_rollout0_seed100601_pilot_50x7x2_scenario_007_busy_ab_nav_Straight_rollout_0_20260701_162028_884.csv"
"pilot_50x7x2","scenario_007_busy_ab_nav","busy_ab_nav","BusyABNav",100600,"Straight",1,100602,"completed","","C:/Users/roger/social_sim_unity/Assets\../Output/MetaActionFeatures\meta_features_scenario_007_busy_ab_nav_Straight_rollout1_seed100602_pilot_50x7x2_scenario_007_busy_ab_nav_Straight_rollout_1_20260701_162042_007.csv"
"pilot_50x7x2","scenario_007_busy_ab_nav","busy_ab_nav","BusyABNav",100600,"SlowDown",0,100611,"completed","","C:/Users/roger/social_sim_unity/Assets\../Output/MetaActionFeatures\meta_features_scenario_007_busy_ab_nav_SlowDown_rollout0_seed100611_pilot_50x7x2_scenario_007_busy_ab_nav_SlowDown_rollout_0_20260701_162055_156.csv"
"pilot_50x7x2","scenario_007_busy_ab_nav","busy_ab_nav","BusyABNav",100600,"SlowDown",1,100612,"completed","","C:/Users/roger/social_sim_unity/Assets\../Output/MetaActionFeatures\meta_features_scenario_007_busy_ab_nav_SlowDown_rollout1_seed100612_pilot_50x7x2_scenario_007_busy_ab_nav_SlowDown_rollout_1_20260701_162108_270.csv"
"pilot_50x7x2","scenario_007_busy_ab_nav","busy_ab_nav","BusyABNav",100600,"Stop",0,100621,"completed","","C:/Users/roger/social_sim_unity/Assets\../Output/MetaActionFeatures\meta_features_scenario_007_busy_ab_nav_Stop_rollout0_seed100621_pilot_50x7x2_scenario_007_busy_ab_nav_Stop_rollout_0_20260701_162121_448.csv"
"pilot_50x7x2","scenario_007_busy_ab_nav","busy_ab_nav","BusyABNav",100600,"Stop",1,100622,"completed","","C:/Users/roger/social_sim_unity/Assets\../Output/MetaActionFeatures\meta_features_scenario_007_busy_ab_nav_Stop_rollout1_seed100622_pilot_50x7x2_scenario_007_busy_ab_nav_Stop_rollout_1_20260701_162134_781.csv"
"pilot_50x7x2","scenario_007_busy_ab_nav","busy_ab_nav","BusyABNav",100600,"Left",0,100631,"completed","","C:/Users/roger/social_sim_unity/Assets\../Output/MetaActionFeatures\meta_features_scenario_007_busy_ab_nav_Left_rollout0_seed100631_pilot_50x7x2_scenario_007_busy_ab_nav_Left_rollout_0_20260701_162147_925.csv"
"pilot_50x7x2","scenario_007_busy_ab_nav","busy_ab_nav","BusyABNav",100600,"Left",1,100632,"completed","","C:/Users/roger/social_sim_unity/Assets\../Output/MetaActionFeatures\meta_features_scenario_007_busy_ab_nav_Left_rollout1_seed100632_pilot_50x7x2_scenario_007_busy_ab_nav_Left_rollout_1_20260701_162201_012.csv"
"pilot_50x7x2","scenario_007_busy_ab_nav","busy_ab_nav","BusyABNav",100600,"Right",0,100641,"completed","","C:/Users/roger/social_sim_unity/Assets\../Output/MetaActionFeatures\meta_features_scenario_007_busy_ab_nav_Right_rollout0_seed100641_pilot_50x7x2_scenario_007_busy_ab_nav_Right_rollout_0_20260701_162214_104.csv"
"pilot_50x7x2","scenario_007_busy_ab_nav","busy_ab_nav","BusyABNav",100600,"Right",1,100642,"completed","","C:/Users/roger/social_sim_unity/Assets\../Output/MetaActionFeatures\meta_features_scenario_007_busy_ab_nav_Right_rollout1_seed100642_pilot_50x7x2_scenario_007_busy_ab_nav_Right_rollout_1_20260701_162227_223.csv"
"pilot_50x7x2","scenario_007_busy_ab_nav","busy_ab_nav","BusyABNav",100600,"ForwardLeft",0,100651,"completed","","C:/Users/roger/social_sim_unity/Assets\../Output/MetaActionFeatures\meta_features_scenario_007_busy_ab_nav_ForwardLeft_rollout0_seed100651_pilot_50x7x2_scenario_007_busy_ab_nav_ForwardLeft_rollout_0_20260701_162240_363.csv"
"pilot_50x7x2","scenario_007_busy_ab_nav","busy_ab_nav","BusyABNav",100600,"ForwardLeft",1,100652,"completed","","C:/Users/roger/social_sim_unity/Assets\../Output/MetaActionFeatures\meta_features_scenario_007_busy_ab_nav_ForwardLeft_rollout1_seed100652_pilot_50x7x2_scenario_007_busy_ab_nav_ForwardLeft_rollout_1_20260701_162253_459.csv"
"pilot_50x7x2","scenario_007_busy_ab_nav","busy_ab_nav","BusyABNav",100600,"ForwardRight",0,100661,"completed","","C:/Users/roger/social_sim_unity/Assets\../Output/MetaActionFeatures\meta_features_scenario_007_busy_ab_nav_ForwardRight_rollout0_seed100661_pilot_50x7x2_scenario_007_busy_ab_nav_ForwardRight_rollout_0_20260701_162306_581.csv"
"pilot_50x7x2","scenario_007_busy_ab_nav","busy_ab_nav","BusyABNav",100600,"ForwardRight",1,100662,"completed","","C:/Users/roger/social_sim_unity/Assets\../Output/MetaActionFeatures\meta_features_scenario_007_busy_ab_nav_ForwardRight_rollout1_seed100662_pilot_50x7x2_scenario_007_busy_ab_nav_ForwardRight_rollout_1_20260701_162319_710.csv"
"pilot_50x7x2","scenario_008_busy_ab_nav","busy_ab_nav","BusyABNav",100700,"Straight",0,100701,"completed","","C:/Users/roger/social_sim_unity/Assets\../Output/MetaActionFeatures\meta_features_scenario_008_busy_ab_nav_Straight_rollout0_seed100701_pilot_50x7x2_scenario_008_busy_ab_nav_Straight_rollout_0_20260701_162337_050.csv"
"pilot_50x7x2","scenario_008_busy_ab_nav","busy_ab_nav","BusyABNav",100700,"Straight",1,100702,"completed","","C:/Users/roger/social_sim_unity/Assets\../Output/MetaActionFeatures\meta_features_scenario_008_busy_ab_nav_Straight_rollout1_seed100702_pilot_50x7x2_scenario_008_busy_ab_nav_Straight_rollout_1_20260701_162350_172.csv"
"pilot_50x7x2","scenario_008_busy_ab_nav","busy_ab_nav","BusyABNav",100700,"SlowDown",0,100711,"completed","","C:/Users/roger/social_sim_unity/Assets\../Output/MetaActionFeatures\meta_features_scenario_008_busy_ab_nav_SlowDown_rollout0_seed100711_pilot_50x7x2_scenario_008_busy_ab_nav_SlowDown_rollout_0_20260701_162403_433.csv"
"pilot_50x7x2","scenario_008_busy_ab_nav","busy_ab_nav","BusyABNav",100700,"SlowDown",1,100712,"completed","","C:/Users/roger/social_sim_unity/Assets\../Output/MetaActionFeatures\meta_features_scenario_008_busy_ab_nav_SlowDown_rollout1_seed100712_pilot_50x7x2_scenario_008_busy_ab_nav_SlowDown_rollout_1_20260701_162416_536.csv"
"pilot_50x7x2","scenario_008_busy_ab_nav","busy_ab_nav","BusyABNav",100700,"Stop",0,100721,"completed","","C:/Users/roger/social_sim_unity/Assets\../Output/MetaActionFeatures\meta_features_scenario_008_busy_ab_nav_Stop_rollout0_seed100721_pilot_50x7x2_scenario_008_busy_ab_nav_Stop_rollout_0_20260701_162430_027.csv"
"pilot_50x7x2","scenario_008_busy_ab_nav","busy_ab_nav","BusyABNav",100700,"Stop",1,100722,"completed","","C:/Users/roger/social_sim_unity/Assets\../Output/MetaActionFeatures\meta_features_scenario_008_busy_ab_nav_Stop_rollout1_seed100722_pilot_50x7x2_scenario_008_busy_ab_nav_Stop_rollout_1_20260701_162443_107.csv"
"pilot_50x7x2","scenario_008_busy_ab_nav","busy_ab_nav","BusyABNav",100700,"Left",0,100731,"completed","","C:/Users/roger/social_sim_unity/Assets\../Output/MetaActionFeatures\meta_features_scenario_008_busy_ab_nav_Left_rollout0_seed100731_pilot_50x7x2_scenario_008_busy_ab_nav_Left_rollout_0_20260701_162456_227.csv"
"pilot_50x7x2","scenario_008_busy_ab_nav","busy_ab_nav","BusyABNav",100700,"Left",1,100732,"completed","","C:/Users/roger/social_sim_unity/Assets\../Output/MetaActionFeatures\meta_features_scenario_008_busy_ab_nav_Left_rollout1_seed100732_pilot_50x7x2_scenario_008_busy_ab_nav_Left_rollout_1_20260701_162509_365.csv"
"pilot_50x7x2","scenario_008_busy_ab_nav","busy_ab_nav","BusyABNav",100700,"Right",0,100741,"completed","","C:/Users/roger/social_sim_unity/Assets\../Output/MetaActionFeatures\meta_features_scenario_008_busy_ab_nav_Right_rollout0_seed100741_pilot_50x7x2_scenario_008_busy_ab_nav_Right_rollout_0_20260701_162522_542.csv"
"pilot_50x7x2","scenario_008_busy_ab_nav","busy_ab_nav","BusyABNav",100700,"Right",1,100742,"completed","","C:/Users/roger/social_sim_unity/Assets\../Output/MetaActionFeatures\meta_features_scenario_008_busy_ab_nav_Right_rollout1_seed100742_pilot_50x7x2_scenario_008_busy_ab_nav_Right_rollout_1_20260701_162535_602.csv"
"pilot_50x7x2","scenario_008_busy_ab_nav","busy_ab_nav","BusyABNav",100700,"ForwardLeft",0,100751,"completed","","C:/Users/roger/social_sim_unity/Assets\../Output/MetaActionFeatures\meta_features_scenario_008_busy_ab_nav_ForwardLeft_rollout0_seed100751_pilot_50x7x2_scenario_008_busy_ab_nav_ForwardLeft_rollout_0_20260701_162548_697.csv"
"pilot_50x7x2","scenario_008_busy_ab_nav","busy_ab_nav","BusyABNav",100700,"ForwardLeft",1,100752,"completed","","C:/Users/roger/social_sim_unity/Assets\../Output/MetaActionFeatures\meta_features_scenario_008_busy_ab_nav_ForwardLeft_rollout1_seed100752_pilot_50x7x2_scenario_008_busy_ab_nav_ForwardLeft_rollout_1_20260701_162602_260.csv"
"pilot_50x7x2","scenario_008_busy_ab_nav","busy_ab_nav","BusyABNav",100700,"ForwardRight",0,100761,"completed","","C:/Users/roger/social_sim_unity/Assets\../Output/MetaActionFeatures\meta_features_scenario_008_busy_ab_nav_ForwardRight_rollout0_seed100761_pilot_50x7x2_scenario_008_busy_ab_nav_ForwardRight_rollout_0_20260701_162615_480.csv"
"pilot_50x7x2","scenario_008_busy_ab_nav","busy_ab_nav","BusyABNav",100700,"ForwardRight",1,100762,"completed","","C:/Users/roger/social_sim_unity/Assets\../Output/MetaActionFeatures\meta_features_scenario_008_busy_ab_nav_ForwardRight_rollout1_seed100762_pilot_50x7x2_scenario_008_busy_ab_nav_ForwardRight_rollout_1_20260701_162628_569.csv"
"pilot_50x7x2","scenario_009_busy_ab_nav","busy_ab_nav","BusyABNav",100800,"Straight",0,100801,"completed","","C:/Users/roger/social_sim_unity/Assets\../Output/MetaActionFeatures\meta_features_scenario_009_busy_ab_nav_Straight_rollout0_seed100801_pilot_50x7x2_scenario_009_busy_ab_nav_Straight_rollout_0_20260701_162645_806.csv"
"pilot_50x7x2","scenario_009_busy_ab_nav","busy_ab_nav","BusyABNav",100800,"Straight",1,100802,"completed","","C:/Users/roger/social_sim_unity/Assets\../Output/MetaActionFeatures\meta_features_scenario_009_busy_ab_nav_Straight_rollout1_seed100802_pilot_50x7x2_scenario_009_busy_ab_nav_Straight_rollout_1_20260701_162658_970.csv"
"pilot_50x7x2","scenario_009_busy_ab_nav","busy_ab_nav","BusyABNav",100800,"SlowDown",0,100811,"completed","","C:/Users/roger/social_sim_unity/Assets\../Output/MetaActionFeatures\meta_features_scenario_009_busy_ab_nav_SlowDown_rollout0_seed100811_pilot_50x7x2_scenario_009_busy_ab_nav_SlowDown_rollout_0_20260701_162712_120.csv"
"pilot_50x7x2","scenario_009_busy_ab_nav","busy_ab_nav","BusyABNav",100800,"SlowDown",1,100812,"completed","","C:/Users/roger/social_sim_unity/Assets\../Output/MetaActionFeatures\meta_features_scenario_009_busy_ab_nav_SlowDown_rollout1_seed100812_pilot_50x7x2_scenario_009_busy_ab_nav_SlowDown_rollout_1_20260701_162725_585.csv"
"pilot_50x7x2","scenario_009_busy_ab_nav","busy_ab_nav","BusyABNav",100800,"Stop",0,100821,"completed","","C:/Users/roger/social_sim_unity/Assets\../Output/MetaActionFeatures\meta_features_scenario_009_busy_ab_nav_Stop_rollout0_seed100821_pilot_50x7x2_scenario_009_busy_ab_nav_Stop_rollout_0_20260701_162738_748.csv"
"pilot_50x7x2","scenario_009_busy_ab_nav","busy_ab_nav","BusyABNav",100800,"Stop",1,100822,"completed","","C:/Users/roger/social_sim_unity/Assets\../Output/MetaActionFeatures\meta_features_scenario_009_busy_ab_nav_Stop_rollout1_seed100822_pilot_50x7x2_scenario_009_busy_ab_nav_Stop_rollout_1_20260701_162751_834.csv"
"pilot_50x7x2","scenario_009_busy_ab_nav","busy_ab_nav","BusyABNav",100800,"Left",0,100831,"completed","","C:/Users/roger/social_sim_unity/Assets\../Output/MetaActionFeatures\meta_features_scenario_009_busy_ab_nav_Left_rollout0_seed100831_pilot_50x7x2_scenario_009_busy_ab_nav_Left_rollout_0_20260701_162804_991.csv"
"pilot_50x7x2","scenario_009_busy_ab_nav","busy_ab_nav","BusyABNav",100800,"Left",1,100832,"completed","","C:/Users/roger/social_sim_unity/Assets\../Output/MetaActionFeatures\meta_features_scenario_009_busy_ab_nav_Left_rollout1_seed100832_pilot_50x7x2_scenario_009_busy_ab_nav_Left_rollout_1_20260701_162818_121.csv"
"pilot_50x7x2","scenario_009_busy_ab_nav","busy_ab_nav","BusyABNav",100800,"Right",0,100841,"completed","","C:/Users/roger/social_sim_unity/Assets\../Output/MetaActionFeatures\meta_features_scenario_009_busy_ab_nav_Right_rollout0_seed100841_pilot_50x7x2_scenario_009_busy_ab_nav_Right_rollout_0_20260701_162831_290.csv"
"pilot_50x7x2","scenario_009_busy_ab_nav","busy_ab_nav","BusyABNav",100800,"Right",1,100842,"completed","","C:/Users/roger/social_sim_unity/Assets\../Output/MetaActionFeatures\meta_features_scenario_009_busy_ab_nav_Right_rollout1_seed100842_pilot_50x7x2_scenario_009_busy_ab_nav_Right_rollout_1_20260701_162844_373.csv"
"pilot_50x7x2","scenario_009_busy_ab_nav","busy_ab_nav","BusyABNav",100800,"ForwardLeft",0,100851,"completed","","C:/Users/roger/social_sim_unity/Assets\../Output/MetaActionFeatures\meta_features_scenario_009_busy_ab_nav_ForwardLeft_rollout0_seed100851_pilot_50x7x2_scenario_009_busy_ab_nav_ForwardLeft_rollout_0_20260701_162857_937.csv"
"pilot_50x7x2","scenario_009_busy_ab_nav","busy_ab_nav","BusyABNav",100800,"ForwardLeft",1,100852,"completed","","C:/Users/roger/social_sim_unity/Assets\../Output/MetaActionFeatures\meta_features_scenario_009_busy_ab_nav_ForwardLeft_rollout1_seed100852_pilot_50x7x2_scenario_009_busy_ab_nav_ForwardLeft_rollout_1_20260701_162911_042.csv"
"pilot_50x7x2","scenario_009_busy_ab_nav","busy_ab_nav","BusyABNav",100800,"ForwardRight",0,100861,"completed","","C:/Users/roger/social_sim_unity/Assets\../Output/MetaActionFeatures\meta_features_scenario_009_busy_ab_nav_ForwardRight_rollout0_seed100861_pilot_50x7x2_scenario_009_busy_ab_nav_ForwardRight_rollout_0_20260701_162924_124.csv"
"pilot_50x7x2","scenario_009_busy_ab_nav","busy_ab_nav","BusyABNav",100800,"ForwardRight",1,100862,"completed","","C:/Users/roger/social_sim_unity/Assets\../Output/MetaActionFeatures\meta_features_scenario_009_busy_ab_nav_ForwardRight_rollout1_seed100862_pilot_50x7x2_scenario_009_busy_ab_nav_ForwardRight_rollout_1_20260701_162937_308.csv"
"pilot_50x7x2","scenario_010_busy_ab_nav","busy_ab_nav","BusyABNav",100900,"Straight",0,100901,"completed","","C:/Users/roger/social_sim_unity/Assets\../Output/MetaActionFeatures\meta_features_scenario_010_busy_ab_nav_Straight_rollout0_seed100901_pilot_50x7x2_scenario_010_busy_ab_nav_Straight_rollout_0_20260701_162954_502.csv"
"pilot_50x7x2","scenario_010_busy_ab_nav","busy_ab_nav","BusyABNav",100900,"Straight",1,100902,"completed","","C:/Users/roger/social_sim_unity/Assets\../Output/MetaActionFeatures\meta_features_scenario_010_busy_ab_nav_Straight_rollout1_seed100902_pilot_50x7x2_scenario_010_busy_ab_nav_Straight_rollout_1_20260701_163007_811.csv"
"pilot_50x7x2","scenario_010_busy_ab_nav","busy_ab_nav","BusyABNav",100900,"SlowDown",0,100911,"completed","","C:/Users/roger/social_sim_unity/Assets\../Output/MetaActionFeatures\meta_features_scenario_010_busy_ab_nav_SlowDown_rollout0_seed100911_pilot_50x7x2_scenario_010_busy_ab_nav_SlowDown_rollout_0_20260701_163020_933.csv"
"pilot_50x7x2","scenario_010_busy_ab_nav","busy_ab_nav","BusyABNav",100900,"SlowDown",1,100912,"completed","","C:/Users/roger/social_sim_unity/Assets\../Output/MetaActionFeatures\meta_features_scenario_010_busy_ab_nav_SlowDown_rollout1_seed100912_pilot_50x7x2_scenario_010_busy_ab_nav_SlowDown_rollout_1_20260701_163034_031.csv"
"pilot_50x7x2","scenario_010_busy_ab_nav","busy_ab_nav","BusyABNav",100900,"Stop",0,100921,"completed","","C:/Users/roger/social_sim_unity/Assets\../Output/MetaActionFeatures\meta_features_scenario_010_busy_ab_nav_Stop_rollout0_seed100921_pilot_50x7x2_scenario_010_busy_ab_nav_Stop_rollout_0_20260701_163047_161.csv"
"pilot_50x7x2","scenario_010_busy_ab_nav","busy_ab_nav","BusyABNav",100900,"Stop",1,100922,"completed","","C:/Users/roger/social_sim_unity/Assets\../Output/MetaActionFeatures\meta_features_scenario_010_busy_ab_nav_Stop_rollout1_seed100922_pilot_50x7x2_scenario_010_busy_ab_nav_Stop_rollout_1_20260701_163100_267.csv"
"pilot_50x7x2","scenario_010_busy_ab_nav","busy_ab_nav","BusyABNav",100900,"Left",0,100931,"completed","","C:/Users/roger/social_sim_unity/Assets\../Output/MetaActionFeatures\meta_features_scenario_010_busy_ab_nav_Left_rollout0_seed100931_pilot_50x7x2_scenario_010_busy_ab_nav_Left_rollout_0_20260701_163113_423.csv"
"pilot_50x7x2","scenario_010_busy_ab_nav","busy_ab_nav","BusyABNav",100900,"Left",1,100932,"completed","","C:/Users/roger/social_sim_unity/Assets\../Output/MetaActionFeatures\meta_features_scenario_010_busy_ab_nav_Left_rollout1_seed100932_pilot_50x7x2_scenario_010_busy_ab_nav_Left_rollout_1_20260701_163126_759.csv"
"pilot_50x7x2","scenario_010_busy_ab_nav","busy_ab_nav","BusyABNav",100900,"Right",0,100941,"completed","","C:/Users/roger/social_sim_unity/Assets\../Output/MetaActionFeatures\meta_features_scenario_010_busy_ab_nav_Right_rollout0_seed100941_pilot_50x7x2_scenario_010_busy_ab_nav_Right_rollout_0_20260701_163139_887.csv"
"pilot_50x7x2","scenario_010_busy_ab_nav","busy_ab_nav","BusyABNav",100900,"Right",1,100942,"completed","","C:/Users/roger/social_sim_unity/Assets\../Output/MetaActionFeatures\meta_features_scenario_010_busy_ab_nav_Right_rollout1_seed100942_pilot_50x7x2_scenario_010_busy_ab_nav_Right_rollout_1_20260701_163152_973.csv"
"pilot_50x7x2","scenario_010_busy_ab_nav","busy_ab_nav","BusyABNav",100900,"ForwardLeft",0,100951,"completed","","C:/Users/roger/social_sim_unity/Assets\../Output/MetaActionFeatures\meta_features_scenario_010_busy_ab_nav_ForwardLeft_rollout0_seed100951_pilot_50x7x2_scenario_010_busy_ab_nav_ForwardLeft_rollout_0_20260701_163206_058.csv"
"pilot_50x7x2","scenario_010_busy_ab_nav","busy_ab_nav","BusyABNav",100900,"ForwardLeft",1,100952,"completed","","C:/Users/roger/social_sim_unity/Assets\../Output/MetaActionFeatures\meta_features_scenario_010_busy_ab_nav_ForwardLeft_rollout1_seed100952_pilot_50x7x2_scenario_010_busy_ab_nav_ForwardLeft_rollout_1_20260701_163219_231.csv"
"pilot_50x7x2","scenario_010_busy_ab_nav","busy_ab_nav","BusyABNav",100900,"ForwardRight",0,100961,"completed","","C:/Users/roger/social_sim_unity/Assets\../Output/MetaActionFeatures\meta_features_scenario_010_busy_ab_nav_ForwardRight_rollout0_seed100961_pilot_50x7x2_scenario_010_busy_ab_nav_ForwardRight_rollout_0_20260701_163232_367.csv"
"pilot_50x7x2","scenario_010_busy_ab_nav","busy_ab_nav","BusyABNav",100900,"ForwardRight",1,100962,"completed","","C:/Users/roger/social_sim_unity/Assets\../Output/MetaActionFeatures\meta_features_scenario_010_busy_ab_nav_ForwardRight_rollout1_seed100962_pilot_50x7x2_scenario_010_busy_ab_nav_ForwardRight_rollout_1_20260701_163245_700.csv"
"pilot_50x7x2","scenario_011_busy_ab_nav","busy_ab_nav","BusyABNav",101000,"Straight",0,101001,"completed","","C:/Users/roger/social_sim_unity/Assets\../Output/MetaActionFeatures\meta_features_scenario_011_busy_ab_nav_Straight_rollout0_seed101001_pilot_50x7x2_scenario_011_busy_ab_nav_Straight_rollout_0_20260701_163302_897.csv"
"pilot_50x7x2","scenario_011_busy_ab_nav","busy_ab_nav","BusyABNav",101000,"Straight",1,101002,"completed","","C:/Users/roger/social_sim_unity/Assets\../Output/MetaActionFeatures\meta_features_scenario_011_busy_ab_nav_Straight_rollout1_seed101002_pilot_50x7x2_scenario_011_busy_ab_nav_Straight_rollout_1_20260701_163316_045.csv"
"pilot_50x7x2","scenario_011_busy_ab_nav","busy_ab_nav","BusyABNav",101000,"SlowDown",0,101011,"completed","","C:/Users/roger/social_sim_unity/Assets\../Output/MetaActionFeatures\meta_features_scenario_011_busy_ab_nav_SlowDown_rollout0_seed101011_pilot_50x7x2_scenario_011_busy_ab_nav_SlowDown_rollout_0_20260701_163329_259.csv"
"pilot_50x7x2","scenario_011_busy_ab_nav","busy_ab_nav","BusyABNav",101000,"SlowDown",1,101012,"completed","","C:/Users/roger/social_sim_unity/Assets\../Output/MetaActionFeatures\meta_features_scenario_011_busy_ab_nav_SlowDown_rollout1_seed101012_pilot_50x7x2_scenario_011_busy_ab_nav_SlowDown_rollout_1_20260701_163342_360.csv"
"pilot_50x7x2","scenario_011_busy_ab_nav","busy_ab_nav","BusyABNav",101000,"Stop",0,101021,"completed","","C:/Users/roger/social_sim_unity/Assets\../Output/MetaActionFeatures\meta_features_scenario_011_busy_ab_nav_Stop_rollout0_seed101021_pilot_50x7x2_scenario_011_busy_ab_nav_Stop_rollout_0_20260701_163355_477.csv"
"pilot_50x7x2","scenario_011_busy_ab_nav","busy_ab_nav","BusyABNav",101000,"Stop",1,101022,"completed","","C:/Users/roger/social_sim_unity/Assets\../Output/MetaActionFeatures\meta_features_scenario_011_busy_ab_nav_Stop_rollout1_seed101022_pilot_50x7x2_scenario_011_busy_ab_nav_Stop_rollout_1_20260701_163408_815.csv"
"pilot_50x7x2","scenario_011_busy_ab_nav","busy_ab_nav","BusyABNav",101000,"Left",0,101031,"completed","","C:/Users/roger/social_sim_unity/Assets\../Output/MetaActionFeatures\meta_features_scenario_011_busy_ab_nav_Left_rollout0_seed101031_pilot_50x7x2_scenario_011_busy_ab_nav_Left_rollout_0_20260701_163421_926.csv"
"pilot_50x7x2","scenario_011_busy_ab_nav","busy_ab_nav","BusyABNav",101000,"Left",1,101032,"completed","","C:/Users/roger/social_sim_unity/Assets\../Output/MetaActionFeatures\meta_features_scenario_011_busy_ab_nav_Left_rollout1_seed101032_pilot_50x7x2_scenario_011_busy_ab_nav_Left_rollout_1_20260701_163435_007.csv"
"pilot_50x7x2","scenario_011_busy_ab_nav","busy_ab_nav","BusyABNav",101000,"Right",0,101041,"completed","","C:/Users/roger/social_sim_unity/Assets\../Output/MetaActionFeatures\meta_features_scenario_011_busy_ab_nav_Right_rollout0_seed101041_pilot_50x7x2_scenario_011_busy_ab_nav_Right_rollout_0_20260701_163448_134.csv"
"pilot_50x7x2","scenario_011_busy_ab_nav","busy_ab_nav","BusyABNav",101000,"Right",1,101042,"completed","","C:/Users/roger/social_sim_unity/Assets\../Output/MetaActionFeatures\meta_features_scenario_011_busy_ab_nav_Right_rollout1_seed101042_pilot_50x7x2_scenario_011_busy_ab_nav_Right_rollout_1_20260701_163501_324.csv"
"pilot_50x7x2","scenario_011_busy_ab_nav","busy_ab_nav","BusyABNav",101000,"ForwardLeft",0,101051,"completed","","C:/Users/roger/social_sim_unity/Assets\../Output/MetaActionFeatures\meta_features_scenario_011_busy_ab_nav_ForwardLeft_rollout0_seed101051_pilot_50x7x2_scenario_011_busy_ab_nav_ForwardLeft_rollout_0_20260701_163514_460.csv"
"pilot_50x7x2","scenario_011_busy_ab_nav","busy_ab_nav","BusyABNav",101000,"ForwardLeft",1,101052,"completed","","C:/Users/roger/social_sim_unity/Assets\../Output/MetaActionFeatures\meta_features_scenario_011_busy_ab_nav_ForwardLeft_rollout1_seed101052_pilot_50x7x2_scenario_011_busy_ab_nav_ForwardLeft_rollout_1_20260701_163527_627.csv"
"pilot_50x7x2","scenario_011_busy_ab_nav","busy_ab_nav","BusyABNav",101000,"ForwardRight",0,101061,"completed","","C:/Users/roger/social_sim_unity/Assets\../Output/MetaActionFeatures\meta_features_scenario_011_busy_ab_nav_ForwardRight_rollout0_seed101061_pilot_50x7x2_scenario_011_busy_ab_nav_ForwardRight_rollout_0_20260701_163541_052.csv"
"pilot_50x7x2","scenario_011_busy_ab_nav","busy_ab_nav","BusyABNav",101000,"ForwardRight",1,101062,"completed","","C:/Users/roger/social_sim_unity/Assets\../Output/MetaActionFeatures\meta_features_scenario_011_busy_ab_nav_ForwardRight_rollout1_seed101062_pilot_50x7x2_scenario_011_busy_ab_nav_ForwardRight_rollout_1_20260701_163554_134.csv"
"pilot_50x7x2","scenario_012_busy_ab_nav","busy_ab_nav","BusyABNav",101100,"Straight",0,101101,"completed","","C:/Users/roger/social_sim_unity/Assets\../Output/MetaActionFeatures\meta_features_scenario_012_busy_ab_nav_Straight_rollout0_seed101101_pilot_50x7x2_scenario_012_busy_ab_nav_Straight_rollout_0_20260701_163611_275.csv"
"pilot_50x7x2","scenario_012_busy_ab_nav","busy_ab_nav","BusyABNav",101100,"Straight",1,101102,"completed","","C:/Users/roger/social_sim_unity/Assets\../Output/MetaActionFeatures\meta_features_scenario_012_busy_ab_nav_Straight_rollout1_seed101102_pilot_50x7x2_scenario_012_busy_ab_nav_Straight_rollout_1_20260701_163624_442.csv"
"pilot_50x7x2","scenario_012_busy_ab_nav","busy_ab_nav","BusyABNav",101100,"SlowDown",0,101111,"completed","","C:/Users/roger/social_sim_unity/Assets\../Output/MetaActionFeatures\meta_features_scenario_012_busy_ab_nav_SlowDown_rollout0_seed101111_pilot_50x7x2_scenario_012_busy_ab_nav_SlowDown_rollout_0_20260701_163637_650.csv"
"pilot_50x7x2","scenario_012_busy_ab_nav","busy_ab_nav","BusyABNav",101100,"SlowDown",1,101112,"completed","","C:/Users/roger/social_sim_unity/Assets\../Output/MetaActionFeatures\meta_features_scenario_012_busy_ab_nav_SlowDown_rollout1_seed101112_pilot_50x7x2_scenario_012_busy_ab_nav_SlowDown_rollout_1_20260701_163650_801.csv"
"pilot_50x7x2","scenario_012_busy_ab_nav","busy_ab_nav","BusyABNav",101100,"Stop",0,101121,"completed","","C:/Users/roger/social_sim_unity/Assets\../Output/MetaActionFeatures\meta_features_scenario_012_busy_ab_nav_Stop_rollout0_seed101121_pilot_50x7x2_scenario_012_busy_ab_nav_Stop_rollout_0_20260701_163703_954.csv"
"pilot_50x7x2","scenario_012_busy_ab_nav","busy_ab_nav","BusyABNav",101100,"Stop",1,101122,"completed","","C:/Users/roger/social_sim_unity/Assets\../Output/MetaActionFeatures\meta_features_scenario_012_busy_ab_nav_Stop_rollout1_seed101122_pilot_50x7x2_scenario_012_busy_ab_nav_Stop_rollout_1_20260701_163717_273.csv"
"pilot_50x7x2","scenario_012_busy_ab_nav","busy_ab_nav","BusyABNav",101100,"Left",0,101131,"completed","","C:/Users/roger/social_sim_unity/Assets\../Output/MetaActionFeatures\meta_features_scenario_012_busy_ab_nav_Left_rollout0_seed101131_pilot_50x7x2_scenario_012_busy_ab_nav_Left_rollout_0_20260701_163730_469.csv"
"pilot_50x7x2","scenario_012_busy_ab_nav","busy_ab_nav","BusyABNav",101100,"Left",1,101132,"completed","","C:/Users/roger/social_sim_unity/Assets\../Output/MetaActionFeatures\meta_features_scenario_012_busy_ab_nav_Left_rollout1_seed101132_pilot_50x7x2_scenario_012_busy_ab_nav_Left_rollout_1_20260701_163743_535.csv"
"pilot_50x7x2","scenario_012_busy_ab_nav","busy_ab_nav","BusyABNav",101100,"Right",0,101141,"completed","","C:/Users/roger/social_sim_unity/Assets\../Output/MetaActionFeatures\meta_features_scenario_012_busy_ab_nav_Right_rollout0_seed101141_pilot_50x7x2_scenario_012_busy_ab_nav_Right_rollout_0_20260701_163756_639.csv"
"pilot_50x7x2","scenario_012_busy_ab_nav","busy_ab_nav","BusyABNav",101100,"Right",1,101142,"completed","","C:/Users/roger/social_sim_unity/Assets\../Output/MetaActionFeatures\meta_features_scenario_012_busy_ab_nav_Right_rollout1_seed101142_pilot_50x7x2_scenario_012_busy_ab_nav_Right_rollout_1_20260701_163809_776.csv"
"pilot_50x7x2","scenario_012_busy_ab_nav","busy_ab_nav","BusyABNav",101100,"ForwardLeft",0,101151,"completed","","C:/Users/roger/social_sim_unity/Assets\../Output/MetaActionFeatures\meta_features_scenario_012_busy_ab_nav_ForwardLeft_rollout0_seed101151_pilot_50x7x2_scenario_012_busy_ab_nav_ForwardLeft_rollout_0_20260701_163822_915.csv"
"pilot_50x7x2","scenario_012_busy_ab_nav","busy_ab_nav","BusyABNav",101100,"ForwardLeft",1,101152,"completed","","C:/Users/roger/social_sim_unity/Assets\../Output/MetaActionFeatures\meta_features_scenario_012_busy_ab_nav_ForwardLeft_rollout1_seed101152_pilot_50x7x2_scenario_012_busy_ab_nav_ForwardLeft_rollout_1_20260701_163836_006.csv"
"pilot_50x7x2","scenario_012_busy_ab_nav","busy_ab_nav","BusyABNav",101100,"ForwardRight",0,101161,"completed","","C:/Users/roger/social_sim_unity/Assets\../Output/MetaActionFeatures\meta_features_scenario_012_busy_ab_nav_ForwardRight_rollout0_seed101161_pilot_50x7x2_scenario_012_busy_ab_nav_ForwardRight_rollout_0_20260701_163849_628.csv"
"pilot_50x7x2","scenario_012_busy_ab_nav","busy_ab_nav","BusyABNav",101100,"ForwardRight",1,101162,"completed","","C:/Users/roger/social_sim_unity/Assets\../Output/MetaActionFeatures\meta_features_scenario_012_busy_ab_nav_ForwardRight_rollout1_seed101162_pilot_50x7x2_scenario_012_busy_ab_nav_ForwardRight_rollout_1_20260701_163902_782.csv"
"pilot_50x7x2","scenario_013_busy_ab_nav","busy_ab_nav","BusyABNav",101200,"Straight",0,101201,"completed","","C:/Users/roger/social_sim_unity/Assets\../Output/MetaActionFeatures\meta_features_scenario_013_busy_ab_nav_Straight_rollout0_seed101201_pilot_50x7x2_scenario_013_busy_ab_nav_Straight_rollout_0_20260701_163920_014.csv"
"pilot_50x7x2","scenario_013_busy_ab_nav","busy_ab_nav","BusyABNav",101200,"Straight",1,101202,"completed","","C:/Users/roger/social_sim_unity/Assets\../Output/MetaActionFeatures\meta_features_scenario_013_busy_ab_nav_Straight_rollout1_seed101202_pilot_50x7x2_scenario_013_busy_ab_nav_Straight_rollout_1_20260701_163933_379.csv"
"pilot_50x7x2","scenario_013_busy_ab_nav","busy_ab_nav","BusyABNav",101200,"SlowDown",0,101211,"completed","","C:/Users/roger/social_sim_unity/Assets\../Output/MetaActionFeatures\meta_features_scenario_013_busy_ab_nav_SlowDown_rollout0_seed101211_pilot_50x7x2_scenario_013_busy_ab_nav_SlowDown_rollout_0_20260701_163946_490.csv"
"pilot_50x7x2","scenario_013_busy_ab_nav","busy_ab_nav","BusyABNav",101200,"SlowDown",1,101212,"completed","","C:/Users/roger/social_sim_unity/Assets\../Output/MetaActionFeatures\meta_features_scenario_013_busy_ab_nav_SlowDown_rollout1_seed101212_pilot_50x7x2_scenario_013_busy_ab_nav_SlowDown_rollout_1_20260701_163959_699.csv"
"pilot_50x7x2","scenario_013_busy_ab_nav","busy_ab_nav","BusyABNav",101200,"Stop",0,101221,"completed","","C:/Users/roger/social_sim_unity/Assets\../Output/MetaActionFeatures\meta_features_scenario_013_busy_ab_nav_Stop_rollout0_seed101221_pilot_50x7x2_scenario_013_busy_ab_nav_Stop_rollout_0_20260701_164012_950.csv"
"pilot_50x7x2","scenario_013_busy_ab_nav","busy_ab_nav","BusyABNav",101200,"Stop",1,101222,"completed","","C:/Users/roger/social_sim_unity/Assets\../Output/MetaActionFeatures\meta_features_scenario_013_busy_ab_nav_Stop_rollout1_seed101222_pilot_50x7x2_scenario_013_busy_ab_nav_Stop_rollout_1_20260701_164026_521.csv"
"pilot_50x7x2","scenario_013_busy_ab_nav","busy_ab_nav","BusyABNav",101200,"Left",0,101231,"completed","","C:/Users/roger/social_sim_unity/Assets\../Output/MetaActionFeatures\meta_features_scenario_013_busy_ab_nav_Left_rollout0_seed101231_pilot_50x7x2_scenario_013_busy_ab_nav_Left_rollout_0_20260701_164039_649.csv"
"pilot_50x7x2","scenario_013_busy_ab_nav","busy_ab_nav","BusyABNav",101200,"Left",1,101232,"completed","","C:/Users/roger/social_sim_unity/Assets\../Output/MetaActionFeatures\meta_features_scenario_013_busy_ab_nav_Left_rollout1_seed101232_pilot_50x7x2_scenario_013_busy_ab_nav_Left_rollout_1_20260701_164052_771.csv"
"pilot_50x7x2","scenario_013_busy_ab_nav","busy_ab_nav","BusyABNav",101200,"Right",0,101241,"completed","","C:/Users/roger/social_sim_unity/Assets\../Output/MetaActionFeatures\meta_features_scenario_013_busy_ab_nav_Right_rollout0_seed101241_pilot_50x7x2_scenario_013_busy_ab_nav_Right_rollout_0_20260701_164105_903.csv"
"pilot_50x7x2","scenario_013_busy_ab_nav","busy_ab_nav","BusyABNav",101200,"Right",1,101242,"completed","","C:/Users/roger/social_sim_unity/Assets\../Output/MetaActionFeatures\meta_features_scenario_013_busy_ab_nav_Right_rollout1_seed101242_pilot_50x7x2_scenario_013_busy_ab_nav_Right_rollout_1_20260701_164119_045.csv"
"pilot_50x7x2","scenario_013_busy_ab_nav","busy_ab_nav","BusyABNav",101200,"ForwardLeft",0,101251,"completed","","C:/Users/roger/social_sim_unity/Assets\../Output/MetaActionFeatures\meta_features_scenario_013_busy_ab_nav_ForwardLeft_rollout0_seed101251_pilot_50x7x2_scenario_013_busy_ab_nav_ForwardLeft_rollout_0_20260701_164132_157.csv"
"pilot_50x7x2","scenario_013_busy_ab_nav","busy_ab_nav","BusyABNav",101200,"ForwardLeft",1,101252,"completed","","C:/Users/roger/social_sim_unity/Assets\../Output/MetaActionFeatures\meta_features_scenario_013_busy_ab_nav_ForwardLeft_rollout1_seed101252_pilot_50x7x2_scenario_013_busy_ab_nav_ForwardLeft_rollout_1_20260701_164145_375.csv"
"pilot_50x7x2","scenario_013_busy_ab_nav","busy_ab_nav","BusyABNav",101200,"ForwardRight",0,101261,"completed","","C:/Users/roger/social_sim_unity/Assets\../Output/MetaActionFeatures\meta_features_scenario_013_busy_ab_nav_ForwardRight_rollout0_seed101261_pilot_50x7x2_scenario_013_busy_ab_nav_ForwardRight_rollout_0_20260701_164159_181.csv"
"pilot_50x7x2","scenario_013_busy_ab_nav","busy_ab_nav","BusyABNav",101200,"ForwardRight",1,101262,"completed","","C:/Users/roger/social_sim_unity/Assets\../Output/MetaActionFeatures\meta_features_scenario_013_busy_ab_nav_ForwardRight_rollout1_seed101262_pilot_50x7x2_scenario_013_busy_ab_nav_ForwardRight_rollout_1_20260701_164212_442.csv"
"pilot_50x7x2","scenario_014_busy_ab_nav","busy_ab_nav","BusyABNav",101300,"Straight",0,101301,"completed","","C:/Users/roger/social_sim_unity/Assets\../Output/MetaActionFeatures\meta_features_scenario_014_busy_ab_nav_Straight_rollout0_seed101301_pilot_50x7x2_scenario_014_busy_ab_nav_Straight_rollout_0_20260701_164229_637.csv"
"pilot_50x7x2","scenario_014_busy_ab_nav","busy_ab_nav","BusyABNav",101300,"Straight",1,101302,"completed","","C:/Users/roger/social_sim_unity/Assets\../Output/MetaActionFeatures\meta_features_scenario_014_busy_ab_nav_Straight_rollout1_seed101302_pilot_50x7x2_scenario_014_busy_ab_nav_Straight_rollout_1_20260701_164242_784.csv"
"pilot_50x7x2","scenario_014_busy_ab_nav","busy_ab_nav","BusyABNav",101300,"SlowDown",0,101311,"completed","","C:/Users/roger/social_sim_unity/Assets\../Output/MetaActionFeatures\meta_features_scenario_014_busy_ab_nav_SlowDown_rollout0_seed101311_pilot_50x7x2_scenario_014_busy_ab_nav_SlowDown_rollout_0_20260701_164255_971.csv"
"pilot_50x7x2","scenario_014_busy_ab_nav","busy_ab_nav","BusyABNav",101300,"SlowDown",1,101312,"completed","","C:/Users/roger/social_sim_unity/Assets\../Output/MetaActionFeatures\meta_features_scenario_014_busy_ab_nav_SlowDown_rollout1_seed101312_pilot_50x7x2_scenario_014_busy_ab_nav_SlowDown_rollout_1_20260701_164309_106.csv"
"pilot_50x7x2","scenario_014_busy_ab_nav","busy_ab_nav","BusyABNav",101300,"Stop",0,101321,"completed","","C:/Users/roger/social_sim_unity/Assets\../Output/MetaActionFeatures\meta_features_scenario_014_busy_ab_nav_Stop_rollout0_seed101321_pilot_50x7x2_scenario_014_busy_ab_nav_Stop_rollout_0_20260701_164322_227.csv"
"pilot_50x7x2","scenario_014_busy_ab_nav","busy_ab_nav","BusyABNav",101300,"Stop",1,101322,"completed","","C:/Users/roger/social_sim_unity/Assets\../Output/MetaActionFeatures\meta_features_scenario_014_busy_ab_nav_Stop_rollout1_seed101322_pilot_50x7x2_scenario_014_busy_ab_nav_Stop_rollout_1_20260701_164335_794.csv"
"pilot_50x7x2","scenario_014_busy_ab_nav","busy_ab_nav","BusyABNav",101300,"Left",0,101331,"completed","","C:/Users/roger/social_sim_unity/Assets\../Output/MetaActionFeatures\meta_features_scenario_014_busy_ab_nav_Left_rollout0_seed101331_pilot_50x7x2_scenario_014_busy_ab_nav_Left_rollout_0_20260701_164348_896.csv"
"pilot_50x7x2","scenario_014_busy_ab_nav","busy_ab_nav","BusyABNav",101300,"Left",1,101332,"completed","","C:/Users/roger/social_sim_unity/Assets\../Output/MetaActionFeatures\meta_features_scenario_014_busy_ab_nav_Left_rollout1_seed101332_pilot_50x7x2_scenario_014_busy_ab_nav_Left_rollout_1_20260701_164402_036.csv"
"pilot_50x7x2","scenario_014_busy_ab_nav","busy_ab_nav","BusyABNav",101300,"Right",0,101341,"completed","","C:/Users/roger/social_sim_unity/Assets\../Output/MetaActionFeatures\meta_features_scenario_014_busy_ab_nav_Right_rollout0_seed101341_pilot_50x7x2_scenario_014_busy_ab_nav_Right_rollout_0_20260701_164415_154.csv"
"pilot_50x7x2","scenario_014_busy_ab_nav","busy_ab_nav","BusyABNav",101300,"Right",1,101342,"completed","","C:/Users/roger/social_sim_unity/Assets\../Output/MetaActionFeatures\meta_features_scenario_014_busy_ab_nav_Right_rollout1_seed101342_pilot_50x7x2_scenario_014_busy_ab_nav_Right_rollout_1_20260701_164428_408.csv"
"pilot_50x7x2","scenario_014_busy_ab_nav","busy_ab_nav","BusyABNav",101300,"ForwardLeft",0,101351,"completed","","C:/Users/roger/social_sim_unity/Assets\../Output/MetaActionFeatures\meta_features_scenario_014_busy_ab_nav_ForwardLeft_rollout0_seed101351_pilot_50x7x2_scenario_014_busy_ab_nav_ForwardLeft_rollout_0_20260701_164441_549.csv"
"pilot_50x7x2","scenario_014_busy_ab_nav","busy_ab_nav","BusyABNav",101300,"ForwardLeft",1,101352,"completed","","C:/Users/roger/social_sim_unity/Assets\../Output/MetaActionFeatures\meta_features_scenario_014_busy_ab_nav_ForwardLeft_rollout1_seed101352_pilot_50x7x2_scenario_014_busy_ab_nav_ForwardLeft_rollout_1_20260701_164454_676.csv"
"pilot_50x7x2","scenario_014_busy_ab_nav","busy_ab_nav","BusyABNav",101300,"ForwardRight",0,101361,"completed","","C:/Users/roger/social_sim_unity/Assets\../Output/MetaActionFeatures\meta_features_scenario_014_busy_ab_nav_ForwardRight_rollout0_seed101361_pilot_50x7x2_scenario_014_busy_ab_nav_ForwardRight_rollout_0_20260701_164508_447.csv"
"pilot_50x7x2","scenario_014_busy_ab_nav","busy_ab_nav","BusyABNav",101300,"ForwardRight",1,101362,"completed","","C:/Users/roger/social_sim_unity/Assets\../Output/MetaActionFeatures\meta_features_scenario_014_busy_ab_nav_ForwardRight_rollout1_seed101362_pilot_50x7x2_scenario_014_busy_ab_nav_ForwardRight_rollout_1_20260701_164521_572.csv"
"pilot_50x7x2","scenario_015_busy_ab_nav","busy_ab_nav","BusyABNav",101400,"Straight",0,101401,"completed","","C:/Users/roger/social_sim_unity/Assets\../Output/MetaActionFeatures\meta_features_scenario_015_busy_ab_nav_Straight_rollout0_seed101401_pilot_50x7x2_scenario_015_busy_ab_nav_Straight_rollout_0_20260701_164539_036.csv"
"pilot_50x7x2","scenario_015_busy_ab_nav","busy_ab_nav","BusyABNav",101400,"Straight",1,101402,"completed","","C:/Users/roger/social_sim_unity/Assets\../Output/MetaActionFeatures\meta_features_scenario_015_busy_ab_nav_Straight_rollout1_seed101402_pilot_50x7x2_scenario_015_busy_ab_nav_Straight_rollout_1_20260701_164552_560.csv"
"pilot_50x7x2","scenario_015_busy_ab_nav","busy_ab_nav","BusyABNav",101400,"SlowDown",0,101411,"completed","","C:/Users/roger/social_sim_unity/Assets\../Output/MetaActionFeatures\meta_features_scenario_015_busy_ab_nav_SlowDown_rollout0_seed101411_pilot_50x7x2_scenario_015_busy_ab_nav_SlowDown_rollout_0_20260701_164605_692.csv"
"pilot_50x7x2","scenario_015_busy_ab_nav","busy_ab_nav","BusyABNav",101400,"SlowDown",1,101412,"completed","","C:/Users/roger/social_sim_unity/Assets\../Output/MetaActionFeatures\meta_features_scenario_015_busy_ab_nav_SlowDown_rollout1_seed101412_pilot_50x7x2_scenario_015_busy_ab_nav_SlowDown_rollout_1_20260701_164618_851.csv"
"pilot_50x7x2","scenario_015_busy_ab_nav","busy_ab_nav","BusyABNav",101400,"Stop",0,101421,"completed","","C:/Users/roger/social_sim_unity/Assets\../Output/MetaActionFeatures\meta_features_scenario_015_busy_ab_nav_Stop_rollout0_seed101421_pilot_50x7x2_scenario_015_busy_ab_nav_Stop_rollout_0_20260701_164632_793.csv"
"pilot_50x7x2","scenario_015_busy_ab_nav","busy_ab_nav","BusyABNav",101400,"Stop",1,101422,"completed","","C:/Users/roger/social_sim_unity/Assets\../Output/MetaActionFeatures\meta_features_scenario_015_busy_ab_nav_Stop_rollout1_seed101422_pilot_50x7x2_scenario_015_busy_ab_nav_Stop_rollout_1_20260701_164646_140.csv"
"pilot_50x7x2","scenario_015_busy_ab_nav","busy_ab_nav","BusyABNav",101400,"Left",0,101431,"completed","","C:/Users/roger/social_sim_unity/Assets\../Output/MetaActionFeatures\meta_features_scenario_015_busy_ab_nav_Left_rollout0_seed101431_pilot_50x7x2_scenario_015_busy_ab_nav_Left_rollout_0_20260701_164659_280.csv"
"pilot_50x7x2","scenario_015_busy_ab_nav","busy_ab_nav","BusyABNav",101400,"Left",1,101432,"completed","","C:/Users/roger/social_sim_unity/Assets\../Output/MetaActionFeatures\meta_features_scenario_015_busy_ab_nav_Left_rollout1_seed101432_pilot_50x7x2_scenario_015_busy_ab_nav_Left_rollout_1_20260701_164712_380.csv"
"pilot_50x7x2","scenario_015_busy_ab_nav","busy_ab_nav","BusyABNav",101400,"Right",0,101441,"completed","","C:/Users/roger/social_sim_unity/Assets\../Output/MetaActionFeatures\meta_features_scenario_015_busy_ab_nav_Right_rollout0_seed101441_pilot_50x7x2_scenario_015_busy_ab_nav_Right_rollout_0_20260701_164725_818.csv"
"pilot_50x7x2","scenario_015_busy_ab_nav","busy_ab_nav","BusyABNav",101400,"Right",1,101442,"completed","","C:/Users/roger/social_sim_unity/Assets\../Output/MetaActionFeatures\meta_features_scenario_015_busy_ab_nav_Right_rollout1_seed101442_pilot_50x7x2_scenario_015_busy_ab_nav_Right_rollout_1_20260701_164739_034.csv"
"pilot_50x7x2","scenario_015_busy_ab_nav","busy_ab_nav","BusyABNav",101400,"ForwardLeft",0,101451,"completed","","C:/Users/roger/social_sim_unity/Assets\../Output/MetaActionFeatures\meta_features_scenario_015_busy_ab_nav_ForwardLeft_rollout0_seed101451_pilot_50x7x2_scenario_015_busy_ab_nav_ForwardLeft_rollout_0_20260701_164752_356.csv"
"pilot_50x7x2","scenario_015_busy_ab_nav","busy_ab_nav","BusyABNav",101400,"ForwardLeft",1,101452,"completed","","C:/Users/roger/social_sim_unity/Assets\../Output/MetaActionFeatures\meta_features_scenario_015_busy_ab_nav_ForwardLeft_rollout1_seed101452_pilot_50x7x2_scenario_015_busy_ab_nav_ForwardLeft_rollout_1_20260701_164805_435.csv"
"pilot_50x7x2","scenario_015_busy_ab_nav","busy_ab_nav","BusyABNav",101400,"ForwardRight",0,101461,"completed","","C:/Users/roger/social_sim_unity/Assets\../Output/MetaActionFeatures\meta_features_scenario_015_busy_ab_nav_ForwardRight_rollout0_seed101461_pilot_50x7x2_scenario_015_busy_ab_nav_ForwardRight_rollout_0_20260701_164818_593.csv"
"pilot_50x7x2","scenario_015_busy_ab_nav","busy_ab_nav","BusyABNav",101400,"ForwardRight",1,101462,"completed","","C:/Users/roger/social_sim_unity/Assets\../Output/MetaActionFeatures\meta_features_scenario_015_busy_ab_nav_ForwardRight_rollout1_seed101462_pilot_50x7x2_scenario_015_busy_ab_nav_ForwardRight_rollout_1_20260701_164831_764.csv"
"pilot_50x7x2","scenario_016_busy_ab_nav","busy_ab_nav","BusyABNav",101500,"Straight",0,101501,"completed","","C:/Users/roger/social_sim_unity/Assets\../Output/MetaActionFeatures\meta_features_scenario_016_busy_ab_nav_Straight_rollout0_seed101501_pilot_50x7x2_scenario_016_busy_ab_nav_Straight_rollout_0_20260701_164849_023.csv"
"pilot_50x7x2","scenario_016_busy_ab_nav","busy_ab_nav","BusyABNav",101500,"Straight",1,101502,"completed","","C:/Users/roger/social_sim_unity/Assets\../Output/MetaActionFeatures\meta_features_scenario_016_busy_ab_nav_Straight_rollout1_seed101502_pilot_50x7x2_scenario_016_busy_ab_nav_Straight_rollout_1_20260701_164902_282.csv"
"pilot_50x7x2","scenario_016_busy_ab_nav","busy_ab_nav","BusyABNav",101500,"SlowDown",0,101511,"completed","","C:/Users/roger/social_sim_unity/Assets\../Output/MetaActionFeatures\meta_features_scenario_016_busy_ab_nav_SlowDown_rollout0_seed101511_pilot_50x7x2_scenario_016_busy_ab_nav_SlowDown_rollout_0_20260701_164915_943.csv"
"pilot_50x7x2","scenario_016_busy_ab_nav","busy_ab_nav","BusyABNav",101500,"SlowDown",1,101512,"completed","","C:/Users/roger/social_sim_unity/Assets\../Output/MetaActionFeatures\meta_features_scenario_016_busy_ab_nav_SlowDown_rollout1_seed101512_pilot_50x7x2_scenario_016_busy_ab_nav_SlowDown_rollout_1_20260701_164929_066.csv"
"pilot_50x7x2","scenario_016_busy_ab_nav","busy_ab_nav","BusyABNav",101500,"Stop",0,101521,"completed","","C:/Users/roger/social_sim_unity/Assets\../Output/MetaActionFeatures\meta_features_scenario_016_busy_ab_nav_Stop_rollout0_seed101521_pilot_50x7x2_scenario_016_busy_ab_nav_Stop_rollout_0_20260701_164942_212.csv"
"pilot_50x7x2","scenario_016_busy_ab_nav","busy_ab_nav","BusyABNav",101500,"Stop",1,101522,"completed","","C:/Users/roger/social_sim_unity/Assets\../Output/MetaActionFeatures\meta_features_scenario_016_busy_ab_nav_Stop_rollout1_seed101522_pilot_50x7x2_scenario_016_busy_ab_nav_Stop_rollout_1_20260701_164955_353.csv"
"pilot_50x7x2","scenario_016_busy_ab_nav","busy_ab_nav","BusyABNav",101500,"Left",0,101531,"completed","","C:/Users/roger/social_sim_unity/Assets\../Output/MetaActionFeatures\meta_features_scenario_016_busy_ab_nav_Left_rollout0_seed101531_pilot_50x7x2_scenario_016_busy_ab_nav_Left_rollout_0_20260701_165008_472.csv"
"pilot_50x7x2","scenario_016_busy_ab_nav","busy_ab_nav","BusyABNav",101500,"Left",1,101532,"completed","","C:/Users/roger/social_sim_unity/Assets\../Output/MetaActionFeatures\meta_features_scenario_016_busy_ab_nav_Left_rollout1_seed101532_pilot_50x7x2_scenario_016_busy_ab_nav_Left_rollout_1_20260701_165021_613.csv"
"pilot_50x7x2","scenario_016_busy_ab_nav","busy_ab_nav","BusyABNav",101500,"Right",0,101541,"completed","","C:/Users/roger/social_sim_unity/Assets\../Output/MetaActionFeatures\meta_features_scenario_016_busy_ab_nav_Right_rollout0_seed101541_pilot_50x7x2_scenario_016_busy_ab_nav_Right_rollout_0_20260701_165034_764.csv"
"pilot_50x7x2","scenario_016_busy_ab_nav","busy_ab_nav","BusyABNav",101500,"Right",1,101542,"completed","","C:/Users/roger/social_sim_unity/Assets\../Output/MetaActionFeatures\meta_features_scenario_016_busy_ab_nav_Right_rollout1_seed101542_pilot_50x7x2_scenario_016_busy_ab_nav_Right_rollout_1_20260701_165048_000.csv"
"pilot_50x7x2","scenario_016_busy_ab_nav","busy_ab_nav","BusyABNav",101500,"ForwardLeft",0,101551,"completed","","C:/Users/roger/social_sim_unity/Assets\../Output/MetaActionFeatures\meta_features_scenario_016_busy_ab_nav_ForwardLeft_rollout0_seed101551_pilot_50x7x2_scenario_016_busy_ab_nav_ForwardLeft_rollout_0_20260701_165101_771.csv"
"pilot_50x7x2","scenario_016_busy_ab_nav","busy_ab_nav","BusyABNav",101500,"ForwardLeft",1,101552,"completed","","C:/Users/roger/social_sim_unity/Assets\../Output/MetaActionFeatures\meta_features_scenario_016_busy_ab_nav_ForwardLeft_rollout1_seed101552_pilot_50x7x2_scenario_016_busy_ab_nav_ForwardLeft_rollout_1_20260701_165114_884.csv"
"pilot_50x7x2","scenario_016_busy_ab_nav","busy_ab_nav","BusyABNav",101500,"ForwardRight",0,101561,"completed","","C:/Users/roger/social_sim_unity/Assets\../Output/MetaActionFeatures\meta_features_scenario_016_busy_ab_nav_ForwardRight_rollout0_seed101561_pilot_50x7x2_scenario_016_busy_ab_nav_ForwardRight_rollout_0_20260701_165127_976.csv"
"pilot_50x7x2","scenario_016_busy_ab_nav","busy_ab_nav","BusyABNav",101500,"ForwardRight",1,101562,"completed","","C:/Users/roger/social_sim_unity/Assets\../Output/MetaActionFeatures\meta_features_scenario_016_busy_ab_nav_ForwardRight_rollout1_seed101562_pilot_50x7x2_scenario_016_busy_ab_nav_ForwardRight_rollout_1_20260701_165141_086.csv"
"pilot_50x7x2","scenario_017_busy_ab_nav","busy_ab_nav","BusyABNav",101600,"Straight",0,101601,"completed","","C:/Users/roger/social_sim_unity/Assets\../Output/MetaActionFeatures\meta_features_scenario_017_busy_ab_nav_Straight_rollout0_seed101601_pilot_50x7x2_scenario_017_busy_ab_nav_Straight_rollout_0_20260701_165158_321.csv"
"pilot_50x7x2","scenario_017_busy_ab_nav","busy_ab_nav","BusyABNav",101600,"Straight",1,101602,"completed","","C:/Users/roger/social_sim_unity/Assets\../Output/MetaActionFeatures\meta_features_scenario_017_busy_ab_nav_Straight_rollout1_seed101602_pilot_50x7x2_scenario_017_busy_ab_nav_Straight_rollout_1_20260701_165211_445.csv"
"pilot_50x7x2","scenario_017_busy_ab_nav","busy_ab_nav","BusyABNav",101600,"SlowDown",0,101611,"completed","","C:/Users/roger/social_sim_unity/Assets\../Output/MetaActionFeatures\meta_features_scenario_017_busy_ab_nav_SlowDown_rollout0_seed101611_pilot_50x7x2_scenario_017_busy_ab_nav_SlowDown_rollout_0_20260701_165224_708.csv"
"pilot_50x7x2","scenario_017_busy_ab_nav","busy_ab_nav","BusyABNav",101600,"SlowDown",1,101612,"completed","","C:/Users/roger/social_sim_unity/Assets\../Output/MetaActionFeatures\meta_features_scenario_017_busy_ab_nav_SlowDown_rollout1_seed101612_pilot_50x7x2_scenario_017_busy_ab_nav_SlowDown_rollout_1_20260701_165237_836.csv"
"pilot_50x7x2","scenario_017_busy_ab_nav","busy_ab_nav","BusyABNav",101600,"Stop",0,101621,"completed","","C:/Users/roger/social_sim_unity/Assets\../Output/MetaActionFeatures\meta_features_scenario_017_busy_ab_nav_Stop_rollout0_seed101621_pilot_50x7x2_scenario_017_busy_ab_nav_Stop_rollout_0_20260701_165250_937.csv"
"pilot_50x7x2","scenario_017_busy_ab_nav","busy_ab_nav","BusyABNav",101600,"Stop",1,101622,"completed","","C:/Users/roger/social_sim_unity/Assets\../Output/MetaActionFeatures\meta_features_scenario_017_busy_ab_nav_Stop_rollout1_seed101622_pilot_50x7x2_scenario_017_busy_ab_nav_Stop_rollout_1_20260701_165304_127.csv"
"pilot_50x7x2","scenario_017_busy_ab_nav","busy_ab_nav","BusyABNav",101600,"Left",0,101631,"completed","","C:/Users/roger/social_sim_unity/Assets\../Output/MetaActionFeatures\meta_features_scenario_017_busy_ab_nav_Left_rollout0_seed101631_pilot_50x7x2_scenario_017_busy_ab_nav_Left_rollout_0_20260701_165317_332.csv"
"pilot_50x7x2","scenario_017_busy_ab_nav","busy_ab_nav","BusyABNav",101600,"Left",1,101632,"completed","","C:/Users/roger/social_sim_unity/Assets\../Output/MetaActionFeatures\meta_features_scenario_017_busy_ab_nav_Left_rollout1_seed101632_pilot_50x7x2_scenario_017_busy_ab_nav_Left_rollout_1_20260701_165330_420.csv"
"pilot_50x7x2","scenario_017_busy_ab_nav","busy_ab_nav","BusyABNav",101600,"Right",0,101641,"completed","","C:/Users/roger/social_sim_unity/Assets\../Output/MetaActionFeatures\meta_features_scenario_017_busy_ab_nav_Right_rollout0_seed101641_pilot_50x7x2_scenario_017_busy_ab_nav_Right_rollout_0_20260701_165343_709.csv"
"pilot_50x7x2","scenario_017_busy_ab_nav","busy_ab_nav","BusyABNav",101600,"Right",1,101642,"completed","","C:/Users/roger/social_sim_unity/Assets\../Output/MetaActionFeatures\meta_features_scenario_017_busy_ab_nav_Right_rollout1_seed101642_pilot_50x7x2_scenario_017_busy_ab_nav_Right_rollout_1_20260701_165357_437.csv"
"pilot_50x7x2","scenario_017_busy_ab_nav","busy_ab_nav","BusyABNav",101600,"ForwardLeft",0,101651,"completed","","C:/Users/roger/social_sim_unity/Assets\../Output/MetaActionFeatures\meta_features_scenario_017_busy_ab_nav_ForwardLeft_rollout0_seed101651_pilot_50x7x2_scenario_017_busy_ab_nav_ForwardLeft_rollout_0_20260701_165410_562.csv"
"pilot_50x7x2","scenario_017_busy_ab_nav","busy_ab_nav","BusyABNav",101600,"ForwardLeft",1,101652,"completed","","C:/Users/roger/social_sim_unity/Assets\../Output/MetaActionFeatures\meta_features_scenario_017_busy_ab_nav_ForwardLeft_rollout1_seed101652_pilot_50x7x2_scenario_017_busy_ab_nav_ForwardLeft_rollout_1_20260701_165423_801.csv"
"pilot_50x7x2","scenario_017_busy_ab_nav","busy_ab_nav","BusyABNav",101600,"ForwardRight",0,101661,"completed","","C:/Users/roger/social_sim_unity/Assets\../Output/MetaActionFeatures\meta_features_scenario_017_busy_ab_nav_ForwardRight_rollout0_seed101661_pilot_50x7x2_scenario_017_busy_ab_nav_ForwardRight_rollout_0_20260701_165436_936.csv"
"pilot_50x7x2","scenario_017_busy_ab_nav","busy_ab_nav","BusyABNav",101600,"ForwardRight",1,101662,"completed","","C:/Users/roger/social_sim_unity/Assets\../Output/MetaActionFeatures\meta_features_scenario_017_busy_ab_nav_ForwardRight_rollout1_seed101662_pilot_50x7x2_scenario_017_busy_ab_nav_ForwardRight_rollout_1_20260701_165450_038.csv"
"pilot_50x7x2","scenario_018_busy_ab_nav","busy_ab_nav","BusyABNav",101700,"Straight",0,101701,"completed","","C:/Users/roger/social_sim_unity/Assets\../Output/MetaActionFeatures\meta_features_scenario_018_busy_ab_nav_Straight_rollout0_seed101701_pilot_50x7x2_scenario_018_busy_ab_nav_Straight_rollout_0_20260701_165507_384.csv"
"pilot_50x7x2","scenario_018_busy_ab_nav","busy_ab_nav","BusyABNav",101700,"Straight",1,101702,"completed","","C:/Users/roger/social_sim_unity/Assets\../Output/MetaActionFeatures\meta_features_scenario_018_busy_ab_nav_Straight_rollout1_seed101702_pilot_50x7x2_scenario_018_busy_ab_nav_Straight_rollout_1_20260701_165520_877.csv"
"pilot_50x7x2","scenario_018_busy_ab_nav","busy_ab_nav","BusyABNav",101700,"SlowDown",0,101711,"completed","","C:/Users/roger/social_sim_unity/Assets\../Output/MetaActionFeatures\meta_features_scenario_018_busy_ab_nav_SlowDown_rollout0_seed101711_pilot_50x7x2_scenario_018_busy_ab_nav_SlowDown_rollout_0_20260701_165534_254.csv"
"pilot_50x7x2","scenario_018_busy_ab_nav","busy_ab_nav","BusyABNav",101700,"SlowDown",1,101712,"completed","","C:/Users/roger/social_sim_unity/Assets\../Output/MetaActionFeatures\meta_features_scenario_018_busy_ab_nav_SlowDown_rollout1_seed101712_pilot_50x7x2_scenario_018_busy_ab_nav_SlowDown_rollout_1_20260701_165547_440.csv"
"pilot_50x7x2","scenario_018_busy_ab_nav","busy_ab_nav","BusyABNav",101700,"Stop",0,101721,"completed","","C:/Users/roger/social_sim_unity/Assets\../Output/MetaActionFeatures\meta_features_scenario_018_busy_ab_nav_Stop_rollout0_seed101721_pilot_50x7x2_scenario_018_busy_ab_nav_Stop_rollout_0_20260701_165600_549.csv"
"pilot_50x7x2","scenario_018_busy_ab_nav","busy_ab_nav","BusyABNav",101700,"Stop",1,101722,"completed","","C:/Users/roger/social_sim_unity/Assets\../Output/MetaActionFeatures\meta_features_scenario_018_busy_ab_nav_Stop_rollout1_seed101722_pilot_50x7x2_scenario_018_busy_ab_nav_Stop_rollout_1_20260701_165613_644.csv"
"pilot_50x7x2","scenario_018_busy_ab_nav","busy_ab_nav","BusyABNav",101700,"Left",0,101731,"completed","","C:/Users/roger/social_sim_unity/Assets\../Output/MetaActionFeatures\meta_features_scenario_018_busy_ab_nav_Left_rollout0_seed101731_pilot_50x7x2_scenario_018_busy_ab_nav_Left_rollout_0_20260701_165626_753.csv"
"pilot_50x7x2","scenario_018_busy_ab_nav","busy_ab_nav","BusyABNav",101700,"Left",1,101732,"completed","","C:/Users/roger/social_sim_unity/Assets\../Output/MetaActionFeatures\meta_features_scenario_018_busy_ab_nav_Left_rollout1_seed101732_pilot_50x7x2_scenario_018_busy_ab_nav_Left_rollout_1_20260701_165639_885.csv"
"pilot_50x7x2","scenario_018_busy_ab_nav","busy_ab_nav","BusyABNav",101700,"Right",0,101741,"completed","","C:/Users/roger/social_sim_unity/Assets\../Output/MetaActionFeatures\meta_features_scenario_018_busy_ab_nav_Right_rollout0_seed101741_pilot_50x7x2_scenario_018_busy_ab_nav_Right_rollout_0_20260701_165653_894.csv"
"pilot_50x7x2","scenario_018_busy_ab_nav","busy_ab_nav","BusyABNav",101700,"Right",1,101742,"completed","","C:/Users/roger/social_sim_unity/Assets\../Output/MetaActionFeatures\meta_features_scenario_018_busy_ab_nav_Right_rollout1_seed101742_pilot_50x7x2_scenario_018_busy_ab_nav_Right_rollout_1_20260701_165707_004.csv"
"pilot_50x7x2","scenario_018_busy_ab_nav","busy_ab_nav","BusyABNav",101700,"ForwardLeft",0,101751,"completed","","C:/Users/roger/social_sim_unity/Assets\../Output/MetaActionFeatures\meta_features_scenario_018_busy_ab_nav_ForwardLeft_rollout0_seed101751_pilot_50x7x2_scenario_018_busy_ab_nav_ForwardLeft_rollout_0_20260701_165720_165.csv"
"pilot_50x7x2","scenario_018_busy_ab_nav","busy_ab_nav","BusyABNav",101700,"ForwardLeft",1,101752,"completed","","C:/Users/roger/social_sim_unity/Assets\../Output/MetaActionFeatures\meta_features_scenario_018_busy_ab_nav_ForwardLeft_rollout1_seed101752_pilot_50x7x2_scenario_018_busy_ab_nav_ForwardLeft_rollout_1_20260701_165733_238.csv"
"pilot_50x7x2","scenario_018_busy_ab_nav","busy_ab_nav","BusyABNav",101700,"ForwardRight",0,101761,"completed","","C:/Users/roger/social_sim_unity/Assets\../Output/MetaActionFeatures\meta_features_scenario_018_busy_ab_nav_ForwardRight_rollout0_seed101761_pilot_50x7x2_scenario_018_busy_ab_nav_ForwardRight_rollout_0_20260701_165746_339.csv"
"pilot_50x7x2","scenario_018_busy_ab_nav","busy_ab_nav","BusyABNav",101700,"ForwardRight",1,101762,"completed","","C:/Users/roger/social_sim_unity/Assets\../Output/MetaActionFeatures\meta_features_scenario_018_busy_ab_nav_ForwardRight_rollout1_seed101762_pilot_50x7x2_scenario_018_busy_ab_nav_ForwardRight_rollout_1_20260701_165759_489.csv"
"pilot_50x7x2","scenario_019_busy_ab_nav","busy_ab_nav","BusyABNav",101800,"Straight",0,101801,"completed","","C:/Users/roger/social_sim_unity/Assets\../Output/MetaActionFeatures\meta_features_scenario_019_busy_ab_nav_Straight_rollout0_seed101801_pilot_50x7x2_scenario_019_busy_ab_nav_Straight_rollout_0_20260701_165816_876.csv"
"pilot_50x7x2","scenario_019_busy_ab_nav","busy_ab_nav","BusyABNav",101800,"Straight",1,101802,"completed","","C:/Users/roger/social_sim_unity/Assets\../Output/MetaActionFeatures\meta_features_scenario_019_busy_ab_nav_Straight_rollout1_seed101802_pilot_50x7x2_scenario_019_busy_ab_nav_Straight_rollout_1_20260701_165831_623.csv"
"pilot_50x7x2","scenario_019_busy_ab_nav","busy_ab_nav","BusyABNav",101800,"SlowDown",0,101811,"completed","","C:/Users/roger/social_sim_unity/Assets\../Output/MetaActionFeatures\meta_features_scenario_019_busy_ab_nav_SlowDown_rollout0_seed101811_pilot_50x7x2_scenario_019_busy_ab_nav_SlowDown_rollout_0_20260701_165844_726.csv"
"pilot_50x7x2","scenario_019_busy_ab_nav","busy_ab_nav","BusyABNav",101800,"SlowDown",1,101812,"completed","","C:/Users/roger/social_sim_unity/Assets\../Output/MetaActionFeatures\meta_features_scenario_019_busy_ab_nav_SlowDown_rollout1_seed101812_pilot_50x7x2_scenario_019_busy_ab_nav_SlowDown_rollout_1_20260701_165857_898.csv"
"pilot_50x7x2","scenario_019_busy_ab_nav","busy_ab_nav","BusyABNav",101800,"Stop",0,101821,"completed","","C:/Users/roger/social_sim_unity/Assets\../Output/MetaActionFeatures\meta_features_scenario_019_busy_ab_nav_Stop_rollout0_seed101821_pilot_50x7x2_scenario_019_busy_ab_nav_Stop_rollout_0_20260701_165911_004.csv"
"pilot_50x7x2","scenario_019_busy_ab_nav","busy_ab_nav","BusyABNav",101800,"Stop",1,101822,"completed","","C:/Users/roger/social_sim_unity/Assets\../Output/MetaActionFeatures\meta_features_scenario_019_busy_ab_nav_Stop_rollout1_seed101822_pilot_50x7x2_scenario_019_busy_ab_nav_Stop_rollout_1_20260701_165924_098.csv"
"pilot_50x7x2","scenario_019_busy_ab_nav","busy_ab_nav","BusyABNav",101800,"Left",0,101831,"completed","","C:/Users/roger/social_sim_unity/Assets\../Output/MetaActionFeatures\meta_features_scenario_019_busy_ab_nav_Left_rollout0_seed101831_pilot_50x7x2_scenario_019_busy_ab_nav_Left_rollout_0_20260701_165937_282.csv"
"pilot_50x7x2","scenario_019_busy_ab_nav","busy_ab_nav","BusyABNav",101800,"Left",1,101832,"completed","","C:/Users/roger/social_sim_unity/Assets\../Output/MetaActionFeatures\meta_features_scenario_019_busy_ab_nav_Left_rollout1_seed101832_pilot_50x7x2_scenario_019_busy_ab_nav_Left_rollout_1_20260701_165950_405.csv"
"pilot_50x7x2","scenario_019_busy_ab_nav","busy_ab_nav","BusyABNav",101800,"Right",0,101841,"completed","","C:/Users/roger/social_sim_unity/Assets\../Output/MetaActionFeatures\meta_features_scenario_019_busy_ab_nav_Right_rollout0_seed101841_pilot_50x7x2_scenario_019_busy_ab_nav_Right_rollout_0_20260701_170004_491.csv"
"pilot_50x7x2","scenario_019_busy_ab_nav","busy_ab_nav","BusyABNav",101800,"Right",1,101842,"completed","","C:/Users/roger/social_sim_unity/Assets\../Output/MetaActionFeatures\meta_features_scenario_019_busy_ab_nav_Right_rollout1_seed101842_pilot_50x7x2_scenario_019_busy_ab_nav_Right_rollout_1_20260701_170017_597.csv"
"pilot_50x7x2","scenario_019_busy_ab_nav","busy_ab_nav","BusyABNav",101800,"ForwardLeft",0,101851,"completed","","C:/Users/roger/social_sim_unity/Assets\../Output/MetaActionFeatures\meta_features_scenario_019_busy_ab_nav_ForwardLeft_rollout0_seed101851_pilot_50x7x2_scenario_019_busy_ab_nav_ForwardLeft_rollout_0_20260701_170030_735.csv"
"pilot_50x7x2","scenario_019_busy_ab_nav","busy_ab_nav","BusyABNav",101800,"ForwardLeft",1,101852,"completed","","C:/Users/roger/social_sim_unity/Assets\../Output/MetaActionFeatures\meta_features_scenario_019_busy_ab_nav_ForwardLeft_rollout1_seed101852_pilot_50x7x2_scenario_019_busy_ab_nav_ForwardLeft_rollout_1_20260701_170043_808.csv"
"pilot_50x7x2","scenario_019_busy_ab_nav","busy_ab_nav","BusyABNav",101800,"ForwardRight",0,101861,"completed","","C:/Users/roger/social_sim_unity/Assets\../Output/MetaActionFeatures\meta_features_scenario_019_busy_ab_nav_ForwardRight_rollout0_seed101861_pilot_50x7x2_scenario_019_busy_ab_nav_ForwardRight_rollout_0_20260701_170057_008.csv"
"pilot_50x7x2","scenario_019_busy_ab_nav","busy_ab_nav","BusyABNav",101800,"ForwardRight",1,101862,"completed","","C:/Users/roger/social_sim_unity/Assets\../Output/MetaActionFeatures\meta_features_scenario_019_busy_ab_nav_ForwardRight_rollout1_seed101862_pilot_50x7x2_scenario_019_busy_ab_nav_ForwardRight_rollout_1_20260701_170110_044.csv"
"pilot_50x7x2","scenario_020_busy_ab_nav","busy_ab_nav","BusyABNav",101900,"Straight",0,101901,"completed","","C:/Users/roger/social_sim_unity/Assets\../Output/MetaActionFeatures\meta_features_scenario_020_busy_ab_nav_Straight_rollout0_seed101901_pilot_50x7x2_scenario_020_busy_ab_nav_Straight_rollout_0_20260701_170127_543.csv"
"pilot_50x7x2","scenario_020_busy_ab_nav","busy_ab_nav","BusyABNav",101900,"Straight",1,101902,"completed","","C:/Users/roger/social_sim_unity/Assets\../Output/MetaActionFeatures\meta_features_scenario_020_busy_ab_nav_Straight_rollout1_seed101902_pilot_50x7x2_scenario_020_busy_ab_nav_Straight_rollout_1_20260701_170140_627.csv"
"pilot_50x7x2","scenario_020_busy_ab_nav","busy_ab_nav","BusyABNav",101900,"SlowDown",0,101911,"completed","","C:/Users/roger/social_sim_unity/Assets\../Output/MetaActionFeatures\meta_features_scenario_020_busy_ab_nav_SlowDown_rollout0_seed101911_pilot_50x7x2_scenario_020_busy_ab_nav_SlowDown_rollout_0_20260701_170153_747.csv"
"pilot_50x7x2","scenario_020_busy_ab_nav","busy_ab_nav","BusyABNav",101900,"SlowDown",1,101912,"completed","","C:/Users/roger/social_sim_unity/Assets\../Output/MetaActionFeatures\meta_features_scenario_020_busy_ab_nav_SlowDown_rollout1_seed101912_pilot_50x7x2_scenario_020_busy_ab_nav_SlowDown_rollout_1_20260701_170206_880.csv"
"pilot_50x7x2","scenario_020_busy_ab_nav","busy_ab_nav","BusyABNav",101900,"Stop",0,101921,"completed","","C:/Users/roger/social_sim_unity/Assets\../Output/MetaActionFeatures\meta_features_scenario_020_busy_ab_nav_Stop_rollout0_seed101921_pilot_50x7x2_scenario_020_busy_ab_nav_Stop_rollout_0_20260701_170220_267.csv"
"pilot_50x7x2","scenario_020_busy_ab_nav","busy_ab_nav","BusyABNav",101900,"Stop",1,101922,"completed","","C:/Users/roger/social_sim_unity/Assets\../Output/MetaActionFeatures\meta_features_scenario_020_busy_ab_nav_Stop_rollout1_seed101922_pilot_50x7x2_scenario_020_busy_ab_nav_Stop_rollout_1_20260701_170233_417.csv"
"pilot_50x7x2","scenario_020_busy_ab_nav","busy_ab_nav","BusyABNav",101900,"Left",0,101931,"completed","","C:/Users/roger/social_sim_unity/Assets\../Output/MetaActionFeatures\meta_features_scenario_020_busy_ab_nav_Left_rollout0_seed101931_pilot_50x7x2_scenario_020_busy_ab_nav_Left_rollout_0_20260701_170246_551.csv"
"pilot_50x7x2","scenario_020_busy_ab_nav","busy_ab_nav","BusyABNav",101900,"Left",1,101932,"completed","","C:/Users/roger/social_sim_unity/Assets\../Output/MetaActionFeatures\meta_features_scenario_020_busy_ab_nav_Left_rollout1_seed101932_pilot_50x7x2_scenario_020_busy_ab_nav_Left_rollout_1_20260701_170300_345.csv"
"pilot_50x7x2","scenario_020_busy_ab_nav","busy_ab_nav","BusyABNav",101900,"Right",0,101941,"completed","","C:/Users/roger/social_sim_unity/Assets\../Output/MetaActionFeatures\meta_features_scenario_020_busy_ab_nav_Right_rollout0_seed101941_pilot_50x7x2_scenario_020_busy_ab_nav_Right_rollout_0_20260701_170313_441.csv"
"pilot_50x7x2","scenario_020_busy_ab_nav","busy_ab_nav","BusyABNav",101900,"Right",1,101942,"completed","","C:/Users/roger/social_sim_unity/Assets\../Output/MetaActionFeatures\meta_features_scenario_020_busy_ab_nav_Right_rollout1_seed101942_pilot_50x7x2_scenario_020_busy_ab_nav_Right_rollout_1_20260701_170326_520.csv"
"pilot_50x7x2","scenario_020_busy_ab_nav","busy_ab_nav","BusyABNav",101900,"ForwardLeft",0,101951,"completed","","C:/Users/roger/social_sim_unity/Assets\../Output/MetaActionFeatures\meta_features_scenario_020_busy_ab_nav_ForwardLeft_rollout0_seed101951_pilot_50x7x2_scenario_020_busy_ab_nav_ForwardLeft_rollout_0_20260701_170339_694.csv"
"pilot_50x7x2","scenario_020_busy_ab_nav","busy_ab_nav","BusyABNav",101900,"ForwardLeft",1,101952,"completed","","C:/Users/roger/social_sim_unity/Assets\../Output/MetaActionFeatures\meta_features_scenario_020_busy_ab_nav_ForwardLeft_rollout1_seed101952_pilot_50x7x2_scenario_020_busy_ab_nav_ForwardLeft_rollout_1_20260701_170352_853.csv"
"pilot_50x7x2","scenario_020_busy_ab_nav","busy_ab_nav","BusyABNav",101900,"ForwardRight",0,101961,"completed","","C:/Users/roger/social_sim_unity/Assets\../Output/MetaActionFeatures\meta_features_scenario_020_busy_ab_nav_ForwardRight_rollout0_seed101961_pilot_50x7x2_scenario_020_busy_ab_nav_ForwardRight_rollout_0_20260701_170406_005.csv"
"pilot_50x7x2","scenario_020_busy_ab_nav","busy_ab_nav","BusyABNav",101900,"ForwardRight",1,101962,"completed","","C:/Users/roger/social_sim_unity/Assets\../Output/MetaActionFeatures\meta_features_scenario_020_busy_ab_nav_ForwardRight_rollout1_seed101962_pilot_50x7x2_scenario_020_busy_ab_nav_ForwardRight_rollout_1_20260701_170419_084.csv"
"pilot_50x7x2","scenario_021_join_group","join_group","JoinGroup",200000,"Straight",0,200001,"completed","","C:/Users/roger/social_sim_unity/Assets\../Output/MetaActionFeatures\meta_features_scenario_021_join_group_Straight_rollout0_seed200001_pilot_50x7x2_scenario_021_join_group_Straight_rollout_0_20260701_170436_760.csv"
"pilot_50x7x2","scenario_021_join_group","join_group","JoinGroup",200000,"Straight",1,200002,"completed","","C:/Users/roger/social_sim_unity/Assets\../Output/MetaActionFeatures\meta_features_scenario_021_join_group_Straight_rollout1_seed200002_pilot_50x7x2_scenario_021_join_group_Straight_rollout_1_20260701_170449_970.csv"
"pilot_50x7x2","scenario_021_join_group","join_group","JoinGroup",200000,"SlowDown",0,200011,"completed","","C:/Users/roger/social_sim_unity/Assets\../Output/MetaActionFeatures\meta_features_scenario_021_join_group_SlowDown_rollout0_seed200011_pilot_50x7x2_scenario_021_join_group_SlowDown_rollout_0_20260701_170503_094.csv"
"pilot_50x7x2","scenario_021_join_group","join_group","JoinGroup",200000,"SlowDown",1,200012,"completed","","C:/Users/roger/social_sim_unity/Assets\../Output/MetaActionFeatures\meta_features_scenario_021_join_group_SlowDown_rollout1_seed200012_pilot_50x7x2_scenario_021_join_group_SlowDown_rollout_1_20260701_170516_222.csv"
"pilot_50x7x2","scenario_021_join_group","join_group","JoinGroup",200000,"Stop",0,200021,"completed","","C:/Users/roger/social_sim_unity/Assets\../Output/MetaActionFeatures\meta_features_scenario_021_join_group_Stop_rollout0_seed200021_pilot_50x7x2_scenario_021_join_group_Stop_rollout_0_20260701_170529_355.csv"
"pilot_50x7x2","scenario_021_join_group","join_group","JoinGroup",200000,"Stop",1,200022,"completed","","C:/Users/roger/social_sim_unity/Assets\../Output/MetaActionFeatures\meta_features_scenario_021_join_group_Stop_rollout1_seed200022_pilot_50x7x2_scenario_021_join_group_Stop_rollout_1_20260701_170542_517.csv"
"pilot_50x7x2","scenario_021_join_group","join_group","JoinGroup",200000,"Left",0,200031,"completed","","C:/Users/roger/social_sim_unity/Assets\../Output/MetaActionFeatures\meta_features_scenario_021_join_group_Left_rollout0_seed200031_pilot_50x7x2_scenario_021_join_group_Left_rollout_0_20260701_170555_745.csv"
"pilot_50x7x2","scenario_021_join_group","join_group","JoinGroup",200000,"Left",1,200032,"completed","","C:/Users/roger/social_sim_unity/Assets\../Output/MetaActionFeatures\meta_features_scenario_021_join_group_Left_rollout1_seed200032_pilot_50x7x2_scenario_021_join_group_Left_rollout_1_20260701_170609_851.csv"
"pilot_50x7x2","scenario_021_join_group","join_group","JoinGroup",200000,"Right",0,200041,"completed","","C:/Users/roger/social_sim_unity/Assets\../Output/MetaActionFeatures\meta_features_scenario_021_join_group_Right_rollout0_seed200041_pilot_50x7x2_scenario_021_join_group_Right_rollout_0_20260701_170622_935.csv"
"pilot_50x7x2","scenario_021_join_group","join_group","JoinGroup",200000,"Right",1,200042,"completed","","C:/Users/roger/social_sim_unity/Assets\../Output/MetaActionFeatures\meta_features_scenario_021_join_group_Right_rollout1_seed200042_pilot_50x7x2_scenario_021_join_group_Right_rollout_1_20260701_170636_020.csv"
"pilot_50x7x2","scenario_021_join_group","join_group","JoinGroup",200000,"ForwardLeft",0,200051,"completed","","C:/Users/roger/social_sim_unity/Assets\../Output/MetaActionFeatures\meta_features_scenario_021_join_group_ForwardLeft_rollout0_seed200051_pilot_50x7x2_scenario_021_join_group_ForwardLeft_rollout_0_20260701_170649_182.csv"
"pilot_50x7x2","scenario_021_join_group","join_group","JoinGroup",200000,"ForwardLeft",1,200052,"completed","","C:/Users/roger/social_sim_unity/Assets\../Output/MetaActionFeatures\meta_features_scenario_021_join_group_ForwardLeft_rollout1_seed200052_pilot_50x7x2_scenario_021_join_group_ForwardLeft_rollout_1_20260701_170702_291.csv"
"pilot_50x7x2","scenario_021_join_group","join_group","JoinGroup",200000,"ForwardRight",0,200061,"completed","","C:/Users/roger/social_sim_unity/Assets\../Output/MetaActionFeatures\meta_features_scenario_021_join_group_ForwardRight_rollout0_seed200061_pilot_50x7x2_scenario_021_join_group_ForwardRight_rollout_0_20260701_170715_377.csv"
"pilot_50x7x2","scenario_021_join_group","join_group","JoinGroup",200000,"ForwardRight",1,200062,"completed","","C:/Users/roger/social_sim_unity/Assets\../Output/MetaActionFeatures\meta_features_scenario_021_join_group_ForwardRight_rollout1_seed200062_pilot_50x7x2_scenario_021_join_group_ForwardRight_rollout_1_20260701_170728_515.csv"
"pilot_50x7x2","scenario_022_join_group","join_group","JoinGroup",200100,"Straight",0,200101,"completed","","C:/Users/roger/social_sim_unity/Assets\../Output/MetaActionFeatures\meta_features_scenario_022_join_group_Straight_rollout0_seed200101_pilot_50x7x2_scenario_022_join_group_Straight_rollout_0_20260701_170746_384.csv"
"pilot_50x7x2","scenario_022_join_group","join_group","JoinGroup",200100,"Straight",1,200102,"completed","","C:/Users/roger/social_sim_unity/Assets\../Output/MetaActionFeatures\meta_features_scenario_022_join_group_Straight_rollout1_seed200102_pilot_50x7x2_scenario_022_join_group_Straight_rollout_1_20260701_170759_517.csv"
"pilot_50x7x2","scenario_022_join_group","join_group","JoinGroup",200100,"SlowDown",0,200111,"completed","","C:/Users/roger/social_sim_unity/Assets\../Output/MetaActionFeatures\meta_features_scenario_022_join_group_SlowDown_rollout0_seed200111_pilot_50x7x2_scenario_022_join_group_SlowDown_rollout_0_20260701_170812_596.csv"
"pilot_50x7x2","scenario_022_join_group","join_group","JoinGroup",200100,"SlowDown",1,200112,"completed","","C:/Users/roger/social_sim_unity/Assets\../Output/MetaActionFeatures\meta_features_scenario_022_join_group_SlowDown_rollout1_seed200112_pilot_50x7x2_scenario_022_join_group_SlowDown_rollout_1_20260701_170825_797.csv"
"pilot_50x7x2","scenario_022_join_group","join_group","JoinGroup",200100,"Stop",0,200121,"completed","","C:/Users/roger/social_sim_unity/Assets\../Output/MetaActionFeatures\meta_features_scenario_022_join_group_Stop_rollout0_seed200121_pilot_50x7x2_scenario_022_join_group_Stop_rollout_0_20260701_170838_906.csv"
"pilot_50x7x2","scenario_022_join_group","join_group","JoinGroup",200100,"Stop",1,200122,"completed","","C:/Users/roger/social_sim_unity/Assets\../Output/MetaActionFeatures\meta_features_scenario_022_join_group_Stop_rollout1_seed200122_pilot_50x7x2_scenario_022_join_group_Stop_rollout_1_20260701_170852_319.csv"
"pilot_50x7x2","scenario_022_join_group","join_group","JoinGroup",200100,"Left",0,200131,"completed","","C:/Users/roger/social_sim_unity/Assets\../Output/MetaActionFeatures\meta_features_scenario_022_join_group_Left_rollout0_seed200131_pilot_50x7x2_scenario_022_join_group_Left_rollout_0_20260701_170906_008.csv"
"pilot_50x7x2","scenario_022_join_group","join_group","JoinGroup",200100,"Left",1,200132,"completed","","C:/Users/roger/social_sim_unity/Assets\../Output/MetaActionFeatures\meta_features_scenario_022_join_group_Left_rollout1_seed200132_pilot_50x7x2_scenario_022_join_group_Left_rollout_1_20260701_170919_096.csv"
"pilot_50x7x2","scenario_022_join_group","join_group","JoinGroup",200100,"Right",0,200141,"completed","","C:/Users/roger/social_sim_unity/Assets\../Output/MetaActionFeatures\meta_features_scenario_022_join_group_Right_rollout0_seed200141_pilot_50x7x2_scenario_022_join_group_Right_rollout_0_20260701_170932_225.csv"
"pilot_50x7x2","scenario_022_join_group","join_group","JoinGroup",200100,"Right",1,200142,"completed","","C:/Users/roger/social_sim_unity/Assets\../Output/MetaActionFeatures\meta_features_scenario_022_join_group_Right_rollout1_seed200142_pilot_50x7x2_scenario_022_join_group_Right_rollout_1_20260701_170945_383.csv"
"pilot_50x7x2","scenario_022_join_group","join_group","JoinGroup",200100,"ForwardLeft",0,200151,"completed","","C:/Users/roger/social_sim_unity/Assets\../Output/MetaActionFeatures\meta_features_scenario_022_join_group_ForwardLeft_rollout0_seed200151_pilot_50x7x2_scenario_022_join_group_ForwardLeft_rollout_0_20260701_170958_601.csv"
"pilot_50x7x2","scenario_022_join_group","join_group","JoinGroup",200100,"ForwardLeft",1,200152,"completed","","C:/Users/roger/social_sim_unity/Assets\../Output/MetaActionFeatures\meta_features_scenario_022_join_group_ForwardLeft_rollout1_seed200152_pilot_50x7x2_scenario_022_join_group_ForwardLeft_rollout_1_20260701_171011_817.csv"
"pilot_50x7x2","scenario_022_join_group","join_group","JoinGroup",200100,"ForwardRight",0,200161,"completed","","C:/Users/roger/social_sim_unity/Assets\../Output/MetaActionFeatures\meta_features_scenario_022_join_group_ForwardRight_rollout0_seed200161_pilot_50x7x2_scenario_022_join_group_ForwardRight_rollout_0_20260701_171024_995.csv"
"pilot_50x7x2","scenario_022_join_group","join_group","JoinGroup",200100,"ForwardRight",1,200162,"completed","","C:/Users/roger/social_sim_unity/Assets\../Output/MetaActionFeatures\meta_features_scenario_022_join_group_ForwardRight_rollout1_seed200162_pilot_50x7x2_scenario_022_join_group_ForwardRight_rollout_1_20260701_171038_341.csv"
"pilot_50x7x2","scenario_023_join_group","join_group","JoinGroup",200200,"Straight",0,200201,"completed","","C:/Users/roger/social_sim_unity/Assets\../Output/MetaActionFeatures\meta_features_scenario_023_join_group_Straight_rollout0_seed200201_pilot_50x7x2_scenario_023_join_group_Straight_rollout_0_20260701_171056_936.csv"
"pilot_50x7x2","scenario_023_join_group","join_group","JoinGroup",200200,"Straight",1,200202,"completed","","C:/Users/roger/social_sim_unity/Assets\../Output/MetaActionFeatures\meta_features_scenario_023_join_group_Straight_rollout1_seed200202_pilot_50x7x2_scenario_023_join_group_Straight_rollout_1_20260701_171110_119.csv"
"pilot_50x7x2","scenario_023_join_group","join_group","JoinGroup",200200,"SlowDown",0,200211,"completed","","C:/Users/roger/social_sim_unity/Assets\../Output/MetaActionFeatures\meta_features_scenario_023_join_group_SlowDown_rollout0_seed200211_pilot_50x7x2_scenario_023_join_group_SlowDown_rollout_0_20260701_171123_306.csv"
"pilot_50x7x2","scenario_023_join_group","join_group","JoinGroup",200200,"SlowDown",1,200212,"completed","","C:/Users/roger/social_sim_unity/Assets\../Output/MetaActionFeatures\meta_features_scenario_023_join_group_SlowDown_rollout1_seed200212_pilot_50x7x2_scenario_023_join_group_SlowDown_rollout_1_20260701_171136_622.csv"
"pilot_50x7x2","scenario_023_join_group","join_group","JoinGroup",200200,"Stop",0,200221,"completed","","C:/Users/roger/social_sim_unity/Assets\../Output/MetaActionFeatures\meta_features_scenario_023_join_group_Stop_rollout0_seed200221_pilot_50x7x2_scenario_023_join_group_Stop_rollout_0_20260701_171149_838.csv"
"pilot_50x7x2","scenario_023_join_group","join_group","JoinGroup",200200,"Stop",1,200222,"completed","","C:/Users/roger/social_sim_unity/Assets\../Output/MetaActionFeatures\meta_features_scenario_023_join_group_Stop_rollout1_seed200222_pilot_50x7x2_scenario_023_join_group_Stop_rollout_1_20260701_171202_926.csv"
"pilot_50x7x2","scenario_023_join_group","join_group","JoinGroup",200200,"Left",0,200231,"completed","","C:/Users/roger/social_sim_unity/Assets\../Output/MetaActionFeatures\meta_features_scenario_023_join_group_Left_rollout0_seed200231_pilot_50x7x2_scenario_023_join_group_Left_rollout_0_20260701_171216_121.csv"
"pilot_50x7x2","scenario_023_join_group","join_group","JoinGroup",200200,"Left",1,200232,"completed","","C:/Users/roger/social_sim_unity/Assets\../Output/MetaActionFeatures\meta_features_scenario_023_join_group_Left_rollout1_seed200232_pilot_50x7x2_scenario_023_join_group_Left_rollout_1_20260701_171229_946.csv"
"pilot_50x7x2","scenario_023_join_group","join_group","JoinGroup",200200,"Right",0,200241,"completed","","C:/Users/roger/social_sim_unity/Assets\../Output/MetaActionFeatures\meta_features_scenario_023_join_group_Right_rollout0_seed200241_pilot_50x7x2_scenario_023_join_group_Right_rollout_0_20260701_171243_072.csv"
"pilot_50x7x2","scenario_023_join_group","join_group","JoinGroup",200200,"Right",1,200242,"completed","","C:/Users/roger/social_sim_unity/Assets\../Output/MetaActionFeatures\meta_features_scenario_023_join_group_Right_rollout1_seed200242_pilot_50x7x2_scenario_023_join_group_Right_rollout_1_20260701_171256_230.csv"
"pilot_50x7x2","scenario_023_join_group","join_group","JoinGroup",200200,"ForwardLeft",0,200251,"completed","","C:/Users/roger/social_sim_unity/Assets\../Output/MetaActionFeatures\meta_features_scenario_023_join_group_ForwardLeft_rollout0_seed200251_pilot_50x7x2_scenario_023_join_group_ForwardLeft_rollout_0_20260701_171309_343.csv"
"pilot_50x7x2","scenario_023_join_group","join_group","JoinGroup",200200,"ForwardLeft",1,200252,"completed","","C:/Users/roger/social_sim_unity/Assets\../Output/MetaActionFeatures\meta_features_scenario_023_join_group_ForwardLeft_rollout1_seed200252_pilot_50x7x2_scenario_023_join_group_ForwardLeft_rollout_1_20260701_171322_476.csv"
"pilot_50x7x2","scenario_023_join_group","join_group","JoinGroup",200200,"ForwardRight",0,200261,"completed","","C:/Users/roger/social_sim_unity/Assets\../Output/MetaActionFeatures\meta_features_scenario_023_join_group_ForwardRight_rollout0_seed200261_pilot_50x7x2_scenario_023_join_group_ForwardRight_rollout_0_20260701_171335_655.csv"
"pilot_50x7x2","scenario_023_join_group","join_group","JoinGroup",200200,"ForwardRight",1,200262,"completed","","C:/Users/roger/social_sim_unity/Assets\../Output/MetaActionFeatures\meta_features_scenario_023_join_group_ForwardRight_rollout1_seed200262_pilot_50x7x2_scenario_023_join_group_ForwardRight_rollout_1_20260701_171348_892.csv"
"pilot_50x7x2","scenario_024_join_group","join_group","JoinGroup",200300,"Straight",0,200301,"completed","","C:/Users/roger/social_sim_unity/Assets\../Output/MetaActionFeatures\meta_features_scenario_024_join_group_Straight_rollout0_seed200301_pilot_50x7x2_scenario_024_join_group_Straight_rollout_0_20260701_171407_197.csv"
"pilot_50x7x2","scenario_024_join_group","join_group","JoinGroup",200300,"Straight",1,200302,"completed","","C:/Users/roger/social_sim_unity/Assets\../Output/MetaActionFeatures\meta_features_scenario_024_join_group_Straight_rollout1_seed200302_pilot_50x7x2_scenario_024_join_group_Straight_rollout_1_20260701_171420_383.csv"
"pilot_50x7x2","scenario_024_join_group","join_group","JoinGroup",200300,"SlowDown",0,200311,"completed","","C:/Users/roger/social_sim_unity/Assets\../Output/MetaActionFeatures\meta_features_scenario_024_join_group_SlowDown_rollout0_seed200311_pilot_50x7x2_scenario_024_join_group_SlowDown_rollout_0_20260701_171433_483.csv"
"pilot_50x7x2","scenario_024_join_group","join_group","JoinGroup",200300,"SlowDown",1,200312,"completed","","C:/Users/roger/social_sim_unity/Assets\../Output/MetaActionFeatures\meta_features_scenario_024_join_group_SlowDown_rollout1_seed200312_pilot_50x7x2_scenario_024_join_group_SlowDown_rollout_1_20260701_171446_644.csv"
"pilot_50x7x2","scenario_024_join_group","join_group","JoinGroup",200300,"Stop",0,200321,"completed","","C:/Users/roger/social_sim_unity/Assets\../Output/MetaActionFeatures\meta_features_scenario_024_join_group_Stop_rollout0_seed200321_pilot_50x7x2_scenario_024_join_group_Stop_rollout_0_20260701_171459_726.csv"
"pilot_50x7x2","scenario_024_join_group","join_group","JoinGroup",200300,"Stop",1,200322,"completed","","C:/Users/roger/social_sim_unity/Assets\../Output/MetaActionFeatures\meta_features_scenario_024_join_group_Stop_rollout1_seed200322_pilot_50x7x2_scenario_024_join_group_Stop_rollout_1_20260701_171512_863.csv"
"pilot_50x7x2","scenario_024_join_group","join_group","JoinGroup",200300,"Left",0,200331,"completed","","C:/Users/roger/social_sim_unity/Assets\../Output/MetaActionFeatures\meta_features_scenario_024_join_group_Left_rollout0_seed200331_pilot_50x7x2_scenario_024_join_group_Left_rollout_0_20260701_171525_953.csv"
"pilot_50x7x2","scenario_024_join_group","join_group","JoinGroup",200300,"Left",1,200332,"completed","","C:/Users/roger/social_sim_unity/Assets\../Output/MetaActionFeatures\meta_features_scenario_024_join_group_Left_rollout1_seed200332_pilot_50x7x2_scenario_024_join_group_Left_rollout_1_20260701_171541_118.csv"
"pilot_50x7x2","scenario_024_join_group","join_group","JoinGroup",200300,"Right",0,200341,"completed","","C:/Users/roger/social_sim_unity/Assets\../Output/MetaActionFeatures\meta_features_scenario_024_join_group_Right_rollout0_seed200341_pilot_50x7x2_scenario_024_join_group_Right_rollout_0_20260701_171554_201.csv"
"pilot_50x7x2","scenario_024_join_group","join_group","JoinGroup",200300,"Right",1,200342,"completed","","C:/Users/roger/social_sim_unity/Assets\../Output/MetaActionFeatures\meta_features_scenario_024_join_group_Right_rollout1_seed200342_pilot_50x7x2_scenario_024_join_group_Right_rollout_1_20260701_171607_301.csv"
"pilot_50x7x2","scenario_024_join_group","join_group","JoinGroup",200300,"ForwardLeft",0,200351,"completed","","C:/Users/roger/social_sim_unity/Assets\../Output/MetaActionFeatures\meta_features_scenario_024_join_group_ForwardLeft_rollout0_seed200351_pilot_50x7x2_scenario_024_join_group_ForwardLeft_rollout_0_20260701_171620_414.csv"
"pilot_50x7x2","scenario_024_join_group","join_group","JoinGroup",200300,"ForwardLeft",1,200352,"completed","","C:/Users/roger/social_sim_unity/Assets\../Output/MetaActionFeatures\meta_features_scenario_024_join_group_ForwardLeft_rollout1_seed200352_pilot_50x7x2_scenario_024_join_group_ForwardLeft_rollout_1_20260701_171633_569.csv"
"pilot_50x7x2","scenario_024_join_group","join_group","JoinGroup",200300,"ForwardRight",0,200361,"completed","","C:/Users/roger/social_sim_unity/Assets\../Output/MetaActionFeatures\meta_features_scenario_024_join_group_ForwardRight_rollout0_seed200361_pilot_50x7x2_scenario_024_join_group_ForwardRight_rollout_0_20260701_171646_729.csv"
"pilot_50x7x2","scenario_024_join_group","join_group","JoinGroup",200300,"ForwardRight",1,200362,"completed","","C:/Users/roger/social_sim_unity/Assets\../Output/MetaActionFeatures\meta_features_scenario_024_join_group_ForwardRight_rollout1_seed200362_pilot_50x7x2_scenario_024_join_group_ForwardRight_rollout_1_20260701_171659_809.csv"
"pilot_50x7x2","scenario_025_join_group","join_group","JoinGroup",200400,"Straight",0,200401,"completed","","C:/Users/roger/social_sim_unity/Assets\../Output/MetaActionFeatures\meta_features_scenario_025_join_group_Straight_rollout0_seed200401_pilot_50x7x2_scenario_025_join_group_Straight_rollout_0_20260701_171717_388.csv"
"pilot_50x7x2","scenario_025_join_group","join_group","JoinGroup",200400,"Straight",1,200402,"completed","","C:/Users/roger/social_sim_unity/Assets\../Output/MetaActionFeatures\meta_features_scenario_025_join_group_Straight_rollout1_seed200402_pilot_50x7x2_scenario_025_join_group_Straight_rollout_1_20260701_171730_492.csv"
"pilot_50x7x2","scenario_025_join_group","join_group","JoinGroup",200400,"SlowDown",0,200411,"completed","","C:/Users/roger/social_sim_unity/Assets\../Output/MetaActionFeatures\meta_features_scenario_025_join_group_SlowDown_rollout0_seed200411_pilot_50x7x2_scenario_025_join_group_SlowDown_rollout_0_20260701_171743_614.csv"
"pilot_50x7x2","scenario_025_join_group","join_group","JoinGroup",200400,"SlowDown",1,200412,"completed","","C:/Users/roger/social_sim_unity/Assets\../Output/MetaActionFeatures\meta_features_scenario_025_join_group_SlowDown_rollout1_seed200412_pilot_50x7x2_scenario_025_join_group_SlowDown_rollout_1_20260701_171756_907.csv"
"pilot_50x7x2","scenario_025_join_group","join_group","JoinGroup",200400,"Stop",0,200421,"completed","","C:/Users/roger/social_sim_unity/Assets\../Output/MetaActionFeatures\meta_features_scenario_025_join_group_Stop_rollout0_seed200421_pilot_50x7x2_scenario_025_join_group_Stop_rollout_0_20260701_171810_036.csv"
"pilot_50x7x2","scenario_025_join_group","join_group","JoinGroup",200400,"Stop",1,200422,"completed","","C:/Users/roger/social_sim_unity/Assets\../Output/MetaActionFeatures\meta_features_scenario_025_join_group_Stop_rollout1_seed200422_pilot_50x7x2_scenario_025_join_group_Stop_rollout_1_20260701_171823_443.csv"
"pilot_50x7x2","scenario_025_join_group","join_group","JoinGroup",200400,"Left",0,200431,"completed","","C:/Users/roger/social_sim_unity/Assets\../Output/MetaActionFeatures\meta_features_scenario_025_join_group_Left_rollout0_seed200431_pilot_50x7x2_scenario_025_join_group_Left_rollout_0_20260701_171837_014.csv"
"pilot_50x7x2","scenario_025_join_group","join_group","JoinGroup",200400,"Left",1,200432,"completed","","C:/Users/roger/social_sim_unity/Assets\../Output/MetaActionFeatures\meta_features_scenario_025_join_group_Left_rollout1_seed200432_pilot_50x7x2_scenario_025_join_group_Left_rollout_1_20260701_171850_127.csv"
"pilot_50x7x2","scenario_025_join_group","join_group","JoinGroup",200400,"Right",0,200441,"completed","","C:/Users/roger/social_sim_unity/Assets\../Output/MetaActionFeatures\meta_features_scenario_025_join_group_Right_rollout0_seed200441_pilot_50x7x2_scenario_025_join_group_Right_rollout_0_20260701_171903_265.csv"
"pilot_50x7x2","scenario_025_join_group","join_group","JoinGroup",200400,"Right",1,200442,"completed","","C:/Users/roger/social_sim_unity/Assets\../Output/MetaActionFeatures\meta_features_scenario_025_join_group_Right_rollout1_seed200442_pilot_50x7x2_scenario_025_join_group_Right_rollout_1_20260701_171916_466.csv"
"pilot_50x7x2","scenario_025_join_group","join_group","JoinGroup",200400,"ForwardLeft",0,200451,"completed","","C:/Users/roger/social_sim_unity/Assets\../Output/MetaActionFeatures\meta_features_scenario_025_join_group_ForwardLeft_rollout0_seed200451_pilot_50x7x2_scenario_025_join_group_ForwardLeft_rollout_0_20260701_171929_549.csv"
"pilot_50x7x2","scenario_025_join_group","join_group","JoinGroup",200400,"ForwardLeft",1,200452,"completed","","C:/Users/roger/social_sim_unity/Assets\../Output/MetaActionFeatures\meta_features_scenario_025_join_group_ForwardLeft_rollout1_seed200452_pilot_50x7x2_scenario_025_join_group_ForwardLeft_rollout_1_20260701_171942_681.csv"
"pilot_50x7x2","scenario_025_join_group","join_group","JoinGroup",200400,"ForwardRight",0,200461,"completed","","C:/Users/roger/social_sim_unity/Assets\../Output/MetaActionFeatures\meta_features_scenario_025_join_group_ForwardRight_rollout0_seed200461_pilot_50x7x2_scenario_025_join_group_ForwardRight_rollout_0_20260701_171955_800.csv"
"pilot_50x7x2","scenario_025_join_group","join_group","JoinGroup",200400,"ForwardRight",1,200462,"completed","","C:/Users/roger/social_sim_unity/Assets\../Output/MetaActionFeatures\meta_features_scenario_025_join_group_ForwardRight_rollout1_seed200462_pilot_50x7x2_scenario_025_join_group_ForwardRight_rollout_1_20260701_172009_382.csv"
"pilot_50x7x2","scenario_026_join_group","join_group","JoinGroup",200500,"Straight",0,200501,"completed","","C:/Users/roger/social_sim_unity/Assets\../Output/MetaActionFeatures\meta_features_scenario_026_join_group_Straight_rollout0_seed200501_pilot_50x7x2_scenario_026_join_group_Straight_rollout_0_20260701_172026_560.csv"
"pilot_50x7x2","scenario_026_join_group","join_group","JoinGroup",200500,"Straight",1,200502,"completed","","C:/Users/roger/social_sim_unity/Assets\../Output/MetaActionFeatures\meta_features_scenario_026_join_group_Straight_rollout1_seed200502_pilot_50x7x2_scenario_026_join_group_Straight_rollout_1_20260701_172039_655.csv"
"pilot_50x7x2","scenario_026_join_group","join_group","JoinGroup",200500,"SlowDown",0,200511,"completed","","C:/Users/roger/social_sim_unity/Assets\../Output/MetaActionFeatures\meta_features_scenario_026_join_group_SlowDown_rollout0_seed200511_pilot_50x7x2_scenario_026_join_group_SlowDown_rollout_0_20260701_172052_886.csv"
"pilot_50x7x2","scenario_026_join_group","join_group","JoinGroup",200500,"SlowDown",1,200512,"completed","","C:/Users/roger/social_sim_unity/Assets\../Output/MetaActionFeatures\meta_features_scenario_026_join_group_SlowDown_rollout1_seed200512_pilot_50x7x2_scenario_026_join_group_SlowDown_rollout_1_20260701_172106_115.csv"
"pilot_50x7x2","scenario_026_join_group","join_group","JoinGroup",200500,"Stop",0,200521,"completed","","C:/Users/roger/social_sim_unity/Assets\../Output/MetaActionFeatures\meta_features_scenario_026_join_group_Stop_rollout0_seed200521_pilot_50x7x2_scenario_026_join_group_Stop_rollout_0_20260701_172119_340.csv"
"pilot_50x7x2","scenario_026_join_group","join_group","JoinGroup",200500,"Stop",1,200522,"completed","","C:/Users/roger/social_sim_unity/Assets\../Output/MetaActionFeatures\meta_features_scenario_026_join_group_Stop_rollout1_seed200522_pilot_50x7x2_scenario_026_join_group_Stop_rollout_1_20260701_172132_494.csv"
"pilot_50x7x2","scenario_026_join_group","join_group","JoinGroup",200500,"Left",0,200531,"completed","","C:/Users/roger/social_sim_unity/Assets\../Output/MetaActionFeatures\meta_features_scenario_026_join_group_Left_rollout0_seed200531_pilot_50x7x2_scenario_026_join_group_Left_rollout_0_20260701_172146_300.csv"
"pilot_50x7x2","scenario_026_join_group","join_group","JoinGroup",200500,"Left",1,200532,"completed","","C:/Users/roger/social_sim_unity/Assets\../Output/MetaActionFeatures\meta_features_scenario_026_join_group_Left_rollout1_seed200532_pilot_50x7x2_scenario_026_join_group_Left_rollout_1_20260701_172159_415.csv"
"pilot_50x7x2","scenario_026_join_group","join_group","JoinGroup",200500,"Right",0,200541,"completed","","C:/Users/roger/social_sim_unity/Assets\../Output/MetaActionFeatures\meta_features_scenario_026_join_group_Right_rollout0_seed200541_pilot_50x7x2_scenario_026_join_group_Right_rollout_0_20260701_172212_538.csv"
"pilot_50x7x2","scenario_026_join_group","join_group","JoinGroup",200500,"Right",1,200542,"completed","","C:/Users/roger/social_sim_unity/Assets\../Output/MetaActionFeatures\meta_features_scenario_026_join_group_Right_rollout1_seed200542_pilot_50x7x2_scenario_026_join_group_Right_rollout_1_20260701_172225_658.csv"
"pilot_50x7x2","scenario_026_join_group","join_group","JoinGroup",200500,"ForwardLeft",0,200551,"completed","","C:/Users/roger/social_sim_unity/Assets\../Output/MetaActionFeatures\meta_features_scenario_026_join_group_ForwardLeft_rollout0_seed200551_pilot_50x7x2_scenario_026_join_group_ForwardLeft_rollout_0_20260701_172238_760.csv"
"pilot_50x7x2","scenario_026_join_group","join_group","JoinGroup",200500,"ForwardLeft",1,200552,"completed","","C:/Users/roger/social_sim_unity/Assets\../Output/MetaActionFeatures\meta_features_scenario_026_join_group_ForwardLeft_rollout1_seed200552_pilot_50x7x2_scenario_026_join_group_ForwardLeft_rollout_1_20260701_172251_878.csv"
"pilot_50x7x2","scenario_026_join_group","join_group","JoinGroup",200500,"ForwardRight",0,200561,"completed","","C:/Users/roger/social_sim_unity/Assets\../Output/MetaActionFeatures\meta_features_scenario_026_join_group_ForwardRight_rollout0_seed200561_pilot_50x7x2_scenario_026_join_group_ForwardRight_rollout_0_20260701_172305_383.csv"
"pilot_50x7x2","scenario_026_join_group","join_group","JoinGroup",200500,"ForwardRight",1,200562,"completed","","C:/Users/roger/social_sim_unity/Assets\../Output/MetaActionFeatures\meta_features_scenario_026_join_group_ForwardRight_rollout1_seed200562_pilot_50x7x2_scenario_026_join_group_ForwardRight_rollout_1_20260701_172318_547.csv"
"pilot_50x7x2","scenario_027_join_group","join_group","JoinGroup",200600,"Straight",0,200601,"completed","","C:/Users/roger/social_sim_unity/Assets\../Output/MetaActionFeatures\meta_features_scenario_027_join_group_Straight_rollout0_seed200601_pilot_50x7x2_scenario_027_join_group_Straight_rollout_0_20260701_172336_887.csv"
"pilot_50x7x2","scenario_027_join_group","join_group","JoinGroup",200600,"Straight",1,200602,"completed","","C:/Users/roger/social_sim_unity/Assets\../Output/MetaActionFeatures\meta_features_scenario_027_join_group_Straight_rollout1_seed200602_pilot_50x7x2_scenario_027_join_group_Straight_rollout_1_20260701_172350_018.csv"
"pilot_50x7x2","scenario_027_join_group","join_group","JoinGroup",200600,"SlowDown",0,200611,"completed","","C:/Users/roger/social_sim_unity/Assets\../Output/MetaActionFeatures\meta_features_scenario_027_join_group_SlowDown_rollout0_seed200611_pilot_50x7x2_scenario_027_join_group_SlowDown_rollout_0_20260701_172403_202.csv"
"pilot_50x7x2","scenario_027_join_group","join_group","JoinGroup",200600,"SlowDown",1,200612,"completed","","C:/Users/roger/social_sim_unity/Assets\../Output/MetaActionFeatures\meta_features_scenario_027_join_group_SlowDown_rollout1_seed200612_pilot_50x7x2_scenario_027_join_group_SlowDown_rollout_1_20260701_172416_332.csv"
"pilot_50x7x2","scenario_027_join_group","join_group","JoinGroup",200600,"Stop",0,200621,"completed","","C:/Users/roger/social_sim_unity/Assets\../Output/MetaActionFeatures\meta_features_scenario_027_join_group_Stop_rollout0_seed200621_pilot_50x7x2_scenario_027_join_group_Stop_rollout_0_20260701_172429_516.csv"
"pilot_50x7x2","scenario_027_join_group","join_group","JoinGroup",200600,"Stop",1,200622,"completed","","C:/Users/roger/social_sim_unity/Assets\../Output/MetaActionFeatures\meta_features_scenario_027_join_group_Stop_rollout1_seed200622_pilot_50x7x2_scenario_027_join_group_Stop_rollout_1_20260701_172442_674.csv"
"pilot_50x7x2","scenario_027_join_group","join_group","JoinGroup",200600,"Left",0,200631,"completed","","C:/Users/roger/social_sim_unity/Assets\../Output/MetaActionFeatures\meta_features_scenario_027_join_group_Left_rollout0_seed200631_pilot_50x7x2_scenario_027_join_group_Left_rollout_0_20260701_172456_525.csv"
"pilot_50x7x2","scenario_027_join_group","join_group","JoinGroup",200600,"Left",1,200632,"completed","","C:/Users/roger/social_sim_unity/Assets\../Output/MetaActionFeatures\meta_features_scenario_027_join_group_Left_rollout1_seed200632_pilot_50x7x2_scenario_027_join_group_Left_rollout_1_20260701_172509_628.csv"
"pilot_50x7x2","scenario_027_join_group","join_group","JoinGroup",200600,"Right",0,200641,"completed","","C:/Users/roger/social_sim_unity/Assets\../Output/MetaActionFeatures\meta_features_scenario_027_join_group_Right_rollout0_seed200641_pilot_50x7x2_scenario_027_join_group_Right_rollout_0_20260701_172522_832.csv"
"pilot_50x7x2","scenario_027_join_group","join_group","JoinGroup",200600,"Right",1,200642,"completed","","C:/Users/roger/social_sim_unity/Assets\../Output/MetaActionFeatures\meta_features_scenario_027_join_group_Right_rollout1_seed200642_pilot_50x7x2_scenario_027_join_group_Right_rollout_1_20260701_172535_938.csv"
"pilot_50x7x2","scenario_027_join_group","join_group","JoinGroup",200600,"ForwardLeft",0,200651,"completed","","C:/Users/roger/social_sim_unity/Assets\../Output/MetaActionFeatures\meta_features_scenario_027_join_group_ForwardLeft_rollout0_seed200651_pilot_50x7x2_scenario_027_join_group_ForwardLeft_rollout_0_20260701_172549_125.csv"
"pilot_50x7x2","scenario_027_join_group","join_group","JoinGroup",200600,"ForwardLeft",1,200652,"completed","","C:/Users/roger/social_sim_unity/Assets\../Output/MetaActionFeatures\meta_features_scenario_027_join_group_ForwardLeft_rollout1_seed200652_pilot_50x7x2_scenario_027_join_group_ForwardLeft_rollout_1_20260701_172602_205.csv"
"pilot_50x7x2","scenario_027_join_group","join_group","JoinGroup",200600,"ForwardRight",0,200661,"completed","","C:/Users/roger/social_sim_unity/Assets\../Output/MetaActionFeatures\meta_features_scenario_027_join_group_ForwardRight_rollout0_seed200661_pilot_50x7x2_scenario_027_join_group_ForwardRight_rollout_0_20260701_172615_339.csv"
"pilot_50x7x2","scenario_027_join_group","join_group","JoinGroup",200600,"ForwardRight",1,200662,"completed","","C:/Users/roger/social_sim_unity/Assets\../Output/MetaActionFeatures\meta_features_scenario_027_join_group_ForwardRight_rollout1_seed200662_pilot_50x7x2_scenario_027_join_group_ForwardRight_rollout_1_20260701_172628_492.csv"
"pilot_50x7x2","scenario_028_join_group","join_group","JoinGroup",200700,"Straight",0,200701,"completed","","C:/Users/roger/social_sim_unity/Assets\../Output/MetaActionFeatures\meta_features_scenario_028_join_group_Straight_rollout0_seed200701_pilot_50x7x2_scenario_028_join_group_Straight_rollout_0_20260701_172645_678.csv"
"pilot_50x7x2","scenario_028_join_group","join_group","JoinGroup",200700,"Straight",1,200702,"completed","","C:/Users/roger/social_sim_unity/Assets\../Output/MetaActionFeatures\meta_features_scenario_028_join_group_Straight_rollout1_seed200702_pilot_50x7x2_scenario_028_join_group_Straight_rollout_1_20260701_172658_766.csv"
"pilot_50x7x2","scenario_028_join_group","join_group","JoinGroup",200700,"SlowDown",0,200711,"completed","","C:/Users/roger/social_sim_unity/Assets\../Output/MetaActionFeatures\meta_features_scenario_028_join_group_SlowDown_rollout0_seed200711_pilot_50x7x2_scenario_028_join_group_SlowDown_rollout_0_20260701_172711_945.csv"
"pilot_50x7x2","scenario_028_join_group","join_group","JoinGroup",200700,"SlowDown",1,200712,"completed","","C:/Users/roger/social_sim_unity/Assets\../Output/MetaActionFeatures\meta_features_scenario_028_join_group_SlowDown_rollout1_seed200712_pilot_50x7x2_scenario_028_join_group_SlowDown_rollout_1_20260701_172725_639.csv"
"pilot_50x7x2","scenario_028_join_group","join_group","JoinGroup",200700,"Stop",0,200721,"completed","","C:/Users/roger/social_sim_unity/Assets\../Output/MetaActionFeatures\meta_features_scenario_028_join_group_Stop_rollout0_seed200721_pilot_50x7x2_scenario_028_join_group_Stop_rollout_0_20260701_172738_842.csv"
"pilot_50x7x2","scenario_028_join_group","join_group","JoinGroup",200700,"Stop",1,200722,"completed","","C:/Users/roger/social_sim_unity/Assets\../Output/MetaActionFeatures\meta_features_scenario_028_join_group_Stop_rollout1_seed200722_pilot_50x7x2_scenario_028_join_group_Stop_rollout_1_20260701_172751_994.csv"
"pilot_50x7x2","scenario_028_join_group","join_group","JoinGroup",200700,"Left",0,200731,"completed","","C:/Users/roger/social_sim_unity/Assets\../Output/MetaActionFeatures\meta_features_scenario_028_join_group_Left_rollout0_seed200731_pilot_50x7x2_scenario_028_join_group_Left_rollout_0_20260701_172805_166.csv"
"pilot_50x7x2","scenario_028_join_group","join_group","JoinGroup",200700,"Left",1,200732,"completed","","C:/Users/roger/social_sim_unity/Assets\../Output/MetaActionFeatures\meta_features_scenario_028_join_group_Left_rollout1_seed200732_pilot_50x7x2_scenario_028_join_group_Left_rollout_1_20260701_172818_226.csv"
"pilot_50x7x2","scenario_028_join_group","join_group","JoinGroup",200700,"Right",0,200741,"completed","","C:/Users/roger/social_sim_unity/Assets\../Output/MetaActionFeatures\meta_features_scenario_028_join_group_Right_rollout0_seed200741_pilot_50x7x2_scenario_028_join_group_Right_rollout_0_20260701_172831_352.csv"
"pilot_50x7x2","scenario_028_join_group","join_group","JoinGroup",200700,"Right",1,200742,"completed","","C:/Users/roger/social_sim_unity/Assets\../Output/MetaActionFeatures\meta_features_scenario_028_join_group_Right_rollout1_seed200742_pilot_50x7x2_scenario_028_join_group_Right_rollout_1_20260701_172844_443.csv"
"pilot_50x7x2","scenario_028_join_group","join_group","JoinGroup",200700,"ForwardLeft",0,200751,"completed","","C:/Users/roger/social_sim_unity/Assets\../Output/MetaActionFeatures\meta_features_scenario_028_join_group_ForwardLeft_rollout0_seed200751_pilot_50x7x2_scenario_028_join_group_ForwardLeft_rollout_0_20260701_172857_533.csv"
"pilot_50x7x2","scenario_028_join_group","join_group","JoinGroup",200700,"ForwardLeft",1,200752,"completed","","C:/Users/roger/social_sim_unity/Assets\../Output/MetaActionFeatures\meta_features_scenario_028_join_group_ForwardLeft_rollout1_seed200752_pilot_50x7x2_scenario_028_join_group_ForwardLeft_rollout_1_20260701_172911_171.csv"
"pilot_50x7x2","scenario_028_join_group","join_group","JoinGroup",200700,"ForwardRight",0,200761,"completed","","C:/Users/roger/social_sim_unity/Assets\../Output/MetaActionFeatures\meta_features_scenario_028_join_group_ForwardRight_rollout0_seed200761_pilot_50x7x2_scenario_028_join_group_ForwardRight_rollout_0_20260701_172924_304.csv"
"pilot_50x7x2","scenario_028_join_group","join_group","JoinGroup",200700,"ForwardRight",1,200762,"completed","","C:/Users/roger/social_sim_unity/Assets\../Output/MetaActionFeatures\meta_features_scenario_028_join_group_ForwardRight_rollout1_seed200762_pilot_50x7x2_scenario_028_join_group_ForwardRight_rollout_1_20260701_172937_389.csv"
"pilot_50x7x2","scenario_029_join_group","join_group","JoinGroup",200800,"Straight",0,200801,"completed","","C:/Users/roger/social_sim_unity/Assets\../Output/MetaActionFeatures\meta_features_scenario_029_join_group_Straight_rollout0_seed200801_pilot_50x7x2_scenario_029_join_group_Straight_rollout_0_20260701_172954_634.csv"
"pilot_50x7x2","scenario_029_join_group","join_group","JoinGroup",200800,"Straight",1,200802,"completed","","C:/Users/roger/social_sim_unity/Assets\../Output/MetaActionFeatures\meta_features_scenario_029_join_group_Straight_rollout1_seed200802_pilot_50x7x2_scenario_029_join_group_Straight_rollout_1_20260701_173007_778.csv"
"pilot_50x7x2","scenario_029_join_group","join_group","JoinGroup",200800,"SlowDown",0,200811,"completed","","C:/Users/roger/social_sim_unity/Assets\../Output/MetaActionFeatures\meta_features_scenario_029_join_group_SlowDown_rollout0_seed200811_pilot_50x7x2_scenario_029_join_group_SlowDown_rollout_0_20260701_173020_907.csv"
"pilot_50x7x2","scenario_029_join_group","join_group","JoinGroup",200800,"SlowDown",1,200812,"completed","","C:/Users/roger/social_sim_unity/Assets\../Output/MetaActionFeatures\meta_features_scenario_029_join_group_SlowDown_rollout1_seed200812_pilot_50x7x2_scenario_029_join_group_SlowDown_rollout_1_20260701_173034_422.csv"
"pilot_50x7x2","scenario_029_join_group","join_group","JoinGroup",200800,"Stop",0,200821,"completed","","C:/Users/roger/social_sim_unity/Assets\../Output/MetaActionFeatures\meta_features_scenario_029_join_group_Stop_rollout0_seed200821_pilot_50x7x2_scenario_029_join_group_Stop_rollout_0_20260701_173047_556.csv"
"pilot_50x7x2","scenario_029_join_group","join_group","JoinGroup",200800,"Stop",1,200822,"completed","","C:/Users/roger/social_sim_unity/Assets\../Output/MetaActionFeatures\meta_features_scenario_029_join_group_Stop_rollout1_seed200822_pilot_50x7x2_scenario_029_join_group_Stop_rollout_1_20260701_173100_732.csv"
"pilot_50x7x2","scenario_029_join_group","join_group","JoinGroup",200800,"Left",0,200831,"completed","","C:/Users/roger/social_sim_unity/Assets\../Output/MetaActionFeatures\meta_features_scenario_029_join_group_Left_rollout0_seed200831_pilot_50x7x2_scenario_029_join_group_Left_rollout_0_20260701_173113_837.csv"
"pilot_50x7x2","scenario_029_join_group","join_group","JoinGroup",200800,"Left",1,200832,"completed","","C:/Users/roger/social_sim_unity/Assets\../Output/MetaActionFeatures\meta_features_scenario_029_join_group_Left_rollout1_seed200832_pilot_50x7x2_scenario_029_join_group_Left_rollout_1_20260701_173126_907.csv"
"pilot_50x7x2","scenario_029_join_group","join_group","JoinGroup",200800,"Right",0,200841,"completed","","C:/Users/roger/social_sim_unity/Assets\../Output/MetaActionFeatures\meta_features_scenario_029_join_group_Right_rollout0_seed200841_pilot_50x7x2_scenario_029_join_group_Right_rollout_0_20260701_173140_077.csv"
"pilot_50x7x2","scenario_029_join_group","join_group","JoinGroup",200800,"Right",1,200842,"completed","","C:/Users/roger/social_sim_unity/Assets\../Output/MetaActionFeatures\meta_features_scenario_029_join_group_Right_rollout1_seed200842_pilot_50x7x2_scenario_029_join_group_Right_rollout_1_20260701_173153_166.csv"
"pilot_50x7x2","scenario_029_join_group","join_group","JoinGroup",200800,"ForwardLeft",0,200851,"completed","","C:/Users/roger/social_sim_unity/Assets\../Output/MetaActionFeatures\meta_features_scenario_029_join_group_ForwardLeft_rollout0_seed200851_pilot_50x7x2_scenario_029_join_group_ForwardLeft_rollout_0_20260701_173206_516.csv"
"pilot_50x7x2","scenario_029_join_group","join_group","JoinGroup",200800,"ForwardLeft",1,200852,"completed","","C:/Users/roger/social_sim_unity/Assets\../Output/MetaActionFeatures\meta_features_scenario_029_join_group_ForwardLeft_rollout1_seed200852_pilot_50x7x2_scenario_029_join_group_ForwardLeft_rollout_1_20260701_173219_652.csv"
"pilot_50x7x2","scenario_029_join_group","join_group","JoinGroup",200800,"ForwardRight",0,200861,"completed","","C:/Users/roger/social_sim_unity/Assets\../Output/MetaActionFeatures\meta_features_scenario_029_join_group_ForwardRight_rollout0_seed200861_pilot_50x7x2_scenario_029_join_group_ForwardRight_rollout_0_20260701_173232_809.csv"
"pilot_50x7x2","scenario_029_join_group","join_group","JoinGroup",200800,"ForwardRight",1,200862,"completed","","C:/Users/roger/social_sim_unity/Assets\../Output/MetaActionFeatures\meta_features_scenario_029_join_group_ForwardRight_rollout1_seed200862_pilot_50x7x2_scenario_029_join_group_ForwardRight_rollout_1_20260701_173245_937.csv"
"pilot_50x7x2","scenario_030_join_group","join_group","JoinGroup",200900,"Straight",0,200901,"completed","","C:/Users/roger/social_sim_unity/Assets\../Output/MetaActionFeatures\meta_features_scenario_030_join_group_Straight_rollout0_seed200901_pilot_50x7x2_scenario_030_join_group_Straight_rollout_0_20260701_173303_200.csv"
"pilot_50x7x2","scenario_030_join_group","join_group","JoinGroup",200900,"Straight",1,200902,"completed","","C:/Users/roger/social_sim_unity/Assets\../Output/MetaActionFeatures\meta_features_scenario_030_join_group_Straight_rollout1_seed200902_pilot_50x7x2_scenario_030_join_group_Straight_rollout_1_20260701_173316_386.csv"
"pilot_50x7x2","scenario_030_join_group","join_group","JoinGroup",200900,"SlowDown",0,200911,"completed","","C:/Users/roger/social_sim_unity/Assets\../Output/MetaActionFeatures\meta_features_scenario_030_join_group_SlowDown_rollout0_seed200911_pilot_50x7x2_scenario_030_join_group_SlowDown_rollout_0_20260701_173329_956.csv"
"pilot_50x7x2","scenario_030_join_group","join_group","JoinGroup",200900,"SlowDown",1,200912,"completed","","C:/Users/roger/social_sim_unity/Assets\../Output/MetaActionFeatures\meta_features_scenario_030_join_group_SlowDown_rollout1_seed200912_pilot_50x7x2_scenario_030_join_group_SlowDown_rollout_1_20260701_173343_838.csv"
"pilot_50x7x2","scenario_030_join_group","join_group","JoinGroup",200900,"Stop",0,200921,"completed","","C:/Users/roger/social_sim_unity/Assets\../Output/MetaActionFeatures\meta_features_scenario_030_join_group_Stop_rollout0_seed200921_pilot_50x7x2_scenario_030_join_group_Stop_rollout_0_20260701_173356_904.csv"
"pilot_50x7x2","scenario_030_join_group","join_group","JoinGroup",200900,"Stop",1,200922,"completed","","C:/Users/roger/social_sim_unity/Assets\../Output/MetaActionFeatures\meta_features_scenario_030_join_group_Stop_rollout1_seed200922_pilot_50x7x2_scenario_030_join_group_Stop_rollout_1_20260701_173410_009.csv"
"pilot_50x7x2","scenario_030_join_group","join_group","JoinGroup",200900,"Left",0,200931,"completed","","C:/Users/roger/social_sim_unity/Assets\../Output/MetaActionFeatures\meta_features_scenario_030_join_group_Left_rollout0_seed200931_pilot_50x7x2_scenario_030_join_group_Left_rollout_0_20260701_173423_199.csv"
"pilot_50x7x2","scenario_030_join_group","join_group","JoinGroup",200900,"Left",1,200932,"completed","","C:/Users/roger/social_sim_unity/Assets\../Output/MetaActionFeatures\meta_features_scenario_030_join_group_Left_rollout1_seed200932_pilot_50x7x2_scenario_030_join_group_Left_rollout_1_20260701_173436_463.csv"
"pilot_50x7x2","scenario_030_join_group","join_group","JoinGroup",200900,"Right",0,200941,"completed","","C:/Users/roger/social_sim_unity/Assets\../Output/MetaActionFeatures\meta_features_scenario_030_join_group_Right_rollout0_seed200941_pilot_50x7x2_scenario_030_join_group_Right_rollout_0_20260701_173449_708.csv"
"pilot_50x7x2","scenario_030_join_group","join_group","JoinGroup",200900,"Right",1,200942,"completed","","C:/Users/roger/social_sim_unity/Assets\../Output/MetaActionFeatures\meta_features_scenario_030_join_group_Right_rollout1_seed200942_pilot_50x7x2_scenario_030_join_group_Right_rollout_1_20260701_173502_872.csv"
"pilot_50x7x2","scenario_030_join_group","join_group","JoinGroup",200900,"ForwardLeft",0,200951,"completed","","C:/Users/roger/social_sim_unity/Assets\../Output/MetaActionFeatures\meta_features_scenario_030_join_group_ForwardLeft_rollout0_seed200951_pilot_50x7x2_scenario_030_join_group_ForwardLeft_rollout_0_20260701_173516_089.csv"
"pilot_50x7x2","scenario_030_join_group","join_group","JoinGroup",200900,"ForwardLeft",1,200952,"completed","","C:/Users/roger/social_sim_unity/Assets\../Output/MetaActionFeatures\meta_features_scenario_030_join_group_ForwardLeft_rollout1_seed200952_pilot_50x7x2_scenario_030_join_group_ForwardLeft_rollout_1_20260701_173529_676.csv"
"pilot_50x7x2","scenario_030_join_group","join_group","JoinGroup",200900,"ForwardRight",0,200961,"completed","","C:/Users/roger/social_sim_unity/Assets\../Output/MetaActionFeatures\meta_features_scenario_030_join_group_ForwardRight_rollout0_seed200961_pilot_50x7x2_scenario_030_join_group_ForwardRight_rollout_0_20260701_173542_769.csv"
"pilot_50x7x2","scenario_030_join_group","join_group","JoinGroup",200900,"ForwardRight",1,200962,"completed","","C:/Users/roger/social_sim_unity/Assets\../Output/MetaActionFeatures\meta_features_scenario_030_join_group_ForwardRight_rollout1_seed200962_pilot_50x7x2_scenario_030_join_group_ForwardRight_rollout_1_20260701_173555_912.csv"
"pilot_50x7x2","scenario_031_join_group","join_group","JoinGroup",201000,"Straight",0,201001,"completed","","C:/Users/roger/social_sim_unity/Assets\../Output/MetaActionFeatures\meta_features_scenario_031_join_group_Straight_rollout0_seed201001_pilot_50x7x2_scenario_031_join_group_Straight_rollout_0_20260701_173613_163.csv"
"pilot_50x7x2","scenario_031_join_group","join_group","JoinGroup",201000,"Straight",1,201002,"completed","","C:/Users/roger/social_sim_unity/Assets\../Output/MetaActionFeatures\meta_features_scenario_031_join_group_Straight_rollout1_seed201002_pilot_50x7x2_scenario_031_join_group_Straight_rollout_1_20260701_173626_259.csv"
"pilot_50x7x2","scenario_031_join_group","join_group","JoinGroup",201000,"SlowDown",0,201011,"completed","","C:/Users/roger/social_sim_unity/Assets\../Output/MetaActionFeatures\meta_features_scenario_031_join_group_SlowDown_rollout0_seed201011_pilot_50x7x2_scenario_031_join_group_SlowDown_rollout_0_20260701_173639_432.csv"
"pilot_50x7x2","scenario_031_join_group","join_group","JoinGroup",201000,"SlowDown",1,201012,"completed","","C:/Users/roger/social_sim_unity/Assets\../Output/MetaActionFeatures\meta_features_scenario_031_join_group_SlowDown_rollout1_seed201012_pilot_50x7x2_scenario_031_join_group_SlowDown_rollout_1_20260701_173652_621.csv"
"pilot_50x7x2","scenario_031_join_group","join_group","JoinGroup",201000,"Stop",0,201021,"completed","","C:/Users/roger/social_sim_unity/Assets\../Output/MetaActionFeatures\meta_features_scenario_031_join_group_Stop_rollout0_seed201021_pilot_50x7x2_scenario_031_join_group_Stop_rollout_0_20260701_173706_168.csv"
"pilot_50x7x2","scenario_031_join_group","join_group","JoinGroup",201000,"Stop",1,201022,"completed","","C:/Users/roger/social_sim_unity/Assets\../Output/MetaActionFeatures\meta_features_scenario_031_join_group_Stop_rollout1_seed201022_pilot_50x7x2_scenario_031_join_group_Stop_rollout_1_20260701_173719_245.csv"
"pilot_50x7x2","scenario_031_join_group","join_group","JoinGroup",201000,"Left",0,201031,"completed","","C:/Users/roger/social_sim_unity/Assets\../Output/MetaActionFeatures\meta_features_scenario_031_join_group_Left_rollout0_seed201031_pilot_50x7x2_scenario_031_join_group_Left_rollout_0_20260701_173732_513.csv"
"pilot_50x7x2","scenario_031_join_group","join_group","JoinGroup",201000,"Left",1,201032,"completed","","C:/Users/roger/social_sim_unity/Assets\../Output/MetaActionFeatures\meta_features_scenario_031_join_group_Left_rollout1_seed201032_pilot_50x7x2_scenario_031_join_group_Left_rollout_1_20260701_173745_587.csv"
"pilot_50x7x2","scenario_031_join_group","join_group","JoinGroup",201000,"Right",0,201041,"completed","","C:/Users/roger/social_sim_unity/Assets\../Output/MetaActionFeatures\meta_features_scenario_031_join_group_Right_rollout0_seed201041_pilot_50x7x2_scenario_031_join_group_Right_rollout_0_20260701_173758_785.csv"
"pilot_50x7x2","scenario_031_join_group","join_group","JoinGroup",201000,"Right",1,201042,"completed","","C:/Users/roger/social_sim_unity/Assets\../Output/MetaActionFeatures\meta_features_scenario_031_join_group_Right_rollout1_seed201042_pilot_50x7x2_scenario_031_join_group_Right_rollout_1_20260701_173811_928.csv"
"pilot_50x7x2","scenario_031_join_group","join_group","JoinGroup",201000,"ForwardLeft",0,201051,"completed","","C:/Users/roger/social_sim_unity/Assets\../Output/MetaActionFeatures\meta_features_scenario_031_join_group_ForwardLeft_rollout0_seed201051_pilot_50x7x2_scenario_031_join_group_ForwardLeft_rollout_0_20260701_173825_101.csv"
"pilot_50x7x2","scenario_031_join_group","join_group","JoinGroup",201000,"ForwardLeft",1,201052,"completed","","C:/Users/roger/social_sim_unity/Assets\../Output/MetaActionFeatures\meta_features_scenario_031_join_group_ForwardLeft_rollout1_seed201052_pilot_50x7x2_scenario_031_join_group_ForwardLeft_rollout_1_20260701_173838_963.csv"
"pilot_50x7x2","scenario_031_join_group","join_group","JoinGroup",201000,"ForwardRight",0,201061,"completed","","C:/Users/roger/social_sim_unity/Assets\../Output/MetaActionFeatures\meta_features_scenario_031_join_group_ForwardRight_rollout0_seed201061_pilot_50x7x2_scenario_031_join_group_ForwardRight_rollout_0_20260701_173852_114.csv"
"pilot_50x7x2","scenario_031_join_group","join_group","JoinGroup",201000,"ForwardRight",1,201062,"completed","","C:/Users/roger/social_sim_unity/Assets\../Output/MetaActionFeatures\meta_features_scenario_031_join_group_ForwardRight_rollout1_seed201062_pilot_50x7x2_scenario_031_join_group_ForwardRight_rollout_1_20260701_173905_210.csv"
"pilot_50x7x2","scenario_032_join_group","join_group","JoinGroup",201100,"Straight",0,201101,"completed","","C:/Users/roger/social_sim_unity/Assets\../Output/MetaActionFeatures\meta_features_scenario_032_join_group_Straight_rollout0_seed201101_pilot_50x7x2_scenario_032_join_group_Straight_rollout_0_20260701_173922_942.csv"
"pilot_50x7x2","scenario_032_join_group","join_group","JoinGroup",201100,"Straight",1,201102,"completed","","C:/Users/roger/social_sim_unity/Assets\../Output/MetaActionFeatures\meta_features_scenario_032_join_group_Straight_rollout1_seed201102_pilot_50x7x2_scenario_032_join_group_Straight_rollout_1_20260701_173936_125.csv"
"pilot_50x7x2","scenario_032_join_group","join_group","JoinGroup",201100,"SlowDown",0,201111,"completed","","C:/Users/roger/social_sim_unity/Assets\../Output/MetaActionFeatures\meta_features_scenario_032_join_group_SlowDown_rollout0_seed201111_pilot_50x7x2_scenario_032_join_group_SlowDown_rollout_0_20260701_173949_190.csv"
"pilot_50x7x2","scenario_032_join_group","join_group","JoinGroup",201100,"SlowDown",1,201112,"completed","","C:/Users/roger/social_sim_unity/Assets\../Output/MetaActionFeatures\meta_features_scenario_032_join_group_SlowDown_rollout1_seed201112_pilot_50x7x2_scenario_032_join_group_SlowDown_rollout_1_20260701_174002_289.csv"
"pilot_50x7x2","scenario_032_join_group","join_group","JoinGroup",201100,"Stop",0,201121,"completed","","C:/Users/roger/social_sim_unity/Assets\../Output/MetaActionFeatures\meta_features_scenario_032_join_group_Stop_rollout0_seed201121_pilot_50x7x2_scenario_032_join_group_Stop_rollout_0_20260701_174016_092.csv"
"pilot_50x7x2","scenario_032_join_group","join_group","JoinGroup",201100,"Stop",1,201122,"completed","","C:/Users/roger/social_sim_unity/Assets\../Output/MetaActionFeatures\meta_features_scenario_032_join_group_Stop_rollout1_seed201122_pilot_50x7x2_scenario_032_join_group_Stop_rollout_1_20260701_174029_230.csv"
"pilot_50x7x2","scenario_032_join_group","join_group","JoinGroup",201100,"Left",0,201131,"completed","","C:/Users/roger/social_sim_unity/Assets\../Output/MetaActionFeatures\meta_features_scenario_032_join_group_Left_rollout0_seed201131_pilot_50x7x2_scenario_032_join_group_Left_rollout_0_20260701_174042_335.csv"
"pilot_50x7x2","scenario_032_join_group","join_group","JoinGroup",201100,"Left",1,201132,"completed","","C:/Users/roger/social_sim_unity/Assets\../Output/MetaActionFeatures\meta_features_scenario_032_join_group_Left_rollout1_seed201132_pilot_50x7x2_scenario_032_join_group_Left_rollout_1_20260701_174055_444.csv"
"pilot_50x7x2","scenario_032_join_group","join_group","JoinGroup",201100,"Right",0,201141,"completed","","C:/Users/roger/social_sim_unity/Assets\../Output/MetaActionFeatures\meta_features_scenario_032_join_group_Right_rollout0_seed201141_pilot_50x7x2_scenario_032_join_group_Right_rollout_0_20260701_174108_663.csv"
"pilot_50x7x2","scenario_032_join_group","join_group","JoinGroup",201100,"Right",1,201142,"completed","","C:/Users/roger/social_sim_unity/Assets\../Output/MetaActionFeatures\meta_features_scenario_032_join_group_Right_rollout1_seed201142_pilot_50x7x2_scenario_032_join_group_Right_rollout_1_20260701_174122_049.csv"
"pilot_50x7x2","scenario_032_join_group","join_group","JoinGroup",201100,"ForwardLeft",0,201151,"completed","","C:/Users/roger/social_sim_unity/Assets\../Output/MetaActionFeatures\meta_features_scenario_032_join_group_ForwardLeft_rollout0_seed201151_pilot_50x7x2_scenario_032_join_group_ForwardLeft_rollout_0_20260701_174135_995.csv"
"pilot_50x7x2","scenario_032_join_group","join_group","JoinGroup",201100,"ForwardLeft",1,201152,"completed","","C:/Users/roger/social_sim_unity/Assets\../Output/MetaActionFeatures\meta_features_scenario_032_join_group_ForwardLeft_rollout1_seed201152_pilot_50x7x2_scenario_032_join_group_ForwardLeft_rollout_1_20260701_174149_149.csv"
"pilot_50x7x2","scenario_032_join_group","join_group","JoinGroup",201100,"ForwardRight",0,201161,"completed","","C:/Users/roger/social_sim_unity/Assets\../Output/MetaActionFeatures\meta_features_scenario_032_join_group_ForwardRight_rollout0_seed201161_pilot_50x7x2_scenario_032_join_group_ForwardRight_rollout_0_20260701_174202_261.csv"
"pilot_50x7x2","scenario_032_join_group","join_group","JoinGroup",201100,"ForwardRight",1,201162,"completed","","C:/Users/roger/social_sim_unity/Assets\../Output/MetaActionFeatures\meta_features_scenario_032_join_group_ForwardRight_rollout1_seed201162_pilot_50x7x2_scenario_032_join_group_ForwardRight_rollout_1_20260701_174215_350.csv"
"pilot_50x7x2","scenario_033_join_group","join_group","JoinGroup",201200,"Straight",0,201201,"completed","","C:/Users/roger/social_sim_unity/Assets\../Output/MetaActionFeatures\meta_features_scenario_033_join_group_Straight_rollout0_seed201201_pilot_50x7x2_scenario_033_join_group_Straight_rollout_0_20260701_174232_572.csv"
"pilot_50x7x2","scenario_033_join_group","join_group","JoinGroup",201200,"Straight",1,201202,"completed","","C:/Users/roger/social_sim_unity/Assets\../Output/MetaActionFeatures\meta_features_scenario_033_join_group_Straight_rollout1_seed201202_pilot_50x7x2_scenario_033_join_group_Straight_rollout_1_20260701_174246_072.csv"
"pilot_50x7x2","scenario_033_join_group","join_group","JoinGroup",201200,"SlowDown",0,201211,"completed","","C:/Users/roger/social_sim_unity/Assets\../Output/MetaActionFeatures\meta_features_scenario_033_join_group_SlowDown_rollout0_seed201211_pilot_50x7x2_scenario_033_join_group_SlowDown_rollout_0_20260701_174259_286.csv"
"pilot_50x7x2","scenario_033_join_group","join_group","JoinGroup",201200,"SlowDown",1,201212,"completed","","C:/Users/roger/social_sim_unity/Assets\../Output/MetaActionFeatures\meta_features_scenario_033_join_group_SlowDown_rollout1_seed201212_pilot_50x7x2_scenario_033_join_group_SlowDown_rollout_1_20260701_174313_127.csv"
"pilot_50x7x2","scenario_033_join_group","join_group","JoinGroup",201200,"Stop",0,201221,"completed","","C:/Users/roger/social_sim_unity/Assets\../Output/MetaActionFeatures\meta_features_scenario_033_join_group_Stop_rollout0_seed201221_pilot_50x7x2_scenario_033_join_group_Stop_rollout_0_20260701_174326_212.csv"
"pilot_50x7x2","scenario_033_join_group","join_group","JoinGroup",201200,"Stop",1,201222,"completed","","C:/Users/roger/social_sim_unity/Assets\../Output/MetaActionFeatures\meta_features_scenario_033_join_group_Stop_rollout1_seed201222_pilot_50x7x2_scenario_033_join_group_Stop_rollout_1_20260701_174339_392.csv"
"pilot_50x7x2","scenario_033_join_group","join_group","JoinGroup",201200,"Left",0,201231,"completed","","C:/Users/roger/social_sim_unity/Assets\../Output/MetaActionFeatures\meta_features_scenario_033_join_group_Left_rollout0_seed201231_pilot_50x7x2_scenario_033_join_group_Left_rollout_0_20260701_174352_568.csv"
"pilot_50x7x2","scenario_033_join_group","join_group","JoinGroup",201200,"Left",1,201232,"completed","","C:/Users/roger/social_sim_unity/Assets\../Output/MetaActionFeatures\meta_features_scenario_033_join_group_Left_rollout1_seed201232_pilot_50x7x2_scenario_033_join_group_Left_rollout_1_20260701_174405_693.csv"
"pilot_50x7x2","scenario_033_join_group","join_group","JoinGroup",201200,"Right",0,201241,"completed","","C:/Users/roger/social_sim_unity/Assets\../Output/MetaActionFeatures\meta_features_scenario_033_join_group_Right_rollout0_seed201241_pilot_50x7x2_scenario_033_join_group_Right_rollout_0_20260701_174418_884.csv"
"pilot_50x7x2","scenario_033_join_group","join_group","JoinGroup",201200,"Right",1,201242,"completed","","C:/Users/roger/social_sim_unity/Assets\../Output/MetaActionFeatures\meta_features_scenario_033_join_group_Right_rollout1_seed201242_pilot_50x7x2_scenario_033_join_group_Right_rollout_1_20260701_174431_991.csv"
"pilot_50x7x2","scenario_033_join_group","join_group","JoinGroup",201200,"ForwardLeft",0,201251,"completed","","C:/Users/roger/social_sim_unity/Assets\../Output/MetaActionFeatures\meta_features_scenario_033_join_group_ForwardLeft_rollout0_seed201251_pilot_50x7x2_scenario_033_join_group_ForwardLeft_rollout_0_20260701_174445_139.csv"
"pilot_50x7x2","scenario_033_join_group","join_group","JoinGroup",201200,"ForwardLeft",1,201252,"completed","","C:/Users/roger/social_sim_unity/Assets\../Output/MetaActionFeatures\meta_features_scenario_033_join_group_ForwardLeft_rollout1_seed201252_pilot_50x7x2_scenario_033_join_group_ForwardLeft_rollout_1_20260701_174458_525.csv"
"pilot_50x7x2","scenario_033_join_group","join_group","JoinGroup",201200,"ForwardRight",0,201261,"completed","","C:/Users/roger/social_sim_unity/Assets\../Output/MetaActionFeatures\meta_features_scenario_033_join_group_ForwardRight_rollout0_seed201261_pilot_50x7x2_scenario_033_join_group_ForwardRight_rollout_0_20260701_174511_659.csv"
"pilot_50x7x2","scenario_033_join_group","join_group","JoinGroup",201200,"ForwardRight",1,201262,"completed","","C:/Users/roger/social_sim_unity/Assets\../Output/MetaActionFeatures\meta_features_scenario_033_join_group_ForwardRight_rollout1_seed201262_pilot_50x7x2_scenario_033_join_group_ForwardRight_rollout_1_20260701_174524_755.csv"
"pilot_50x7x2","scenario_034_join_group","join_group","JoinGroup",201300,"Straight",0,201301,"completed","","C:/Users/roger/social_sim_unity/Assets\../Output/MetaActionFeatures\meta_features_scenario_034_join_group_Straight_rollout0_seed201301_pilot_50x7x2_scenario_034_join_group_Straight_rollout_0_20260701_174542_049.csv"
"pilot_50x7x2","scenario_034_join_group","join_group","JoinGroup",201300,"Straight",1,201302,"completed","","C:/Users/roger/social_sim_unity/Assets\../Output/MetaActionFeatures\meta_features_scenario_034_join_group_Straight_rollout1_seed201302_pilot_50x7x2_scenario_034_join_group_Straight_rollout_1_20260701_174555_223.csv"
"pilot_50x7x2","scenario_034_join_group","join_group","JoinGroup",201300,"SlowDown",0,201311,"completed","","C:/Users/roger/social_sim_unity/Assets\../Output/MetaActionFeatures\meta_features_scenario_034_join_group_SlowDown_rollout0_seed201311_pilot_50x7x2_scenario_034_join_group_SlowDown_rollout_0_20260701_174608_398.csv"
"pilot_50x7x2","scenario_034_join_group","join_group","JoinGroup",201300,"SlowDown",1,201312,"completed","","C:/Users/roger/social_sim_unity/Assets\../Output/MetaActionFeatures\meta_features_scenario_034_join_group_SlowDown_rollout1_seed201312_pilot_50x7x2_scenario_034_join_group_SlowDown_rollout_1_20260701_174622_026.csv"
"pilot_50x7x2","scenario_034_join_group","join_group","JoinGroup",201300,"Stop",0,201321,"completed","","C:/Users/roger/social_sim_unity/Assets\../Output/MetaActionFeatures\meta_features_scenario_034_join_group_Stop_rollout0_seed201321_pilot_50x7x2_scenario_034_join_group_Stop_rollout_0_20260701_174635_216.csv"
"pilot_50x7x2","scenario_034_join_group","join_group","JoinGroup",201300,"Stop",1,201322,"completed","","C:/Users/roger/social_sim_unity/Assets\../Output/MetaActionFeatures\meta_features_scenario_034_join_group_Stop_rollout1_seed201322_pilot_50x7x2_scenario_034_join_group_Stop_rollout_1_20260701_174648_513.csv"
"pilot_50x7x2","scenario_034_join_group","join_group","JoinGroup",201300,"Left",0,201331,"completed","","C:/Users/roger/social_sim_unity/Assets\../Output/MetaActionFeatures\meta_features_scenario_034_join_group_Left_rollout0_seed201331_pilot_50x7x2_scenario_034_join_group_Left_rollout_0_20260701_174701_634.csv"
"pilot_50x7x2","scenario_034_join_group","join_group","JoinGroup",201300,"Left",1,201332,"completed","","C:/Users/roger/social_sim_unity/Assets\../Output/MetaActionFeatures\meta_features_scenario_034_join_group_Left_rollout1_seed201332_pilot_50x7x2_scenario_034_join_group_Left_rollout_1_20260701_174714_826.csv"
"pilot_50x7x2","scenario_034_join_group","join_group","JoinGroup",201300,"Right",0,201341,"completed","","C:/Users/roger/social_sim_unity/Assets\../Output/MetaActionFeatures\meta_features_scenario_034_join_group_Right_rollout0_seed201341_pilot_50x7x2_scenario_034_join_group_Right_rollout_0_20260701_174727_932.csv"
"pilot_50x7x2","scenario_034_join_group","join_group","JoinGroup",201300,"Right",1,201342,"completed","","C:/Users/roger/social_sim_unity/Assets\../Output/MetaActionFeatures\meta_features_scenario_034_join_group_Right_rollout1_seed201342_pilot_50x7x2_scenario_034_join_group_Right_rollout_1_20260701_174741_285.csv"
"pilot_50x7x2","scenario_034_join_group","join_group","JoinGroup",201300,"ForwardLeft",0,201351,"completed","","C:/Users/roger/social_sim_unity/Assets\../Output/MetaActionFeatures\meta_features_scenario_034_join_group_ForwardLeft_rollout0_seed201351_pilot_50x7x2_scenario_034_join_group_ForwardLeft_rollout_0_20260701_174754_536.csv"
"pilot_50x7x2","scenario_034_join_group","join_group","JoinGroup",201300,"ForwardLeft",1,201352,"completed","","C:/Users/roger/social_sim_unity/Assets\../Output/MetaActionFeatures\meta_features_scenario_034_join_group_ForwardLeft_rollout1_seed201352_pilot_50x7x2_scenario_034_join_group_ForwardLeft_rollout_1_20260701_174808_332.csv"
"pilot_50x7x2","scenario_034_join_group","join_group","JoinGroup",201300,"ForwardRight",0,201361,"completed","","C:/Users/roger/social_sim_unity/Assets\../Output/MetaActionFeatures\meta_features_scenario_034_join_group_ForwardRight_rollout0_seed201361_pilot_50x7x2_scenario_034_join_group_ForwardRight_rollout_0_20260701_174822_145.csv"
"pilot_50x7x2","scenario_034_join_group","join_group","JoinGroup",201300,"ForwardRight",1,201362,"completed","","C:/Users/roger/social_sim_unity/Assets\../Output/MetaActionFeatures\meta_features_scenario_034_join_group_ForwardRight_rollout1_seed201362_pilot_50x7x2_scenario_034_join_group_ForwardRight_rollout_1_20260701_174835_341.csv"
"pilot_50x7x2","scenario_035_join_group","join_group","JoinGroup",201400,"Straight",0,201401,"completed","","C:/Users/roger/social_sim_unity/Assets\../Output/MetaActionFeatures\meta_features_scenario_035_join_group_Straight_rollout0_seed201401_pilot_50x7x2_scenario_035_join_group_Straight_rollout_0_20260701_174854_085.csv"
"pilot_50x7x2","scenario_035_join_group","join_group","JoinGroup",201400,"Straight",1,201402,"completed","","C:/Users/roger/social_sim_unity/Assets\../Output/MetaActionFeatures\meta_features_scenario_035_join_group_Straight_rollout1_seed201402_pilot_50x7x2_scenario_035_join_group_Straight_rollout_1_20260701_174908_009.csv"
"pilot_50x7x2","scenario_035_join_group","join_group","JoinGroup",201400,"SlowDown",0,201411,"completed","","C:/Users/roger/social_sim_unity/Assets\../Output/MetaActionFeatures\meta_features_scenario_035_join_group_SlowDown_rollout0_seed201411_pilot_50x7x2_scenario_035_join_group_SlowDown_rollout_0_20260701_174921_130.csv"
"pilot_50x7x2","scenario_035_join_group","join_group","JoinGroup",201400,"SlowDown",1,201412,"completed","","C:/Users/roger/social_sim_unity/Assets\../Output/MetaActionFeatures\meta_features_scenario_035_join_group_SlowDown_rollout1_seed201412_pilot_50x7x2_scenario_035_join_group_SlowDown_rollout_1_20260701_174934_928.csv"
"pilot_50x7x2","scenario_035_join_group","join_group","JoinGroup",201400,"Stop",0,201421,"completed","","C:/Users/roger/social_sim_unity/Assets\../Output/MetaActionFeatures\meta_features_scenario_035_join_group_Stop_rollout0_seed201421_pilot_50x7x2_scenario_035_join_group_Stop_rollout_0_20260701_174948_702.csv"
"pilot_50x7x2","scenario_035_join_group","join_group","JoinGroup",201400,"Stop",1,201422,"completed","","C:/Users/roger/social_sim_unity/Assets\../Output/MetaActionFeatures\meta_features_scenario_035_join_group_Stop_rollout1_seed201422_pilot_50x7x2_scenario_035_join_group_Stop_rollout_1_20260701_175002_231.csv"
"pilot_50x7x2","scenario_035_join_group","join_group","JoinGroup",201400,"Left",0,201431,"completed","","C:/Users/roger/social_sim_unity/Assets\../Output/MetaActionFeatures\meta_features_scenario_035_join_group_Left_rollout0_seed201431_pilot_50x7x2_scenario_035_join_group_Left_rollout_0_20260701_175015_385.csv"
"pilot_50x7x2","scenario_035_join_group","join_group","JoinGroup",201400,"Left",1,201432,"completed","","C:/Users/roger/social_sim_unity/Assets\../Output/MetaActionFeatures\meta_features_scenario_035_join_group_Left_rollout1_seed201432_pilot_50x7x2_scenario_035_join_group_Left_rollout_1_20260701_175028_658.csv"
"pilot_50x7x2","scenario_035_join_group","join_group","JoinGroup",201400,"Right",0,201441,"completed","","C:/Users/roger/social_sim_unity/Assets\../Output/MetaActionFeatures\meta_features_scenario_035_join_group_Right_rollout0_seed201441_pilot_50x7x2_scenario_035_join_group_Right_rollout_0_20260701_175042_716.csv"
"pilot_50x7x2","scenario_035_join_group","join_group","JoinGroup",201400,"Right",1,201442,"completed","","C:/Users/roger/social_sim_unity/Assets\../Output/MetaActionFeatures\meta_features_scenario_035_join_group_Right_rollout1_seed201442_pilot_50x7x2_scenario_035_join_group_Right_rollout_1_20260701_175056_089.csv"
"pilot_50x7x2","scenario_035_join_group","join_group","JoinGroup",201400,"ForwardLeft",0,201451,"completed","","C:/Users/roger/social_sim_unity/Assets\../Output/MetaActionFeatures\meta_features_scenario_035_join_group_ForwardLeft_rollout0_seed201451_pilot_50x7x2_scenario_035_join_group_ForwardLeft_rollout_0_20260701_175110_258.csv"
"pilot_50x7x2","scenario_035_join_group","join_group","JoinGroup",201400,"ForwardLeft",1,201452,"completed","","C:/Users/roger/social_sim_unity/Assets\../Output/MetaActionFeatures\meta_features_scenario_035_join_group_ForwardLeft_rollout1_seed201452_pilot_50x7x2_scenario_035_join_group_ForwardLeft_rollout_1_20260701_175123_439.csv"
"pilot_50x7x2","scenario_035_join_group","join_group","JoinGroup",201400,"ForwardRight",0,201461,"completed","","C:/Users/roger/social_sim_unity/Assets\../Output/MetaActionFeatures\meta_features_scenario_035_join_group_ForwardRight_rollout0_seed201461_pilot_50x7x2_scenario_035_join_group_ForwardRight_rollout_0_20260701_175136_537.csv"
"pilot_50x7x2","scenario_035_join_group","join_group","JoinGroup",201400,"ForwardRight",1,201462,"completed","","C:/Users/roger/social_sim_unity/Assets\../Output/MetaActionFeatures\meta_features_scenario_035_join_group_ForwardRight_rollout1_seed201462_pilot_50x7x2_scenario_035_join_group_ForwardRight_rollout_1_20260701_175149_663.csv"
"pilot_50x7x2","scenario_036_leave_group","leave_group","LeaveGroup",300000,"Straight",0,300001,"completed","","C:/Users/roger/social_sim_unity/Assets\../Output/MetaActionFeatures\meta_features_scenario_036_leave_group_Straight_rollout0_seed300001_pilot_50x7x2_scenario_036_leave_group_Straight_rollout_0_20260701_175207_077.csv"
"pilot_50x7x2","scenario_036_leave_group","leave_group","LeaveGroup",300000,"Straight",1,300002,"completed","","C:/Users/roger/social_sim_unity/Assets\../Output/MetaActionFeatures\meta_features_scenario_036_leave_group_Straight_rollout1_seed300002_pilot_50x7x2_scenario_036_leave_group_Straight_rollout_1_20260701_175220_227.csv"
"pilot_50x7x2","scenario_036_leave_group","leave_group","LeaveGroup",300000,"SlowDown",0,300011,"completed","","C:/Users/roger/social_sim_unity/Assets\../Output/MetaActionFeatures\meta_features_scenario_036_leave_group_SlowDown_rollout0_seed300011_pilot_50x7x2_scenario_036_leave_group_SlowDown_rollout_0_20260701_175233_348.csv"
"pilot_50x7x2","scenario_036_leave_group","leave_group","LeaveGroup",300000,"SlowDown",1,300012,"completed","","C:/Users/roger/social_sim_unity/Assets\../Output/MetaActionFeatures\meta_features_scenario_036_leave_group_SlowDown_rollout1_seed300012_pilot_50x7x2_scenario_036_leave_group_SlowDown_rollout_1_20260701_175246_807.csv"
"pilot_50x7x2","scenario_036_leave_group","leave_group","LeaveGroup",300000,"Stop",0,300021,"completed","","C:/Users/roger/social_sim_unity/Assets\../Output/MetaActionFeatures\meta_features_scenario_036_leave_group_Stop_rollout0_seed300021_pilot_50x7x2_scenario_036_leave_group_Stop_rollout_0_20260701_175300_413.csv"
"pilot_50x7x2","scenario_036_leave_group","leave_group","LeaveGroup",300000,"Stop",1,300022,"completed","","C:/Users/roger/social_sim_unity/Assets\../Output/MetaActionFeatures\meta_features_scenario_036_leave_group_Stop_rollout1_seed300022_pilot_50x7x2_scenario_036_leave_group_Stop_rollout_1_20260701_175313_545.csv"
"pilot_50x7x2","scenario_036_leave_group","leave_group","LeaveGroup",300000,"Left",0,300031,"completed","","C:/Users/roger/social_sim_unity/Assets\../Output/MetaActionFeatures\meta_features_scenario_036_leave_group_Left_rollout0_seed300031_pilot_50x7x2_scenario_036_leave_group_Left_rollout_0_20260701_175326_786.csv"
"pilot_50x7x2","scenario_036_leave_group","leave_group","LeaveGroup",300000,"Left",1,300032,"completed","","C:/Users/roger/social_sim_unity/Assets\../Output/MetaActionFeatures\meta_features_scenario_036_leave_group_Left_rollout1_seed300032_pilot_50x7x2_scenario_036_leave_group_Left_rollout_1_20260701_175339_963.csv"
"pilot_50x7x2","scenario_036_leave_group","leave_group","LeaveGroup",300000,"Right",0,300041,"completed","","C:/Users/roger/social_sim_unity/Assets\../Output/MetaActionFeatures\meta_features_scenario_036_leave_group_Right_rollout0_seed300041_pilot_50x7x2_scenario_036_leave_group_Right_rollout_0_20260701_175353_107.csv"
"pilot_50x7x2","scenario_036_leave_group","leave_group","LeaveGroup",300000,"Right",1,300042,"completed","","C:/Users/roger/social_sim_unity/Assets\../Output/MetaActionFeatures\meta_features_scenario_036_leave_group_Right_rollout1_seed300042_pilot_50x7x2_scenario_036_leave_group_Right_rollout_1_20260701_175406_628.csv"
"pilot_50x7x2","scenario_036_leave_group","leave_group","LeaveGroup",300000,"ForwardLeft",0,300051,"completed","","C:/Users/roger/social_sim_unity/Assets\../Output/MetaActionFeatures\meta_features_scenario_036_leave_group_ForwardLeft_rollout0_seed300051_pilot_50x7x2_scenario_036_leave_group_ForwardLeft_rollout_0_20260701_175420_212.csv"
"pilot_50x7x2","scenario_036_leave_group","leave_group","LeaveGroup",300000,"ForwardLeft",1,300052,"completed","","C:/Users/roger/social_sim_unity/Assets\../Output/MetaActionFeatures\meta_features_scenario_036_leave_group_ForwardLeft_rollout1_seed300052_pilot_50x7x2_scenario_036_leave_group_ForwardLeft_rollout_1_20260701_175433_309.csv"
"pilot_50x7x2","scenario_036_leave_group","leave_group","LeaveGroup",300000,"ForwardRight",0,300061,"completed","","C:/Users/roger/social_sim_unity/Assets\../Output/MetaActionFeatures\meta_features_scenario_036_leave_group_ForwardRight_rollout0_seed300061_pilot_50x7x2_scenario_036_leave_group_ForwardRight_rollout_0_20260701_175446_484.csv"
"pilot_50x7x2","scenario_036_leave_group","leave_group","LeaveGroup",300000,"ForwardRight",1,300062,"completed","","C:/Users/roger/social_sim_unity/Assets\../Output/MetaActionFeatures\meta_features_scenario_036_leave_group_ForwardRight_rollout1_seed300062_pilot_50x7x2_scenario_036_leave_group_ForwardRight_rollout_1_20260701_175459_676.csv"
"pilot_50x7x2","scenario_037_leave_group","leave_group","LeaveGroup",300100,"Straight",0,300101,"completed","","C:/Users/roger/social_sim_unity/Assets\../Output/MetaActionFeatures\meta_features_scenario_037_leave_group_Straight_rollout0_seed300101_pilot_50x7x2_scenario_037_leave_group_Straight_rollout_0_20260701_175516_923.csv"
"pilot_50x7x2","scenario_037_leave_group","leave_group","LeaveGroup",300100,"Straight",1,300102,"completed","","C:/Users/roger/social_sim_unity/Assets\../Output/MetaActionFeatures\meta_features_scenario_037_leave_group_Straight_rollout1_seed300102_pilot_50x7x2_scenario_037_leave_group_Straight_rollout_1_20260701_175530_268.csv"
"pilot_50x7x2","scenario_037_leave_group","leave_group","LeaveGroup",300100,"SlowDown",0,300111,"completed","","C:/Users/roger/social_sim_unity/Assets\../Output/MetaActionFeatures\meta_features_scenario_037_leave_group_SlowDown_rollout0_seed300111_pilot_50x7x2_scenario_037_leave_group_SlowDown_rollout_0_20260701_175543_405.csv"
"pilot_50x7x2","scenario_037_leave_group","leave_group","LeaveGroup",300100,"SlowDown",1,300112,"completed","","C:/Users/roger/social_sim_unity/Assets\../Output/MetaActionFeatures\meta_features_scenario_037_leave_group_SlowDown_rollout1_seed300112_pilot_50x7x2_scenario_037_leave_group_SlowDown_rollout_1_20260701_175556_486.csv"
"pilot_50x7x2","scenario_037_leave_group","leave_group","LeaveGroup",300100,"Stop",0,300121,"completed","","C:/Users/roger/social_sim_unity/Assets\../Output/MetaActionFeatures\meta_features_scenario_037_leave_group_Stop_rollout0_seed300121_pilot_50x7x2_scenario_037_leave_group_Stop_rollout_0_20260701_175609_686.csv"
"pilot_50x7x2","scenario_037_leave_group","leave_group","LeaveGroup",300100,"Stop",1,300122,"completed","","C:/Users/roger/social_sim_unity/Assets\../Output/MetaActionFeatures\meta_features_scenario_037_leave_group_Stop_rollout1_seed300122_pilot_50x7x2_scenario_037_leave_group_Stop_rollout_1_20260701_175622_810.csv"
"pilot_50x7x2","scenario_037_leave_group","leave_group","LeaveGroup",300100,"Left",0,300131,"completed","","C:/Users/roger/social_sim_unity/Assets\../Output/MetaActionFeatures\meta_features_scenario_037_leave_group_Left_rollout0_seed300131_pilot_50x7x2_scenario_037_leave_group_Left_rollout_0_20260701_175635_990.csv"
"pilot_50x7x2","scenario_037_leave_group","leave_group","LeaveGroup",300100,"Left",1,300132,"completed","","C:/Users/roger/social_sim_unity/Assets\../Output/MetaActionFeatures\meta_features_scenario_037_leave_group_Left_rollout1_seed300132_pilot_50x7x2_scenario_037_leave_group_Left_rollout_1_20260701_175649_221.csv"
"pilot_50x7x2","scenario_037_leave_group","leave_group","LeaveGroup",300100,"Right",0,300141,"completed","","C:/Users/roger/social_sim_unity/Assets\../Output/MetaActionFeatures\meta_features_scenario_037_leave_group_Right_rollout0_seed300141_pilot_50x7x2_scenario_037_leave_group_Right_rollout_0_20260701_175702_341.csv"
"pilot_50x7x2","scenario_037_leave_group","leave_group","LeaveGroup",300100,"Right",1,300142,"completed","","C:/Users/roger/social_sim_unity/Assets\../Output/MetaActionFeatures\meta_features_scenario_037_leave_group_Right_rollout1_seed300142_pilot_50x7x2_scenario_037_leave_group_Right_rollout_1_20260701_175716_115.csv"
"pilot_50x7x2","scenario_037_leave_group","leave_group","LeaveGroup",300100,"ForwardLeft",0,300151,"completed","","C:/Users/roger/social_sim_unity/Assets\../Output/MetaActionFeatures\meta_features_scenario_037_leave_group_ForwardLeft_rollout0_seed300151_pilot_50x7x2_scenario_037_leave_group_ForwardLeft_rollout_0_20260701_175729_240.csv"
"pilot_50x7x2","scenario_037_leave_group","leave_group","LeaveGroup",300100,"ForwardLeft",1,300152,"completed","","C:/Users/roger/social_sim_unity/Assets\../Output/MetaActionFeatures\meta_features_scenario_037_leave_group_ForwardLeft_rollout1_seed300152_pilot_50x7x2_scenario_037_leave_group_ForwardLeft_rollout_1_20260701_175742_383.csv"
"pilot_50x7x2","scenario_037_leave_group","leave_group","LeaveGroup",300100,"ForwardRight",0,300161,"completed","","C:/Users/roger/social_sim_unity/Assets\../Output/MetaActionFeatures\meta_features_scenario_037_leave_group_ForwardRight_rollout0_seed300161_pilot_50x7x2_scenario_037_leave_group_ForwardRight_rollout_0_20260701_175755_509.csv"
"pilot_50x7x2","scenario_037_leave_group","leave_group","LeaveGroup",300100,"ForwardRight",1,300162,"completed","","C:/Users/roger/social_sim_unity/Assets\../Output/MetaActionFeatures\meta_features_scenario_037_leave_group_ForwardRight_rollout1_seed300162_pilot_50x7x2_scenario_037_leave_group_ForwardRight_rollout_1_20260701_175808_662.csv"
"pilot_50x7x2","scenario_038_leave_group","leave_group","LeaveGroup",300200,"Straight",0,300201,"completed","","C:/Users/roger/social_sim_unity/Assets\../Output/MetaActionFeatures\meta_features_scenario_038_leave_group_Straight_rollout0_seed300201_pilot_50x7x2_scenario_038_leave_group_Straight_rollout_0_20260701_175826_236.csv"
"pilot_50x7x2","scenario_038_leave_group","leave_group","LeaveGroup",300200,"Straight",1,300202,"completed","","C:/Users/roger/social_sim_unity/Assets\../Output/MetaActionFeatures\meta_features_scenario_038_leave_group_Straight_rollout1_seed300202_pilot_50x7x2_scenario_038_leave_group_Straight_rollout_1_20260701_175839_383.csv"
"pilot_50x7x2","scenario_038_leave_group","leave_group","LeaveGroup",300200,"SlowDown",0,300211,"completed","","C:/Users/roger/social_sim_unity/Assets\../Output/MetaActionFeatures\meta_features_scenario_038_leave_group_SlowDown_rollout0_seed300211_pilot_50x7x2_scenario_038_leave_group_SlowDown_rollout_0_20260701_175852_993.csv"
"pilot_50x7x2","scenario_038_leave_group","leave_group","LeaveGroup",300200,"SlowDown",1,300212,"completed","","C:/Users/roger/social_sim_unity/Assets\../Output/MetaActionFeatures\meta_features_scenario_038_leave_group_SlowDown_rollout1_seed300212_pilot_50x7x2_scenario_038_leave_group_SlowDown_rollout_1_20260701_175906_102.csv"
"pilot_50x7x2","scenario_038_leave_group","leave_group","LeaveGroup",300200,"Stop",0,300221,"completed","","C:/Users/roger/social_sim_unity/Assets\../Output/MetaActionFeatures\meta_features_scenario_038_leave_group_Stop_rollout0_seed300221_pilot_50x7x2_scenario_038_leave_group_Stop_rollout_0_20260701_175919_372.csv"
"pilot_50x7x2","scenario_038_leave_group","leave_group","LeaveGroup",300200,"Stop",1,300222,"completed","","C:/Users/roger/social_sim_unity/Assets\../Output/MetaActionFeatures\meta_features_scenario_038_leave_group_Stop_rollout1_seed300222_pilot_50x7x2_scenario_038_leave_group_Stop_rollout_1_20260701_175932_525.csv"
"pilot_50x7x2","scenario_038_leave_group","leave_group","LeaveGroup",300200,"Left",0,300231,"completed","","C:/Users/roger/social_sim_unity/Assets\../Output/MetaActionFeatures\meta_features_scenario_038_leave_group_Left_rollout0_seed300231_pilot_50x7x2_scenario_038_leave_group_Left_rollout_0_20260701_175946_064.csv"
"pilot_50x7x2","scenario_038_leave_group","leave_group","LeaveGroup",300200,"Left",1,300232,"completed","","C:/Users/roger/social_sim_unity/Assets\../Output/MetaActionFeatures\meta_features_scenario_038_leave_group_Left_rollout1_seed300232_pilot_50x7x2_scenario_038_leave_group_Left_rollout_1_20260701_175959_258.csv"
"pilot_50x7x2","scenario_038_leave_group","leave_group","LeaveGroup",300200,"Right",0,300241,"completed","","C:/Users/roger/social_sim_unity/Assets\../Output/MetaActionFeatures\meta_features_scenario_038_leave_group_Right_rollout0_seed300241_pilot_50x7x2_scenario_038_leave_group_Right_rollout_0_20260701_180012_353.csv"
"pilot_50x7x2","scenario_038_leave_group","leave_group","LeaveGroup",300200,"Right",1,300242,"completed","","C:/Users/roger/social_sim_unity/Assets\../Output/MetaActionFeatures\meta_features_scenario_038_leave_group_Right_rollout1_seed300242_pilot_50x7x2_scenario_038_leave_group_Right_rollout_1_20260701_180025_473.csv"
"pilot_50x7x2","scenario_038_leave_group","leave_group","LeaveGroup",300200,"ForwardLeft",0,300251,"completed","","C:/Users/roger/social_sim_unity/Assets\../Output/MetaActionFeatures\meta_features_scenario_038_leave_group_ForwardLeft_rollout0_seed300251_pilot_50x7x2_scenario_038_leave_group_ForwardLeft_rollout_0_20260701_180039_054.csv"
"pilot_50x7x2","scenario_038_leave_group","leave_group","LeaveGroup",300200,"ForwardLeft",1,300252,"completed","","C:/Users/roger/social_sim_unity/Assets\../Output/MetaActionFeatures\meta_features_scenario_038_leave_group_ForwardLeft_rollout1_seed300252_pilot_50x7x2_scenario_038_leave_group_ForwardLeft_rollout_1_20260701_180052_432.csv"
"pilot_50x7x2","scenario_038_leave_group","leave_group","LeaveGroup",300200,"ForwardRight",0,300261,"completed","","C:/Users/roger/social_sim_unity/Assets\../Output/MetaActionFeatures\meta_features_scenario_038_leave_group_ForwardRight_rollout0_seed300261_pilot_50x7x2_scenario_038_leave_group_ForwardRight_rollout_0_20260701_180105_593.csv"
"pilot_50x7x2","scenario_038_leave_group","leave_group","LeaveGroup",300200,"ForwardRight",1,300262,"completed","","C:/Users/roger/social_sim_unity/Assets\../Output/MetaActionFeatures\meta_features_scenario_038_leave_group_ForwardRight_rollout1_seed300262_pilot_50x7x2_scenario_038_leave_group_ForwardRight_rollout_1_20260701_180118_773.csv"
"pilot_50x7x2","scenario_039_leave_group","leave_group","LeaveGroup",300300,"Straight",0,300301,"completed","","C:/Users/roger/social_sim_unity/Assets\../Output/MetaActionFeatures\meta_features_scenario_039_leave_group_Straight_rollout0_seed300301_pilot_50x7x2_scenario_039_leave_group_Straight_rollout_0_20260701_180136_357.csv"
"pilot_50x7x2","scenario_039_leave_group","leave_group","LeaveGroup",300300,"Straight",1,300302,"completed","","C:/Users/roger/social_sim_unity/Assets\../Output/MetaActionFeatures\meta_features_scenario_039_leave_group_Straight_rollout1_seed300302_pilot_50x7x2_scenario_039_leave_group_Straight_rollout_1_20260701_180149_711.csv"
"pilot_50x7x2","scenario_039_leave_group","leave_group","LeaveGroup",300300,"SlowDown",0,300311,"completed","","C:/Users/roger/social_sim_unity/Assets\../Output/MetaActionFeatures\meta_features_scenario_039_leave_group_SlowDown_rollout0_seed300311_pilot_50x7x2_scenario_039_leave_group_SlowDown_rollout_0_20260701_180202_911.csv"
"pilot_50x7x2","scenario_039_leave_group","leave_group","LeaveGroup",300300,"SlowDown",1,300312,"completed","","C:/Users/roger/social_sim_unity/Assets\../Output/MetaActionFeatures\meta_features_scenario_039_leave_group_SlowDown_rollout1_seed300312_pilot_50x7x2_scenario_039_leave_group_SlowDown_rollout_1_20260701_180216_453.csv"
"pilot_50x7x2","scenario_039_leave_group","leave_group","LeaveGroup",300300,"Stop",0,300321,"completed","","C:/Users/roger/social_sim_unity/Assets\../Output/MetaActionFeatures\meta_features_scenario_039_leave_group_Stop_rollout0_seed300321_pilot_50x7x2_scenario_039_leave_group_Stop_rollout_0_20260701_180229_586.csv"
"pilot_50x7x2","scenario_039_leave_group","leave_group","LeaveGroup",300300,"Stop",1,300322,"completed","","C:/Users/roger/social_sim_unity/Assets\../Output/MetaActionFeatures\meta_features_scenario_039_leave_group_Stop_rollout1_seed300322_pilot_50x7x2_scenario_039_leave_group_Stop_rollout_1_20260701_180242_742.csv"
"pilot_50x7x2","scenario_039_leave_group","leave_group","LeaveGroup",300300,"Left",0,300331,"completed","","C:/Users/roger/social_sim_unity/Assets\../Output/MetaActionFeatures\meta_features_scenario_039_leave_group_Left_rollout0_seed300331_pilot_50x7x2_scenario_039_leave_group_Left_rollout_0_20260701_180255_878.csv"
"pilot_50x7x2","scenario_039_leave_group","leave_group","LeaveGroup",300300,"Left",1,300332,"completed","","C:/Users/roger/social_sim_unity/Assets\../Output/MetaActionFeatures\meta_features_scenario_039_leave_group_Left_rollout1_seed300332_pilot_50x7x2_scenario_039_leave_group_Left_rollout_1_20260701_180309_219.csv"
"pilot_50x7x2","scenario_039_leave_group","leave_group","LeaveGroup",300300,"Right",0,300341,"completed","","C:/Users/roger/social_sim_unity/Assets\../Output/MetaActionFeatures\meta_features_scenario_039_leave_group_Right_rollout0_seed300341_pilot_50x7x2_scenario_039_leave_group_Right_rollout_0_20260701_180322_307.csv"
"pilot_50x7x2","scenario_039_leave_group","leave_group","LeaveGroup",300300,"Right",1,300342,"completed","","C:/Users/roger/social_sim_unity/Assets\../Output/MetaActionFeatures\meta_features_scenario_039_leave_group_Right_rollout1_seed300342_pilot_50x7x2_scenario_039_leave_group_Right_rollout_1_20260701_180335_433.csv"
"pilot_50x7x2","scenario_039_leave_group","leave_group","LeaveGroup",300300,"ForwardLeft",0,300351,"completed","","C:/Users/roger/social_sim_unity/Assets\../Output/MetaActionFeatures\meta_features_scenario_039_leave_group_ForwardLeft_rollout0_seed300351_pilot_50x7x2_scenario_039_leave_group_ForwardLeft_rollout_0_20260701_180349_160.csv"
"pilot_50x7x2","scenario_039_leave_group","leave_group","LeaveGroup",300300,"ForwardLeft",1,300352,"completed","","C:/Users/roger/social_sim_unity/Assets\../Output/MetaActionFeatures\meta_features_scenario_039_leave_group_ForwardLeft_rollout1_seed300352_pilot_50x7x2_scenario_039_leave_group_ForwardLeft_rollout_1_20260701_180402_272.csv"
"pilot_50x7x2","scenario_039_leave_group","leave_group","LeaveGroup",300300,"ForwardRight",0,300361,"completed","","C:/Users/roger/social_sim_unity/Assets\../Output/MetaActionFeatures\meta_features_scenario_039_leave_group_ForwardRight_rollout0_seed300361_pilot_50x7x2_scenario_039_leave_group_ForwardRight_rollout_0_20260701_180415_535.csv"
"pilot_50x7x2","scenario_039_leave_group","leave_group","LeaveGroup",300300,"ForwardRight",1,300362,"completed","","C:/Users/roger/social_sim_unity/Assets\../Output/MetaActionFeatures\meta_features_scenario_039_leave_group_ForwardRight_rollout1_seed300362_pilot_50x7x2_scenario_039_leave_group_ForwardRight_rollout_1_20260701_180428_729.csv"
"pilot_50x7x2","scenario_040_leave_group","leave_group","LeaveGroup",300400,"Straight",0,300401,"completed","","C:/Users/roger/social_sim_unity/Assets\../Output/MetaActionFeatures\meta_features_scenario_040_leave_group_Straight_rollout0_seed300401_pilot_50x7x2_scenario_040_leave_group_Straight_rollout_0_20260701_180446_046.csv"
"pilot_50x7x2","scenario_040_leave_group","leave_group","LeaveGroup",300400,"Straight",1,300402,"completed","","C:/Users/roger/social_sim_unity/Assets\../Output/MetaActionFeatures\meta_features_scenario_040_leave_group_Straight_rollout1_seed300402_pilot_50x7x2_scenario_040_leave_group_Straight_rollout_1_20260701_180459_156.csv"
"pilot_50x7x2","scenario_040_leave_group","leave_group","LeaveGroup",300400,"SlowDown",0,300411,"completed","","C:/Users/roger/social_sim_unity/Assets\../Output/MetaActionFeatures\meta_features_scenario_040_leave_group_SlowDown_rollout0_seed300411_pilot_50x7x2_scenario_040_leave_group_SlowDown_rollout_0_20260701_180512_315.csv"
"pilot_50x7x2","scenario_040_leave_group","leave_group","LeaveGroup",300400,"SlowDown",1,300412,"completed","","C:/Users/roger/social_sim_unity/Assets\../Output/MetaActionFeatures\meta_features_scenario_040_leave_group_SlowDown_rollout1_seed300412_pilot_50x7x2_scenario_040_leave_group_SlowDown_rollout_1_20260701_180525_822.csv"
"pilot_50x7x2","scenario_040_leave_group","leave_group","LeaveGroup",300400,"Stop",0,300421,"completed","","C:/Users/roger/social_sim_unity/Assets\../Output/MetaActionFeatures\meta_features_scenario_040_leave_group_Stop_rollout0_seed300421_pilot_50x7x2_scenario_040_leave_group_Stop_rollout_0_20260701_180538_963.csv"
"pilot_50x7x2","scenario_040_leave_group","leave_group","LeaveGroup",300400,"Stop",1,300422,"completed","","C:/Users/roger/social_sim_unity/Assets\../Output/MetaActionFeatures\meta_features_scenario_040_leave_group_Stop_rollout1_seed300422_pilot_50x7x2_scenario_040_leave_group_Stop_rollout_1_20260701_180552_047.csv"
"pilot_50x7x2","scenario_040_leave_group","leave_group","LeaveGroup",300400,"Left",0,300431,"completed","","C:/Users/roger/social_sim_unity/Assets\../Output/MetaActionFeatures\meta_features_scenario_040_leave_group_Left_rollout0_seed300431_pilot_50x7x2_scenario_040_leave_group_Left_rollout_0_20260701_180605_174.csv"
"pilot_50x7x2","scenario_040_leave_group","leave_group","LeaveGroup",300400,"Left",1,300432,"completed","","C:/Users/roger/social_sim_unity/Assets\../Output/MetaActionFeatures\meta_features_scenario_040_leave_group_Left_rollout1_seed300432_pilot_50x7x2_scenario_040_leave_group_Left_rollout_1_20260701_180618_310.csv"
"pilot_50x7x2","scenario_040_leave_group","leave_group","LeaveGroup",300400,"Right",0,300441,"completed","","C:/Users/roger/social_sim_unity/Assets\../Output/MetaActionFeatures\meta_features_scenario_040_leave_group_Right_rollout0_seed300441_pilot_50x7x2_scenario_040_leave_group_Right_rollout_0_20260701_180631_484.csv"
"pilot_50x7x2","scenario_040_leave_group","leave_group","LeaveGroup",300400,"Right",1,300442,"completed","","C:/Users/roger/social_sim_unity/Assets\../Output/MetaActionFeatures\meta_features_scenario_040_leave_group_Right_rollout1_seed300442_pilot_50x7x2_scenario_040_leave_group_Right_rollout_1_20260701_180645_010.csv"
"pilot_50x7x2","scenario_040_leave_group","leave_group","LeaveGroup",300400,"ForwardLeft",0,300451,"completed","","C:/Users/roger/social_sim_unity/Assets\../Output/MetaActionFeatures\meta_features_scenario_040_leave_group_ForwardLeft_rollout0_seed300451_pilot_50x7x2_scenario_040_leave_group_ForwardLeft_rollout_0_20260701_180658_040.csv"
"pilot_50x7x2","scenario_040_leave_group","leave_group","LeaveGroup",300400,"ForwardLeft",1,300452,"completed","","C:/Users/roger/social_sim_unity/Assets\../Output/MetaActionFeatures\meta_features_scenario_040_leave_group_ForwardLeft_rollout1_seed300452_pilot_50x7x2_scenario_040_leave_group_ForwardLeft_rollout_1_20260701_180711_676.csv"
"pilot_50x7x2","scenario_040_leave_group","leave_group","LeaveGroup",300400,"ForwardRight",0,300461,"completed","","C:/Users/roger/social_sim_unity/Assets\../Output/MetaActionFeatures\meta_features_scenario_040_leave_group_ForwardRight_rollout0_seed300461_pilot_50x7x2_scenario_040_leave_group_ForwardRight_rollout_0_20260701_180724_803.csv"
"pilot_50x7x2","scenario_040_leave_group","leave_group","LeaveGroup",300400,"ForwardRight",1,300462,"completed","","C:/Users/roger/social_sim_unity/Assets\../Output/MetaActionFeatures\meta_features_scenario_040_leave_group_ForwardRight_rollout1_seed300462_pilot_50x7x2_scenario_040_leave_group_ForwardRight_rollout_1_20260701_180737_884.csv"
"pilot_50x7x2","scenario_041_leave_group","leave_group","LeaveGroup",300500,"Straight",0,300501,"completed","","C:/Users/roger/social_sim_unity/Assets\../Output/MetaActionFeatures\meta_features_scenario_041_leave_group_Straight_rollout0_seed300501_pilot_50x7x2_scenario_041_leave_group_Straight_rollout_0_20260701_180755_194.csv"
"pilot_50x7x2","scenario_041_leave_group","leave_group","LeaveGroup",300500,"Straight",1,300502,"completed","","C:/Users/roger/social_sim_unity/Assets\../Output/MetaActionFeatures\meta_features_scenario_041_leave_group_Straight_rollout1_seed300502_pilot_50x7x2_scenario_041_leave_group_Straight_rollout_1_20260701_180808_288.csv"
"pilot_50x7x2","scenario_041_leave_group","leave_group","LeaveGroup",300500,"SlowDown",0,300511,"completed","","C:/Users/roger/social_sim_unity/Assets\../Output/MetaActionFeatures\meta_features_scenario_041_leave_group_SlowDown_rollout0_seed300511_pilot_50x7x2_scenario_041_leave_group_SlowDown_rollout_0_20260701_180821_365.csv"
"pilot_50x7x2","scenario_041_leave_group","leave_group","LeaveGroup",300500,"SlowDown",1,300512,"completed","","C:/Users/roger/social_sim_unity/Assets\../Output/MetaActionFeatures\meta_features_scenario_041_leave_group_SlowDown_rollout1_seed300512_pilot_50x7x2_scenario_041_leave_group_SlowDown_rollout_1_20260701_180834_472.csv"
"pilot_50x7x2","scenario_041_leave_group","leave_group","LeaveGroup",300500,"Stop",0,300521,"completed","","C:/Users/roger/social_sim_unity/Assets\../Output/MetaActionFeatures\meta_features_scenario_041_leave_group_Stop_rollout0_seed300521_pilot_50x7x2_scenario_041_leave_group_Stop_rollout_0_20260701_180848_160.csv"
"pilot_50x7x2","scenario_041_leave_group","leave_group","LeaveGroup",300500,"Stop",1,300522,"completed","","C:/Users/roger/social_sim_unity/Assets\../Output/MetaActionFeatures\meta_features_scenario_041_leave_group_Stop_rollout1_seed300522_pilot_50x7x2_scenario_041_leave_group_Stop_rollout_1_20260701_180901_262.csv"
"pilot_50x7x2","scenario_041_leave_group","leave_group","LeaveGroup",300500,"Left",0,300531,"completed","","C:/Users/roger/social_sim_unity/Assets\../Output/MetaActionFeatures\meta_features_scenario_041_leave_group_Left_rollout0_seed300531_pilot_50x7x2_scenario_041_leave_group_Left_rollout_0_20260701_180914_345.csv"
"pilot_50x7x2","scenario_041_leave_group","leave_group","LeaveGroup",300500,"Left",1,300532,"completed","","C:/Users/roger/social_sim_unity/Assets\../Output/MetaActionFeatures\meta_features_scenario_041_leave_group_Left_rollout1_seed300532_pilot_50x7x2_scenario_041_leave_group_Left_rollout_1_20260701_180927_463.csv"
"pilot_50x7x2","scenario_041_leave_group","leave_group","LeaveGroup",300500,"Right",0,300541,"completed","","C:/Users/roger/social_sim_unity/Assets\../Output/MetaActionFeatures\meta_features_scenario_041_leave_group_Right_rollout0_seed300541_pilot_50x7x2_scenario_041_leave_group_Right_rollout_0_20260701_180940_663.csv"
"pilot_50x7x2","scenario_041_leave_group","leave_group","LeaveGroup",300500,"Right",1,300542,"completed","","C:/Users/roger/social_sim_unity/Assets\../Output/MetaActionFeatures\meta_features_scenario_041_leave_group_Right_rollout1_seed300542_pilot_50x7x2_scenario_041_leave_group_Right_rollout_1_20260701_180953_895.csv"
"pilot_50x7x2","scenario_041_leave_group","leave_group","LeaveGroup",300500,"ForwardLeft",0,300551,"completed","","C:/Users/roger/social_sim_unity/Assets\../Output/MetaActionFeatures\meta_features_scenario_041_leave_group_ForwardLeft_rollout0_seed300551_pilot_50x7x2_scenario_041_leave_group_ForwardLeft_rollout_0_20260701_181007_417.csv"
"pilot_50x7x2","scenario_041_leave_group","leave_group","LeaveGroup",300500,"ForwardLeft",1,300552,"completed","","C:/Users/roger/social_sim_unity/Assets\../Output/MetaActionFeatures\meta_features_scenario_041_leave_group_ForwardLeft_rollout1_seed300552_pilot_50x7x2_scenario_041_leave_group_ForwardLeft_rollout_1_20260701_181020_486.csv"
"pilot_50x7x2","scenario_041_leave_group","leave_group","LeaveGroup",300500,"ForwardRight",0,300561,"completed","","C:/Users/roger/social_sim_unity/Assets\../Output/MetaActionFeatures\meta_features_scenario_041_leave_group_ForwardRight_rollout0_seed300561_pilot_50x7x2_scenario_041_leave_group_ForwardRight_rollout_0_20260701_181033_614.csv"
"pilot_50x7x2","scenario_041_leave_group","leave_group","LeaveGroup",300500,"ForwardRight",1,300562,"completed","","C:/Users/roger/social_sim_unity/Assets\../Output/MetaActionFeatures\meta_features_scenario_041_leave_group_ForwardRight_rollout1_seed300562_pilot_50x7x2_scenario_041_leave_group_ForwardRight_rollout_1_20260701_181046_764.csv"
"pilot_50x7x2","scenario_042_leave_group","leave_group","LeaveGroup",300600,"Straight",0,300601,"completed","","C:/Users/roger/social_sim_unity/Assets\../Output/MetaActionFeatures\meta_features_scenario_042_leave_group_Straight_rollout0_seed300601_pilot_50x7x2_scenario_042_leave_group_Straight_rollout_0_20260701_181103_988.csv"
"pilot_50x7x2","scenario_042_leave_group","leave_group","LeaveGroup",300600,"Straight",1,300602,"completed","","C:/Users/roger/social_sim_unity/Assets\../Output/MetaActionFeatures\meta_features_scenario_042_leave_group_Straight_rollout1_seed300602_pilot_50x7x2_scenario_042_leave_group_Straight_rollout_1_20260701_181117_153.csv"
"pilot_50x7x2","scenario_042_leave_group","leave_group","LeaveGroup",300600,"SlowDown",0,300611,"completed","","C:/Users/roger/social_sim_unity/Assets\../Output/MetaActionFeatures\meta_features_scenario_042_leave_group_SlowDown_rollout0_seed300611_pilot_50x7x2_scenario_042_leave_group_SlowDown_rollout_0_20260701_181130_415.csv"
"pilot_50x7x2","scenario_042_leave_group","leave_group","LeaveGroup",300600,"SlowDown",1,300612,"completed","","C:/Users/roger/social_sim_unity/Assets\../Output/MetaActionFeatures\meta_features_scenario_042_leave_group_SlowDown_rollout1_seed300612_pilot_50x7x2_scenario_042_leave_group_SlowDown_rollout_1_20260701_181143_849.csv"
"pilot_50x7x2","scenario_042_leave_group","leave_group","LeaveGroup",300600,"Stop",0,300621,"completed","","C:/Users/roger/social_sim_unity/Assets\../Output/MetaActionFeatures\meta_features_scenario_042_leave_group_Stop_rollout0_seed300621_pilot_50x7x2_scenario_042_leave_group_Stop_rollout_0_20260701_181157_035.csv"
"pilot_50x7x2","scenario_042_leave_group","leave_group","LeaveGroup",300600,"Stop",1,300622,"completed","","C:/Users/roger/social_sim_unity/Assets\../Output/MetaActionFeatures\meta_features_scenario_042_leave_group_Stop_rollout1_seed300622_pilot_50x7x2_scenario_042_leave_group_Stop_rollout_1_20260701_181210_139.csv"
"pilot_50x7x2","scenario_042_leave_group","leave_group","LeaveGroup",300600,"Left",0,300631,"completed","","C:/Users/roger/social_sim_unity/Assets\../Output/MetaActionFeatures\meta_features_scenario_042_leave_group_Left_rollout0_seed300631_pilot_50x7x2_scenario_042_leave_group_Left_rollout_0_20260701_181223_261.csv"
"pilot_50x7x2","scenario_042_leave_group","leave_group","LeaveGroup",300600,"Left",1,300632,"completed","","C:/Users/roger/social_sim_unity/Assets\../Output/MetaActionFeatures\meta_features_scenario_042_leave_group_Left_rollout1_seed300632_pilot_50x7x2_scenario_042_leave_group_Left_rollout_1_20260701_181236_409.csv"
"pilot_50x7x2","scenario_042_leave_group","leave_group","LeaveGroup",300600,"Right",0,300641,"completed","","C:/Users/roger/social_sim_unity/Assets\../Output/MetaActionFeatures\meta_features_scenario_042_leave_group_Right_rollout0_seed300641_pilot_50x7x2_scenario_042_leave_group_Right_rollout_0_20260701_181249_574.csv"
"pilot_50x7x2","scenario_042_leave_group","leave_group","LeaveGroup",300600,"Right",1,300642,"completed","","C:/Users/roger/social_sim_unity/Assets\../Output/MetaActionFeatures\meta_features_scenario_042_leave_group_Right_rollout1_seed300642_pilot_50x7x2_scenario_042_leave_group_Right_rollout_1_20260701_181302_745.csv"
"pilot_50x7x2","scenario_042_leave_group","leave_group","LeaveGroup",300600,"ForwardLeft",0,300651,"completed","","C:/Users/roger/social_sim_unity/Assets\../Output/MetaActionFeatures\meta_features_scenario_042_leave_group_ForwardLeft_rollout0_seed300651_pilot_50x7x2_scenario_042_leave_group_ForwardLeft_rollout_0_20260701_181316_481.csv"
"pilot_50x7x2","scenario_042_leave_group","leave_group","LeaveGroup",300600,"ForwardLeft",1,300652,"completed","","C:/Users/roger/social_sim_unity/Assets\../Output/MetaActionFeatures\meta_features_scenario_042_leave_group_ForwardLeft_rollout1_seed300652_pilot_50x7x2_scenario_042_leave_group_ForwardLeft_rollout_1_20260701_181329_615.csv"
"pilot_50x7x2","scenario_042_leave_group","leave_group","LeaveGroup",300600,"ForwardRight",0,300661,"completed","","C:/Users/roger/social_sim_unity/Assets\../Output/MetaActionFeatures\meta_features_scenario_042_leave_group_ForwardRight_rollout0_seed300661_pilot_50x7x2_scenario_042_leave_group_ForwardRight_rollout_0_20260701_181342_739.csv"
"pilot_50x7x2","scenario_042_leave_group","leave_group","LeaveGroup",300600,"ForwardRight",1,300662,"completed","","C:/Users/roger/social_sim_unity/Assets\../Output/MetaActionFeatures\meta_features_scenario_042_leave_group_ForwardRight_rollout1_seed300662_pilot_50x7x2_scenario_042_leave_group_ForwardRight_rollout_1_20260701_181355_966.csv"
"pilot_50x7x2","scenario_043_leave_group","leave_group","LeaveGroup",300700,"Straight",0,300701,"completed","","C:/Users/roger/social_sim_unity/Assets\../Output/MetaActionFeatures\meta_features_scenario_043_leave_group_Straight_rollout0_seed300701_pilot_50x7x2_scenario_043_leave_group_Straight_rollout_0_20260701_181413_193.csv"
"pilot_50x7x2","scenario_043_leave_group","leave_group","LeaveGroup",300700,"Straight",1,300702,"completed","","C:/Users/roger/social_sim_unity/Assets\../Output/MetaActionFeatures\meta_features_scenario_043_leave_group_Straight_rollout1_seed300702_pilot_50x7x2_scenario_043_leave_group_Straight_rollout_1_20260701_181427_937.csv"
"pilot_50x7x2","scenario_043_leave_group","leave_group","LeaveGroup",300700,"SlowDown",0,300711,"completed","","C:/Users/roger/social_sim_unity/Assets\../Output/MetaActionFeatures\meta_features_scenario_043_leave_group_SlowDown_rollout0_seed300711_pilot_50x7x2_scenario_043_leave_group_SlowDown_rollout_0_20260701_181441_071.csv"
"pilot_50x7x2","scenario_043_leave_group","leave_group","LeaveGroup",300700,"SlowDown",1,300712,"completed","","C:/Users/roger/social_sim_unity/Assets\../Output/MetaActionFeatures\meta_features_scenario_043_leave_group_SlowDown_rollout1_seed300712_pilot_50x7x2_scenario_043_leave_group_SlowDown_rollout_1_20260701_181454_742.csv"
"pilot_50x7x2","scenario_043_leave_group","leave_group","LeaveGroup",300700,"Stop",0,300721,"completed","","C:/Users/roger/social_sim_unity/Assets\../Output/MetaActionFeatures\meta_features_scenario_043_leave_group_Stop_rollout0_seed300721_pilot_50x7x2_scenario_043_leave_group_Stop_rollout_0_20260701_181508_068.csv"
"pilot_50x7x2","scenario_043_leave_group","leave_group","LeaveGroup",300700,"Stop",1,300722,"completed","","C:/Users/roger/social_sim_unity/Assets\../Output/MetaActionFeatures\meta_features_scenario_043_leave_group_Stop_rollout1_seed300722_pilot_50x7x2_scenario_043_leave_group_Stop_rollout_1_20260701_181521_178.csv"
"pilot_50x7x2","scenario_043_leave_group","leave_group","LeaveGroup",300700,"Left",0,300731,"completed","","C:/Users/roger/social_sim_unity/Assets\../Output/MetaActionFeatures\meta_features_scenario_043_leave_group_Left_rollout0_seed300731_pilot_50x7x2_scenario_043_leave_group_Left_rollout_0_20260701_181534_487.csv"
"pilot_50x7x2","scenario_043_leave_group","leave_group","LeaveGroup",300700,"Left",1,300732,"completed","","C:/Users/roger/social_sim_unity/Assets\../Output/MetaActionFeatures\meta_features_scenario_043_leave_group_Left_rollout1_seed300732_pilot_50x7x2_scenario_043_leave_group_Left_rollout_1_20260701_181547_662.csv"
"pilot_50x7x2","scenario_043_leave_group","leave_group","LeaveGroup",300700,"Right",0,300741,"completed","","C:/Users/roger/social_sim_unity/Assets\../Output/MetaActionFeatures\meta_features_scenario_043_leave_group_Right_rollout0_seed300741_pilot_50x7x2_scenario_043_leave_group_Right_rollout_0_20260701_181600_901.csv"
"pilot_50x7x2","scenario_043_leave_group","leave_group","LeaveGroup",300700,"Right",1,300742,"completed","","C:/Users/roger/social_sim_unity/Assets\../Output/MetaActionFeatures\meta_features_scenario_043_leave_group_Right_rollout1_seed300742_pilot_50x7x2_scenario_043_leave_group_Right_rollout_1_20260701_181614_020.csv"
"pilot_50x7x2","scenario_043_leave_group","leave_group","LeaveGroup",300700,"ForwardLeft",0,300751,"completed","","C:/Users/roger/social_sim_unity/Assets\../Output/MetaActionFeatures\meta_features_scenario_043_leave_group_ForwardLeft_rollout0_seed300751_pilot_50x7x2_scenario_043_leave_group_ForwardLeft_rollout_0_20260701_181627_134.csv"
"pilot_50x7x2","scenario_043_leave_group","leave_group","LeaveGroup",300700,"ForwardLeft",1,300752,"completed","","C:/Users/roger/social_sim_unity/Assets\../Output/MetaActionFeatures\meta_features_scenario_043_leave_group_ForwardLeft_rollout1_seed300752_pilot_50x7x2_scenario_043_leave_group_ForwardLeft_rollout_1_20260701_181641_120.csv"
"pilot_50x7x2","scenario_043_leave_group","leave_group","LeaveGroup",300700,"ForwardRight",0,300761,"completed","","C:/Users/roger/social_sim_unity/Assets\../Output/MetaActionFeatures\meta_features_scenario_043_leave_group_ForwardRight_rollout0_seed300761_pilot_50x7x2_scenario_043_leave_group_ForwardRight_rollout_0_20260701_181654_220.csv"
"pilot_50x7x2","scenario_043_leave_group","leave_group","LeaveGroup",300700,"ForwardRight",1,300762,"completed","","C:/Users/roger/social_sim_unity/Assets\../Output/MetaActionFeatures\meta_features_scenario_043_leave_group_ForwardRight_rollout1_seed300762_pilot_50x7x2_scenario_043_leave_group_ForwardRight_rollout_1_20260701_181707_325.csv"
"pilot_50x7x2","scenario_044_leave_group","leave_group","LeaveGroup",300800,"Straight",0,300801,"completed","","C:/Users/roger/social_sim_unity/Assets\../Output/MetaActionFeatures\meta_features_scenario_044_leave_group_Straight_rollout0_seed300801_pilot_50x7x2_scenario_044_leave_group_Straight_rollout_0_20260701_181724_489.csv"
"pilot_50x7x2","scenario_044_leave_group","leave_group","LeaveGroup",300800,"Straight",1,300802,"completed","","C:/Users/roger/social_sim_unity/Assets\../Output/MetaActionFeatures\meta_features_scenario_044_leave_group_Straight_rollout1_seed300802_pilot_50x7x2_scenario_044_leave_group_Straight_rollout_1_20260701_181737_658.csv"
"pilot_50x7x2","scenario_044_leave_group","leave_group","LeaveGroup",300800,"SlowDown",0,300811,"completed","","C:/Users/roger/social_sim_unity/Assets\../Output/MetaActionFeatures\meta_features_scenario_044_leave_group_SlowDown_rollout0_seed300811_pilot_50x7x2_scenario_044_leave_group_SlowDown_rollout_0_20260701_181750_748.csv"
"pilot_50x7x2","scenario_044_leave_group","leave_group","LeaveGroup",300800,"SlowDown",1,300812,"completed","","C:/Users/roger/social_sim_unity/Assets\../Output/MetaActionFeatures\meta_features_scenario_044_leave_group_SlowDown_rollout1_seed300812_pilot_50x7x2_scenario_044_leave_group_SlowDown_rollout_1_20260701_181803_898.csv"
"pilot_50x7x2","scenario_044_leave_group","leave_group","LeaveGroup",300800,"Stop",0,300821,"completed","","C:/Users/roger/social_sim_unity/Assets\../Output/MetaActionFeatures\meta_features_scenario_044_leave_group_Stop_rollout0_seed300821_pilot_50x7x2_scenario_044_leave_group_Stop_rollout_0_20260701_181817_548.csv"
"pilot_50x7x2","scenario_044_leave_group","leave_group","LeaveGroup",300800,"Stop",1,300822,"completed","","C:/Users/roger/social_sim_unity/Assets\../Output/MetaActionFeatures\meta_features_scenario_044_leave_group_Stop_rollout1_seed300822_pilot_50x7x2_scenario_044_leave_group_Stop_rollout_1_20260701_181830_723.csv"
"pilot_50x7x2","scenario_044_leave_group","leave_group","LeaveGroup",300800,"Left",0,300831,"completed","","C:/Users/roger/social_sim_unity/Assets\../Output/MetaActionFeatures\meta_features_scenario_044_leave_group_Left_rollout0_seed300831_pilot_50x7x2_scenario_044_leave_group_Left_rollout_0_20260701_181843_819.csv"
"pilot_50x7x2","scenario_044_leave_group","leave_group","LeaveGroup",300800,"Left",1,300832,"completed","","C:/Users/roger/social_sim_unity/Assets\../Output/MetaActionFeatures\meta_features_scenario_044_leave_group_Left_rollout1_seed300832_pilot_50x7x2_scenario_044_leave_group_Left_rollout_1_20260701_181857_075.csv"
"pilot_50x7x2","scenario_044_leave_group","leave_group","LeaveGroup",300800,"Right",0,300841,"completed","","C:/Users/roger/social_sim_unity/Assets\../Output/MetaActionFeatures\meta_features_scenario_044_leave_group_Right_rollout0_seed300841_pilot_50x7x2_scenario_044_leave_group_Right_rollout_0_20260701_181910_180.csv"
"pilot_50x7x2","scenario_044_leave_group","leave_group","LeaveGroup",300800,"Right",1,300842,"completed","","C:/Users/roger/social_sim_unity/Assets\../Output/MetaActionFeatures\meta_features_scenario_044_leave_group_Right_rollout1_seed300842_pilot_50x7x2_scenario_044_leave_group_Right_rollout_1_20260701_181923_347.csv"
"pilot_50x7x2","scenario_044_leave_group","leave_group","LeaveGroup",300800,"ForwardLeft",0,300851,"completed","","C:/Users/roger/social_sim_unity/Assets\../Output/MetaActionFeatures\meta_features_scenario_044_leave_group_ForwardLeft_rollout0_seed300851_pilot_50x7x2_scenario_044_leave_group_ForwardLeft_rollout_0_20260701_181936_443.csv"
"pilot_50x7x2","scenario_044_leave_group","leave_group","LeaveGroup",300800,"ForwardLeft",1,300852,"completed","","C:/Users/roger/social_sim_unity/Assets\../Output/MetaActionFeatures\meta_features_scenario_044_leave_group_ForwardLeft_rollout1_seed300852_pilot_50x7x2_scenario_044_leave_group_ForwardLeft_rollout_1_20260701_181950_226.csv"
"pilot_50x7x2","scenario_044_leave_group","leave_group","LeaveGroup",300800,"ForwardRight",0,300861,"completed","","C:/Users/roger/social_sim_unity/Assets\../Output/MetaActionFeatures\meta_features_scenario_044_leave_group_ForwardRight_rollout0_seed300861_pilot_50x7x2_scenario_044_leave_group_ForwardRight_rollout_0_20260701_182003_479.csv"
"pilot_50x7x2","scenario_044_leave_group","leave_group","LeaveGroup",300800,"ForwardRight",1,300862,"completed","","C:/Users/roger/social_sim_unity/Assets\../Output/MetaActionFeatures\meta_features_scenario_044_leave_group_ForwardRight_rollout1_seed300862_pilot_50x7x2_scenario_044_leave_group_ForwardRight_rollout_1_20260701_182016_619.csv"
"pilot_50x7x2","scenario_045_leave_group","leave_group","LeaveGroup",300900,"Straight",0,300901,"completed","","C:/Users/roger/social_sim_unity/Assets\../Output/MetaActionFeatures\meta_features_scenario_045_leave_group_Straight_rollout0_seed300901_pilot_50x7x2_scenario_045_leave_group_Straight_rollout_0_20260701_182033_935.csv"
"pilot_50x7x2","scenario_045_leave_group","leave_group","LeaveGroup",300900,"Straight",1,300902,"completed","","C:/Users/roger/social_sim_unity/Assets\../Output/MetaActionFeatures\meta_features_scenario_045_leave_group_Straight_rollout1_seed300902_pilot_50x7x2_scenario_045_leave_group_Straight_rollout_1_20260701_182047_389.csv"
"pilot_50x7x2","scenario_045_leave_group","leave_group","LeaveGroup",300900,"SlowDown",0,300911,"completed","","C:/Users/roger/social_sim_unity/Assets\../Output/MetaActionFeatures\meta_features_scenario_045_leave_group_SlowDown_rollout0_seed300911_pilot_50x7x2_scenario_045_leave_group_SlowDown_rollout_0_20260701_182100_354.csv"
"pilot_50x7x2","scenario_045_leave_group","leave_group","LeaveGroup",300900,"SlowDown",1,300912,"completed","","C:/Users/roger/social_sim_unity/Assets\../Output/MetaActionFeatures\meta_features_scenario_045_leave_group_SlowDown_rollout1_seed300912_pilot_50x7x2_scenario_045_leave_group_SlowDown_rollout_1_20260701_182114_186.csv"
"pilot_50x7x2","scenario_045_leave_group","leave_group","LeaveGroup",300900,"Stop",0,300921,"completed","","C:/Users/roger/social_sim_unity/Assets\../Output/MetaActionFeatures\meta_features_scenario_045_leave_group_Stop_rollout0_seed300921_pilot_50x7x2_scenario_045_leave_group_Stop_rollout_0_20260701_182127_389.csv"
"pilot_50x7x2","scenario_045_leave_group","leave_group","LeaveGroup",300900,"Stop",1,300922,"completed","","C:/Users/roger/social_sim_unity/Assets\../Output/MetaActionFeatures\meta_features_scenario_045_leave_group_Stop_rollout1_seed300922_pilot_50x7x2_scenario_045_leave_group_Stop_rollout_1_20260701_182140_587.csv"
"pilot_50x7x2","scenario_045_leave_group","leave_group","LeaveGroup",300900,"Left",0,300931,"completed","","C:/Users/roger/social_sim_unity/Assets\../Output/MetaActionFeatures\meta_features_scenario_045_leave_group_Left_rollout0_seed300931_pilot_50x7x2_scenario_045_leave_group_Left_rollout_0_20260701_182153_728.csv"
"pilot_50x7x2","scenario_045_leave_group","leave_group","LeaveGroup",300900,"Left",1,300932,"completed","","C:/Users/roger/social_sim_unity/Assets\../Output/MetaActionFeatures\meta_features_scenario_045_leave_group_Left_rollout1_seed300932_pilot_50x7x2_scenario_045_leave_group_Left_rollout_1_20260701_182206_864.csv"
"pilot_50x7x2","scenario_045_leave_group","leave_group","LeaveGroup",300900,"Right",0,300941,"completed","","C:/Users/roger/social_sim_unity/Assets\../Output/MetaActionFeatures\meta_features_scenario_045_leave_group_Right_rollout0_seed300941_pilot_50x7x2_scenario_045_leave_group_Right_rollout_0_20260701_182220_084.csv"
"pilot_50x7x2","scenario_045_leave_group","leave_group","LeaveGroup",300900,"Right",1,300942,"completed","","C:/Users/roger/social_sim_unity/Assets\../Output/MetaActionFeatures\meta_features_scenario_045_leave_group_Right_rollout1_seed300942_pilot_50x7x2_scenario_045_leave_group_Right_rollout_1_20260701_182233_204.csv"
"pilot_50x7x2","scenario_045_leave_group","leave_group","LeaveGroup",300900,"ForwardLeft",0,300951,"completed","","C:/Users/roger/social_sim_unity/Assets\../Output/MetaActionFeatures\meta_features_scenario_045_leave_group_ForwardLeft_rollout0_seed300951_pilot_50x7x2_scenario_045_leave_group_ForwardLeft_rollout_0_20260701_182246_378.csv"
"pilot_50x7x2","scenario_045_leave_group","leave_group","LeaveGroup",300900,"ForwardLeft",1,300952,"completed","","C:/Users/roger/social_sim_unity/Assets\../Output/MetaActionFeatures\meta_features_scenario_045_leave_group_ForwardLeft_rollout1_seed300952_pilot_50x7x2_scenario_045_leave_group_ForwardLeft_rollout_1_20260701_182300_212.csv"
"pilot_50x7x2","scenario_045_leave_group","leave_group","LeaveGroup",300900,"ForwardRight",0,300961,"completed","","C:/Users/roger/social_sim_unity/Assets\../Output/MetaActionFeatures\meta_features_scenario_045_leave_group_ForwardRight_rollout0_seed300961_pilot_50x7x2_scenario_045_leave_group_ForwardRight_rollout_0_20260701_182313_306.csv"
"pilot_50x7x2","scenario_045_leave_group","leave_group","LeaveGroup",300900,"ForwardRight",1,300962,"completed","","C:/Users/roger/social_sim_unity/Assets\../Output/MetaActionFeatures\meta_features_scenario_045_leave_group_ForwardRight_rollout1_seed300962_pilot_50x7x2_scenario_045_leave_group_ForwardRight_rollout_1_20260701_182326_487.csv"
"pilot_50x7x2","scenario_046_leave_group","leave_group","LeaveGroup",301000,"Straight",0,301001,"completed","","C:/Users/roger/social_sim_unity/Assets\../Output/MetaActionFeatures\meta_features_scenario_046_leave_group_Straight_rollout0_seed301001_pilot_50x7x2_scenario_046_leave_group_Straight_rollout_0_20260701_182343_698.csv"
"pilot_50x7x2","scenario_046_leave_group","leave_group","LeaveGroup",301000,"Straight",1,301002,"completed","","C:/Users/roger/social_sim_unity/Assets\../Output/MetaActionFeatures\meta_features_scenario_046_leave_group_Straight_rollout1_seed301002_pilot_50x7x2_scenario_046_leave_group_Straight_rollout_1_20260701_182356_847.csv"
"pilot_50x7x2","scenario_046_leave_group","leave_group","LeaveGroup",301000,"SlowDown",0,301011,"completed","","C:/Users/roger/social_sim_unity/Assets\../Output/MetaActionFeatures\meta_features_scenario_046_leave_group_SlowDown_rollout0_seed301011_pilot_50x7x2_scenario_046_leave_group_SlowDown_rollout_0_20260701_182410_011.csv"
"pilot_50x7x2","scenario_046_leave_group","leave_group","LeaveGroup",301000,"SlowDown",1,301012,"completed","","C:/Users/roger/social_sim_unity/Assets\../Output/MetaActionFeatures\meta_features_scenario_046_leave_group_SlowDown_rollout1_seed301012_pilot_50x7x2_scenario_046_leave_group_SlowDown_rollout_1_20260701_182423_207.csv"
"pilot_50x7x2","scenario_046_leave_group","leave_group","LeaveGroup",301000,"Stop",0,301021,"completed","","C:/Users/roger/social_sim_unity/Assets\../Output/MetaActionFeatures\meta_features_scenario_046_leave_group_Stop_rollout0_seed301021_pilot_50x7x2_scenario_046_leave_group_Stop_rollout_0_20260701_182436_754.csv"
"pilot_50x7x2","scenario_046_leave_group","leave_group","LeaveGroup",301000,"Stop",1,301022,"completed","","C:/Users/roger/social_sim_unity/Assets\../Output/MetaActionFeatures\meta_features_scenario_046_leave_group_Stop_rollout1_seed301022_pilot_50x7x2_scenario_046_leave_group_Stop_rollout_1_20260701_182449_859.csv"
"pilot_50x7x2","scenario_046_leave_group","leave_group","LeaveGroup",301000,"Left",0,301031,"completed","","C:/Users/roger/social_sim_unity/Assets\../Output/MetaActionFeatures\meta_features_scenario_046_leave_group_Left_rollout0_seed301031_pilot_50x7x2_scenario_046_leave_group_Left_rollout_0_20260701_182502_976.csv"
"pilot_50x7x2","scenario_046_leave_group","leave_group","LeaveGroup",301000,"Left",1,301032,"completed","","C:/Users/roger/social_sim_unity/Assets\../Output/MetaActionFeatures\meta_features_scenario_046_leave_group_Left_rollout1_seed301032_pilot_50x7x2_scenario_046_leave_group_Left_rollout_1_20260701_182516_095.csv"
"pilot_50x7x2","scenario_046_leave_group","leave_group","LeaveGroup",301000,"Right",0,301041,"completed","","C:/Users/roger/social_sim_unity/Assets\../Output/MetaActionFeatures\meta_features_scenario_046_leave_group_Right_rollout0_seed301041_pilot_50x7x2_scenario_046_leave_group_Right_rollout_0_20260701_182529_250.csv"
"pilot_50x7x2","scenario_046_leave_group","leave_group","LeaveGroup",301000,"Right",1,301042,"completed","","C:/Users/roger/social_sim_unity/Assets\../Output/MetaActionFeatures\meta_features_scenario_046_leave_group_Right_rollout1_seed301042_pilot_50x7x2_scenario_046_leave_group_Right_rollout_1_20260701_182542_353.csv"
"pilot_50x7x2","scenario_046_leave_group","leave_group","LeaveGroup",301000,"ForwardLeft",0,301051,"completed","","C:/Users/roger/social_sim_unity/Assets\../Output/MetaActionFeatures\meta_features_scenario_046_leave_group_ForwardLeft_rollout0_seed301051_pilot_50x7x2_scenario_046_leave_group_ForwardLeft_rollout_0_20260701_182555_437.csv"
"pilot_50x7x2","scenario_046_leave_group","leave_group","LeaveGroup",301000,"ForwardLeft",1,301052,"completed","","C:/Users/roger/social_sim_unity/Assets\../Output/MetaActionFeatures\meta_features_scenario_046_leave_group_ForwardLeft_rollout1_seed301052_pilot_50x7x2_scenario_046_leave_group_ForwardLeft_rollout_1_20260701_182609_004.csv"
"pilot_50x7x2","scenario_046_leave_group","leave_group","LeaveGroup",301000,"ForwardRight",0,301061,"completed","","C:/Users/roger/social_sim_unity/Assets\../Output/MetaActionFeatures\meta_features_scenario_046_leave_group_ForwardRight_rollout0_seed301061_pilot_50x7x2_scenario_046_leave_group_ForwardRight_rollout_0_20260701_182622_145.csv"
"pilot_50x7x2","scenario_046_leave_group","leave_group","LeaveGroup",301000,"ForwardRight",1,301062,"completed","","C:/Users/roger/social_sim_unity/Assets\../Output/MetaActionFeatures\meta_features_scenario_046_leave_group_ForwardRight_rollout1_seed301062_pilot_50x7x2_scenario_046_leave_group_ForwardRight_rollout_1_20260701_182635_241.csv"
"pilot_50x7x2","scenario_047_leave_group","leave_group","LeaveGroup",301100,"Straight",0,301101,"completed","","C:/Users/roger/social_sim_unity/Assets\../Output/MetaActionFeatures\meta_features_scenario_047_leave_group_Straight_rollout0_seed301101_pilot_50x7x2_scenario_047_leave_group_Straight_rollout_0_20260701_182652_844.csv"
"pilot_50x7x2","scenario_047_leave_group","leave_group","LeaveGroup",301100,"Straight",1,301102,"completed","","C:/Users/roger/social_sim_unity/Assets\../Output/MetaActionFeatures\meta_features_scenario_047_leave_group_Straight_rollout1_seed301102_pilot_50x7x2_scenario_047_leave_group_Straight_rollout_1_20260701_182705_958.csv"
"pilot_50x7x2","scenario_047_leave_group","leave_group","LeaveGroup",301100,"SlowDown",0,301111,"completed","","C:/Users/roger/social_sim_unity/Assets\../Output/MetaActionFeatures\meta_features_scenario_047_leave_group_SlowDown_rollout0_seed301111_pilot_50x7x2_scenario_047_leave_group_SlowDown_rollout_0_20260701_182719_118.csv"
"pilot_50x7x2","scenario_047_leave_group","leave_group","LeaveGroup",301100,"SlowDown",1,301112,"completed","","C:/Users/roger/social_sim_unity/Assets\../Output/MetaActionFeatures\meta_features_scenario_047_leave_group_SlowDown_rollout1_seed301112_pilot_50x7x2_scenario_047_leave_group_SlowDown_rollout_1_20260701_182732_780.csv"
"pilot_50x7x2","scenario_047_leave_group","leave_group","LeaveGroup",301100,"Stop",0,301121,"completed","","C:/Users/roger/social_sim_unity/Assets\../Output/MetaActionFeatures\meta_features_scenario_047_leave_group_Stop_rollout0_seed301121_pilot_50x7x2_scenario_047_leave_group_Stop_rollout_0_20260701_182746_034.csv"
"pilot_50x7x2","scenario_047_leave_group","leave_group","LeaveGroup",301100,"Stop",1,301122,"completed","","C:/Users/roger/social_sim_unity/Assets\../Output/MetaActionFeatures\meta_features_scenario_047_leave_group_Stop_rollout1_seed301122_pilot_50x7x2_scenario_047_leave_group_Stop_rollout_1_20260701_182759_248.csv"
"pilot_50x7x2","scenario_047_leave_group","leave_group","LeaveGroup",301100,"Left",0,301131,"completed","","C:/Users/roger/social_sim_unity/Assets\../Output/MetaActionFeatures\meta_features_scenario_047_leave_group_Left_rollout0_seed301131_pilot_50x7x2_scenario_047_leave_group_Left_rollout_0_20260701_182812_925.csv"
"pilot_50x7x2","scenario_047_leave_group","leave_group","LeaveGroup",301100,"Left",1,301132,"completed","","C:/Users/roger/social_sim_unity/Assets\../Output/MetaActionFeatures\meta_features_scenario_047_leave_group_Left_rollout1_seed301132_pilot_50x7x2_scenario_047_leave_group_Left_rollout_1_20260701_182825_999.csv"
"pilot_50x7x2","scenario_047_leave_group","leave_group","LeaveGroup",301100,"Right",0,301141,"completed","","C:/Users/roger/social_sim_unity/Assets\../Output/MetaActionFeatures\meta_features_scenario_047_leave_group_Right_rollout0_seed301141_pilot_50x7x2_scenario_047_leave_group_Right_rollout_0_20260701_182839_112.csv"
"pilot_50x7x2","scenario_047_leave_group","leave_group","LeaveGroup",301100,"Right",1,301142,"completed","","C:/Users/roger/social_sim_unity/Assets\../Output/MetaActionFeatures\meta_features_scenario_047_leave_group_Right_rollout1_seed301142_pilot_50x7x2_scenario_047_leave_group_Right_rollout_1_20260701_182852_448.csv"
"pilot_50x7x2","scenario_047_leave_group","leave_group","LeaveGroup",301100,"ForwardLeft",0,301151,"completed","","C:/Users/roger/social_sim_unity/Assets\../Output/MetaActionFeatures\meta_features_scenario_047_leave_group_ForwardLeft_rollout0_seed301151_pilot_50x7x2_scenario_047_leave_group_ForwardLeft_rollout_0_20260701_182906_315.csv"
"pilot_50x7x2","scenario_047_leave_group","leave_group","LeaveGroup",301100,"ForwardLeft",1,301152,"completed","","C:/Users/roger/social_sim_unity/Assets\../Output/MetaActionFeatures\meta_features_scenario_047_leave_group_ForwardLeft_rollout1_seed301152_pilot_50x7x2_scenario_047_leave_group_ForwardLeft_rollout_1_20260701_182919_555.csv"
"pilot_50x7x2","scenario_047_leave_group","leave_group","LeaveGroup",301100,"ForwardRight",0,301161,"completed","","C:/Users/roger/social_sim_unity/Assets\../Output/MetaActionFeatures\meta_features_scenario_047_leave_group_ForwardRight_rollout0_seed301161_pilot_50x7x2_scenario_047_leave_group_ForwardRight_rollout_0_20260701_182932_660.csv"
"pilot_50x7x2","scenario_047_leave_group","leave_group","LeaveGroup",301100,"ForwardRight",1,301162,"completed","","C:/Users/roger/social_sim_unity/Assets\../Output/MetaActionFeatures\meta_features_scenario_047_leave_group_ForwardRight_rollout1_seed301162_pilot_50x7x2_scenario_047_leave_group_ForwardRight_rollout_1_20260701_182945_806.csv"
"pilot_50x7x2","scenario_048_leave_group","leave_group","LeaveGroup",301200,"Straight",0,301201,"completed","","C:/Users/roger/social_sim_unity/Assets\../Output/MetaActionFeatures\meta_features_scenario_048_leave_group_Straight_rollout0_seed301201_pilot_50x7x2_scenario_048_leave_group_Straight_rollout_0_20260701_183002_971.csv"
"pilot_50x7x2","scenario_048_leave_group","leave_group","LeaveGroup",301200,"Straight",1,301202,"completed","","C:/Users/roger/social_sim_unity/Assets\../Output/MetaActionFeatures\meta_features_scenario_048_leave_group_Straight_rollout1_seed301202_pilot_50x7x2_scenario_048_leave_group_Straight_rollout_1_20260701_183016_236.csv"
"pilot_50x7x2","scenario_048_leave_group","leave_group","LeaveGroup",301200,"SlowDown",0,301211,"completed","","C:/Users/roger/social_sim_unity/Assets\../Output/MetaActionFeatures\meta_features_scenario_048_leave_group_SlowDown_rollout0_seed301211_pilot_50x7x2_scenario_048_leave_group_SlowDown_rollout_0_20260701_183029_927.csv"
"pilot_50x7x2","scenario_048_leave_group","leave_group","LeaveGroup",301200,"SlowDown",1,301212,"completed","","C:/Users/roger/social_sim_unity/Assets\../Output/MetaActionFeatures\meta_features_scenario_048_leave_group_SlowDown_rollout1_seed301212_pilot_50x7x2_scenario_048_leave_group_SlowDown_rollout_1_20260701_183043_571.csv"
"pilot_50x7x2","scenario_048_leave_group","leave_group","LeaveGroup",301200,"Stop",0,301221,"completed","","C:/Users/roger/social_sim_unity/Assets\../Output/MetaActionFeatures\meta_features_scenario_048_leave_group_Stop_rollout0_seed301221_pilot_50x7x2_scenario_048_leave_group_Stop_rollout_0_20260701_183056_735.csv"
"pilot_50x7x2","scenario_048_leave_group","leave_group","LeaveGroup",301200,"Stop",1,301222,"completed","","C:/Users/roger/social_sim_unity/Assets\../Output/MetaActionFeatures\meta_features_scenario_048_leave_group_Stop_rollout1_seed301222_pilot_50x7x2_scenario_048_leave_group_Stop_rollout_1_20260701_183109_826.csv"
"pilot_50x7x2","scenario_048_leave_group","leave_group","LeaveGroup",301200,"Left",0,301231,"completed","","C:/Users/roger/social_sim_unity/Assets\../Output/MetaActionFeatures\meta_features_scenario_048_leave_group_Left_rollout0_seed301231_pilot_50x7x2_scenario_048_leave_group_Left_rollout_0_20260701_183122_990.csv"
"pilot_50x7x2","scenario_048_leave_group","leave_group","LeaveGroup",301200,"Left",1,301232,"completed","","C:/Users/roger/social_sim_unity/Assets\../Output/MetaActionFeatures\meta_features_scenario_048_leave_group_Left_rollout1_seed301232_pilot_50x7x2_scenario_048_leave_group_Left_rollout_1_20260701_183136_112.csv"
"pilot_50x7x2","scenario_048_leave_group","leave_group","LeaveGroup",301200,"Right",0,301241,"completed","","C:/Users/roger/social_sim_unity/Assets\../Output/MetaActionFeatures\meta_features_scenario_048_leave_group_Right_rollout0_seed301241_pilot_50x7x2_scenario_048_leave_group_Right_rollout_0_20260701_183149_196.csv"
"pilot_50x7x2","scenario_048_leave_group","leave_group","LeaveGroup",301200,"Right",1,301242,"completed","","C:/Users/roger/social_sim_unity/Assets\../Output/MetaActionFeatures\meta_features_scenario_048_leave_group_Right_rollout1_seed301242_pilot_50x7x2_scenario_048_leave_group_Right_rollout_1_20260701_183202_294.csv"
"pilot_50x7x2","scenario_048_leave_group","leave_group","LeaveGroup",301200,"ForwardLeft",0,301251,"completed","","C:/Users/roger/social_sim_unity/Assets\../Output/MetaActionFeatures\meta_features_scenario_048_leave_group_ForwardLeft_rollout0_seed301251_pilot_50x7x2_scenario_048_leave_group_ForwardLeft_rollout_0_20260701_183215_436.csv"
"pilot_50x7x2","scenario_048_leave_group","leave_group","LeaveGroup",301200,"ForwardLeft",1,301252,"completed","","C:/Users/roger/social_sim_unity/Assets\../Output/MetaActionFeatures\meta_features_scenario_048_leave_group_ForwardLeft_rollout1_seed301252_pilot_50x7x2_scenario_048_leave_group_ForwardLeft_rollout_1_20260701_183228_523.csv"
"pilot_50x7x2","scenario_048_leave_group","leave_group","LeaveGroup",301200,"ForwardRight",0,301261,"completed","","C:/Users/roger/social_sim_unity/Assets\../Output/MetaActionFeatures\meta_features_scenario_048_leave_group_ForwardRight_rollout0_seed301261_pilot_50x7x2_scenario_048_leave_group_ForwardRight_rollout_0_20260701_183241_726.csv"
"pilot_50x7x2","scenario_048_leave_group","leave_group","LeaveGroup",301200,"ForwardRight",1,301262,"completed","","C:/Users/roger/social_sim_unity/Assets\../Output/MetaActionFeatures\meta_features_scenario_048_leave_group_ForwardRight_rollout1_seed301262_pilot_50x7x2_scenario_048_leave_group_ForwardRight_rollout_1_20260701_183254_874.csv"
"pilot_50x7x2","scenario_049_leave_group","leave_group","LeaveGroup",301300,"Straight",0,301301,"completed","","C:/Users/roger/social_sim_unity/Assets\../Output/MetaActionFeatures\meta_features_scenario_049_leave_group_Straight_rollout0_seed301301_pilot_50x7x2_scenario_049_leave_group_Straight_rollout_0_20260701_183312_904.csv"
"pilot_50x7x2","scenario_049_leave_group","leave_group","LeaveGroup",301300,"Straight",1,301302,"completed","","C:/Users/roger/social_sim_unity/Assets\../Output/MetaActionFeatures\meta_features_scenario_049_leave_group_Straight_rollout1_seed301302_pilot_50x7x2_scenario_049_leave_group_Straight_rollout_1_20260701_183326_038.csv"
"pilot_50x7x2","scenario_049_leave_group","leave_group","LeaveGroup",301300,"SlowDown",0,301311,"completed","","C:/Users/roger/social_sim_unity/Assets\../Output/MetaActionFeatures\meta_features_scenario_049_leave_group_SlowDown_rollout0_seed301311_pilot_50x7x2_scenario_049_leave_group_SlowDown_rollout_0_20260701_183339_142.csv"
"pilot_50x7x2","scenario_049_leave_group","leave_group","LeaveGroup",301300,"SlowDown",1,301312,"completed","","C:/Users/roger/social_sim_unity/Assets\../Output/MetaActionFeatures\meta_features_scenario_049_leave_group_SlowDown_rollout1_seed301312_pilot_50x7x2_scenario_049_leave_group_SlowDown_rollout_1_20260701_183352_400.csv"
"pilot_50x7x2","scenario_049_leave_group","leave_group","LeaveGroup",301300,"Stop",0,301321,"completed","","C:/Users/roger/social_sim_unity/Assets\../Output/MetaActionFeatures\meta_features_scenario_049_leave_group_Stop_rollout0_seed301321_pilot_50x7x2_scenario_049_leave_group_Stop_rollout_0_20260701_183405_569.csv"
"pilot_50x7x2","scenario_049_leave_group","leave_group","LeaveGroup",301300,"Stop",1,301322,"completed","","C:/Users/roger/social_sim_unity/Assets\../Output/MetaActionFeatures\meta_features_scenario_049_leave_group_Stop_rollout1_seed301322_pilot_50x7x2_scenario_049_leave_group_Stop_rollout_1_20260701_183418_671.csv"
"pilot_50x7x2","scenario_049_leave_group","leave_group","LeaveGroup",301300,"Left",0,301331,"completed","","C:/Users/roger/social_sim_unity/Assets\../Output/MetaActionFeatures\meta_features_scenario_049_leave_group_Left_rollout0_seed301331_pilot_50x7x2_scenario_049_leave_group_Left_rollout_0_20260701_183431_782.csv"
"pilot_50x7x2","scenario_049_leave_group","leave_group","LeaveGroup",301300,"Left",1,301332,"completed","","C:/Users/roger/social_sim_unity/Assets\../Output/MetaActionFeatures\meta_features_scenario_049_leave_group_Left_rollout1_seed301332_pilot_50x7x2_scenario_049_leave_group_Left_rollout_1_20260701_183445_188.csv"
"pilot_50x7x2","scenario_049_leave_group","leave_group","LeaveGroup",301300,"Right",0,301341,"completed","","C:/Users/roger/social_sim_unity/Assets\../Output/MetaActionFeatures\meta_features_scenario_049_leave_group_Right_rollout0_seed301341_pilot_50x7x2_scenario_049_leave_group_Right_rollout_0_20260701_183458_292.csv"
"pilot_50x7x2","scenario_049_leave_group","leave_group","LeaveGroup",301300,"Right",1,301342,"completed","","C:/Users/roger/social_sim_unity/Assets\../Output/MetaActionFeatures\meta_features_scenario_049_leave_group_Right_rollout1_seed301342_pilot_50x7x2_scenario_049_leave_group_Right_rollout_1_20260701_183511_420.csv"
"pilot_50x7x2","scenario_049_leave_group","leave_group","LeaveGroup",301300,"ForwardLeft",0,301351,"completed","","C:/Users/roger/social_sim_unity/Assets\../Output/MetaActionFeatures\meta_features_scenario_049_leave_group_ForwardLeft_rollout0_seed301351_pilot_50x7x2_scenario_049_leave_group_ForwardLeft_rollout_0_20260701_183524_478.csv"
"pilot_50x7x2","scenario_049_leave_group","leave_group","LeaveGroup",301300,"ForwardLeft",1,301352,"completed","","C:/Users/roger/social_sim_unity/Assets\../Output/MetaActionFeatures\meta_features_scenario_049_leave_group_ForwardLeft_rollout1_seed301352_pilot_50x7x2_scenario_049_leave_group_ForwardLeft_rollout_1_20260701_183537_579.csv"
"pilot_50x7x2","scenario_049_leave_group","leave_group","LeaveGroup",301300,"ForwardRight",0,301361,"completed","","C:/Users/roger/social_sim_unity/Assets\../Output/MetaActionFeatures\meta_features_scenario_049_leave_group_ForwardRight_rollout0_seed301361_pilot_50x7x2_scenario_049_leave_group_ForwardRight_rollout_0_20260701_183550_781.csv"
"pilot_50x7x2","scenario_049_leave_group","leave_group","LeaveGroup",301300,"ForwardRight",1,301362,"completed","","C:/Users/roger/social_sim_unity/Assets\../Output/MetaActionFeatures\meta_features_scenario_049_leave_group_ForwardRight_rollout1_seed301362_pilot_50x7x2_scenario_049_leave_group_ForwardRight_rollout_1_20260701_183603_991.csv"
"pilot_50x7x2","scenario_050_leave_group","leave_group","LeaveGroup",301400,"Straight",0,301401,"completed","","C:/Users/roger/social_sim_unity/Assets\../Output/MetaActionFeatures\meta_features_scenario_050_leave_group_Straight_rollout0_seed301401_pilot_50x7x2_scenario_050_leave_group_Straight_rollout_0_20260701_183623_060.csv"
"pilot_50x7x2","scenario_050_leave_group","leave_group","LeaveGroup",301400,"Straight",1,301402,"completed","","C:/Users/roger/social_sim_unity/Assets\../Output/MetaActionFeatures\meta_features_scenario_050_leave_group_Straight_rollout1_seed301402_pilot_50x7x2_scenario_050_leave_group_Straight_rollout_1_20260701_183636_140.csv"
"pilot_50x7x2","scenario_050_leave_group","leave_group","LeaveGroup",301400,"SlowDown",0,301411,"completed","","C:/Users/roger/social_sim_unity/Assets\../Output/MetaActionFeatures\meta_features_scenario_050_leave_group_SlowDown_rollout0_seed301411_pilot_50x7x2_scenario_050_leave_group_SlowDown_rollout_0_20260701_183649_220.csv"
"pilot_50x7x2","scenario_050_leave_group","leave_group","LeaveGroup",301400,"SlowDown",1,301412,"completed","","C:/Users/roger/social_sim_unity/Assets\../Output/MetaActionFeatures\meta_features_scenario_050_leave_group_SlowDown_rollout1_seed301412_pilot_50x7x2_scenario_050_leave_group_SlowDown_rollout_1_20260701_183702_299.csv"
"pilot_50x7x2","scenario_050_leave_group","leave_group","LeaveGroup",301400,"Stop",0,301421,"completed","","C:/Users/roger/social_sim_unity/Assets\../Output/MetaActionFeatures\meta_features_scenario_050_leave_group_Stop_rollout0_seed301421_pilot_50x7x2_scenario_050_leave_group_Stop_rollout_0_20260701_183715_707.csv"
"pilot_50x7x2","scenario_050_leave_group","leave_group","LeaveGroup",301400,"Stop",1,301422,"completed","","C:/Users/roger/social_sim_unity/Assets\../Output/MetaActionFeatures\meta_features_scenario_050_leave_group_Stop_rollout1_seed301422_pilot_50x7x2_scenario_050_leave_group_Stop_rollout_1_20260701_183728_818.csv"
"pilot_50x7x2","scenario_050_leave_group","leave_group","LeaveGroup",301400,"Left",0,301431,"completed","","C:/Users/roger/social_sim_unity/Assets\../Output/MetaActionFeatures\meta_features_scenario_050_leave_group_Left_rollout0_seed301431_pilot_50x7x2_scenario_050_leave_group_Left_rollout_0_20260701_183741_980.csv"
"pilot_50x7x2","scenario_050_leave_group","leave_group","LeaveGroup",301400,"Left",1,301432,"completed","","C:/Users/roger/social_sim_unity/Assets\../Output/MetaActionFeatures\meta_features_scenario_050_leave_group_Left_rollout1_seed301432_pilot_50x7x2_scenario_050_leave_group_Left_rollout_1_20260701_183755_250.csv"
"pilot_50x7x2","scenario_050_leave_group","leave_group","LeaveGroup",301400,"Right",0,301441,"completed","","C:/Users/roger/social_sim_unity/Assets\../Output/MetaActionFeatures\meta_features_scenario_050_leave_group_Right_rollout0_seed301441_pilot_50x7x2_scenario_050_leave_group_Right_rollout_0_20260701_183808_375.csv"
"pilot_50x7x2","scenario_050_leave_group","leave_group","LeaveGroup",301400,"Right",1,301442,"completed","","C:/Users/roger/social_sim_unity/Assets\../Output/MetaActionFeatures\meta_features_scenario_050_leave_group_Right_rollout1_seed301442_pilot_50x7x2_scenario_050_leave_group_Right_rollout_1_20260701_183821_466.csv"
"pilot_50x7x2","scenario_050_leave_group","leave_group","LeaveGroup",301400,"ForwardLeft",0,301451,"completed","","C:/Users/roger/social_sim_unity/Assets\../Output/MetaActionFeatures\meta_features_scenario_050_leave_group_ForwardLeft_rollout0_seed301451_pilot_50x7x2_scenario_050_leave_group_ForwardLeft_rollout_0_20260701_183834_729.csv"
"pilot_50x7x2","scenario_050_leave_group","leave_group","LeaveGroup",301400,"ForwardLeft",1,301452,"completed","","C:/Users/roger/social_sim_unity/Assets\../Output/MetaActionFeatures\meta_features_scenario_050_leave_group_ForwardLeft_rollout1_seed301452_pilot_50x7x2_scenario_050_leave_group_ForwardLeft_rollout_1_20260701_183847_861.csv"
"pilot_50x7x2","scenario_050_leave_group","leave_group","LeaveGroup",301400,"ForwardRight",0,301461,"completed","","C:/Users/roger/social_sim_unity/Assets\../Output/MetaActionFeatures\meta_features_scenario_050_leave_group_ForwardRight_rollout0_seed301461_pilot_50x7x2_scenario_050_leave_group_ForwardRight_rollout_0_20260701_183901_048.csv"
"pilot_50x7x2","scenario_050_leave_group","leave_group","LeaveGroup",301400,"ForwardRight",1,301462,"completed","","C:/Users/roger/social_sim_unity/Assets\../Output/MetaActionFeatures\meta_features_scenario_050_leave_group_ForwardRight_rollout1_seed301462_pilot_50x7x2_scenario_050_leave_group_ForwardRight_rollout_1_20260701_183914_170.csv"
